CRASH_DATE,POSTED_SPEED_LIMIT,WEATHER_CONDITION,LIGHTING_CONDITION,FIRST_CRASH_TYPE,TRAFFICWAY_TYPE,ALIGNMENT,ROADWAY_SURFACE_COND,ROAD_DEFECT,INTERSECTION_RELATED_I,PRIM_CONTRIBUTORY_CAUSE,BEAT_OF_OCCURRENCE,NUM_UNITS,CRASH_MONTH,INJURIES_TOTAL,CRASH_DAY_OF_WEEK,LATITUDE,LONGITUDE,week,day_of_week,day_name,month,hour,time_of_day,is_weekend,incident_occurred
2026-01-02 00:47:00,35,CLEAR,DAYLIGHT,PARKED MOTOR VEHICLE,ONE-WAY,STRAIGHT AND LEVEL,WET,NO DEFECTS,N,IMPROPER OVERTAKING/PASSING,BEAT_112,2,1,0,5,42.061101,-87.485343,1,4,Friday,1,0,Night,0,0
2026-01-02 06:20:00,25,CLEAR,DAYLIGHT,PARKED MOTOR VEHICLE,T-INTERSECTION,STRAIGHT AND LEVEL,WET,WORN SURFACE,N,DISREGARDING TRAFFIC SIGNALS,BEAT_120,2,1,0,5,42.174462,-87.387097,1,4,Friday,1,6,Morning_Rush,0,0
2026-01-02 14:05:00,50,CLEAR,DAYLIGHT,SIDESWIPE SAME DIRECTION,ALLEY,STRAIGHT AND LEVEL,DRY,NO DEFECTS,N,DRIVING SKILLS/KNOWLEDGE/EXPERIENCE,BEAT_115,2,1,0,5,42.10778,-87.445346,1,4,Friday,1,14,Midday,0,0
2026-01-02 22:36:00,40,CLEAR,DAYLIGHT,SIDESWIPE SAME DIRECTION,NOT DIVIDED,STRAIGHT AND LEVEL,DRY,NO DEFECTS,N,FOLLOWING TOO CLOSELY,BEAT_105,1,1,0,5,41.952778,-87.572008,1,4,Friday,1,22,Night,0,0
2026-01-02 23:30:00,40,CLEAR,DAYLIGHT,PARKED MOTOR VEHICLE,ONE-WAY,STRAIGHT AND LEVEL,DRY,NO DEFECTS,Y,FOLLOWING TOO CLOSELY,BEAT_102,2,1,0,5,41.907545,-87.602164,1,4,Friday,1,23,Night,0,0
2026-01-09 04:31:00,30,RAIN,"DARKNESS, LIGHTED ROAD",ANGLE,NOT DIVIDED,"CURVE, LEVEL",WET,NO DEFECTS,Y,IMPROPER OVERTAKING/PASSING,BEAT_108,3,1,1,5,41.990432,-87.533472,2,4,Friday,1,4,Night,0,1
2026-01-09 05:37:00,40,CLEAR,"DARKNESS, LIGHTED ROAD",REAR END,NOT DIVIDED,STRAIGHT AND LEVEL,SNOW OR SLUSH,NO DEFECTS,Y,PHYSICAL CONDITION OF DRIVER,BEAT_118,2,1,1,5,42.148725,-87.413926,2,4,Friday,1,5,Night,0,1
2026-01-09 05:42:00,30,CLEAR,DAYLIGHT,REAR END,T-INTERSECTION,STRAIGHT AND LEVEL,DRY,NO DEFECTS,Y,DRIVING SKILLS/KNOWLEDGE/EXPERIENCE,BEAT_110,2,1,0,5,42.028403,-87.515579,2,4,Friday,1,5,Night,0,0
2026-01-09 07:18:00,30,CLEAR,DUSK,REAR END,NOT DIVIDED,STRAIGHT ON GRADE,DRY,NO DEFECTS,Y,WEATHER,BEAT_113,3,1,0,5,42.074454,-87.475543,2,4,Friday,1,7,Morning_Rush,0,0
2026-01-09 13:36:00,25,CLEAR,DARKNESS,SIDESWIPE SAME DIRECTION,DIVIDED - W/MEDIAN,STRAIGHT AND LEVEL,DRY,NO DEFECTS,N,FOLLOWING TOO CLOSELY,BEAT_119,2,1,0,5,42.166727,-87.398737,2,4,Friday,1,13,Midday,0,0
2026-01-09 18:22:00,30,CLEAR,DUSK,REAR END,FOUR WAY INTERSECTION,"CURVE, LEVEL",DRY,NO DEFECTS,Y,FOLLOWING TOO CLOSELY,BEAT_109,2,1,0,5,42.00866,-87.521204,2,4,Friday,1,18,Evening_Rush,0,0
2026-01-09 18:25:00,25,RAIN,DAYLIGHT,REAR END,NOT DIVIDED,CURVE ON GRADE,WET,NO DEFECTS,N,WEATHER,BEAT_102,2,1,2,5,41.908231,-87.602132,2,4,Friday,1,18,Evening_Rush,0,1
2026-01-09 19:54:00,30,CLEAR,DAYLIGHT,SIDESWIPE SAME DIRECTION,ONE-WAY,STRAIGHT AND LEVEL,DRY,NO DEFECTS,N,FAILING TO YIELD RIGHT-OF-WAY,BEAT_101,2,1,0,5,41.889099,-87.617477,2,4,Friday,1,19,Evening_Rush,0,0
2026-01-09 21:55:00,55,CLEAR,DAWN,REAR END,FOUR WAY INTERSECTION,STRAIGHT AND LEVEL,DRY,NO DEFECTS,Y,FOLLOWING TOO CLOSELY,BEAT_120,2,1,0,5,42.17174,-87.392615,2,4,Friday,1,21,Night,0,0
2026-01-16 00:47:00,55,CLEAR,DAWN,ANGLE,DIVIDED - W/MEDIAN,STRAIGHT AND LEVEL,WET,NO DEFECTS,N,DISREGARDING TRAFFIC SIGNALS,BEAT_102,2,1,0,5,41.910774,-87.606413,3,4,Friday,1,0,Night,0,0
2026-01-16 02:14:00,25,CLEAR,"DARKNESS, LIGHTED ROAD",SIDESWIPE SAME DIRECTION,NOT DIVIDED,STRAIGHT AND LEVEL,WET,WORN SURFACE,Y,FOLLOWING TOO CLOSELY,BEAT_107,2,1,0,5,41.981229,-87.542227,3,4,Friday,1,2,Night,0,0
2026-01-16 02:46:00,25,CLEAR,DAYLIGHT,SIDESWIPE SAME DIRECTION,NOT DIVIDED,STRAIGHT AND LEVEL,DRY,NO DEFECTS,N,FOLLOWING TOO CLOSELY,BEAT_104,2,1,0,5,41.939565,-87.574715,3,4,Friday,1,2,Night,0,0
2026-01-16 05:28:00,50,CLEAR,DAYLIGHT,SIDESWIPE SAME DIRECTION,DIVIDED - W/MEDIAN,STRAIGHT AND LEVEL,WET,NO DEFECTS,N,FAILING TO YIELD RIGHT-OF-WAY,BEAT_109,2,1,1,5,42.011089,-87.515463,3,4,Friday,1,5,Night,0,1
2026-01-16 05:48:00,35,CLEAR,DARKNESS,REAR END,DIVIDED - W/MEDIAN,STRAIGHT AND LEVEL,DRY,NO DEFECTS,Y,FAILING TO YIELD RIGHT-OF-WAY,BEAT_101,2,1,0,5,41.891335,-87.619559,3,4,Friday,1,5,Night,0,0
2026-01-16 07:24:00,25,CLEAR,"DARKNESS, LIGHTED ROAD",PARKED MOTOR VEHICLE,DIVIDED - W/MEDIAN,STRAIGHT AND LEVEL,DRY,NO DEFECTS,N,FAILING TO YIELD RIGHT-OF-WAY,BEAT_105,2,1,0,5,41.95433,-87.569761,3,4,Friday,1,7,Morning_Rush,0,0
2026-01-16 12:02:00,30,CLEAR,DARKNESS,SIDESWIPE SAME DIRECTION,ONE-WAY,STRAIGHT AND LEVEL,WET,NO DEFECTS,Y,DRIVING SKILLS/KNOWLEDGE/EXPERIENCE,BEAT_116,2,1,0,5,42.116157,-87.440195,3,4,Friday,1,12,Midday,0,0
2026-01-16 15:12:00,40,CLEAR,DAYLIGHT,SIDESWIPE SAME DIRECTION,NOT DIVIDED,STRAIGHT AND LEVEL,DRY,NO DEFECTS,Y,FOLLOWING TOO CLOSELY,BEAT_110,2,1,1,5,42.027184,-87.50562,3,4,Friday,1,15,Midday,0,1
2026-01-16 18:09:00,20,CLEAR,DAYLIGHT,SIDESWIPE SAME DIRECTION,ONE-WAY,STRAIGHT AND LEVEL,DRY,NO DEFECTS,Y,PHYSICAL CONDITION OF DRIVER,BEAT_116,2,1,0,5,42.116461,-87.437685,3,4,Friday,1,18,Evening_Rush,0,0
2026-01-16 20:28:00,30,RAIN,DAYLIGHT,TURNING,NOT DIVIDED,STRAIGHT AND LEVEL,WET,NO DEFECTS,N,DISREGARDING TRAFFIC SIGNALS,BEAT_112,2,1,0,5,42.056046,-87.486083,3,4,Friday,1,20,Night,0,0
2026-01-16 21:13:00,35,RAIN,DAYLIGHT,PARKED MOTOR VEHICLE,DIVIDED - W/MEDIAN,"CURVE, LEVEL",WET,NO DEFECTS,N,FAILING TO YIELD RIGHT-OF-WAY,BEAT_120,2,1,0,5,42.180026,-87.392079,3,4,Friday,1,21,Night,0,0
2026-01-16 22:06:00,45,CLEAR,DAYLIGHT,ANGLE,NOT DIVIDED,STRAIGHT AND LEVEL,DRY,NO DEFECTS,Y,FAILING TO YIELD RIGHT-OF-WAY,BEAT_112,2,1,0,5,42.055703,-87.491741,3,4,Friday,1,22,Night,0,0
2026-01-23 06:39:00,25,RAIN,DAYLIGHT,SIDESWIPE SAME DIRECTION,NOT DIVIDED,"CURVE, LEVEL",WET,NO DEFECTS,N,WEATHER,BEAT_116,2,1,1,5,42.115631,-87.434445,4,4,Friday,1,6,Morning_Rush,0,1
2026-01-23 07:48:00,20,CLEAR,DAYLIGHT,FIXED OBJECT,NOT DIVIDED,STRAIGHT ON GRADE,DRY,NO DEFECTS,Y,FAILING TO YIELD RIGHT-OF-WAY,BEAT_113,2,1,0,5,42.075727,-87.471092,4,4,Friday,1,7,Morning_Rush,0,0
2026-01-23 09:08:00,30,RAIN,DAYLIGHT,SIDESWIPE SAME DIRECTION,ONE-WAY,STRAIGHT AND LEVEL,WET,NO DEFECTS,Y,FAILING TO YIELD RIGHT-OF-WAY,BEAT_103,1,1,0,5,41.925705,-87.598537,4,4,Friday,1,9,Morning_Rush,0,0
2026-01-23 12:08:00,25,CLEAR,DARKNESS,REAR END,FOUR WAY INTERSECTION,STRAIGHT AND LEVEL,DRY,NO DEFECTS,N,PHYSICAL CONDITION OF DRIVER,BEAT_117,2,1,0,5,42.136086,-87.422988,4,4,Friday,1,12,Midday,0,0
2026-01-23 13:04:00,25,CLEAR,DAYLIGHT,REAR END,FOUR WAY INTERSECTION,STRAIGHT AND LEVEL,SNOW OR SLUSH,NO DEFECTS,N,DRIVING SKILLS/KNOWLEDGE/EXPERIENCE,BEAT_102,1,1,0,5,41.906801,-87.610156,4,4,Friday,1,13,Midday,0,0
2026-01-23 15:36:00,30,RAIN,DAYLIGHT,REAR END,DIVIDED - W/MEDIAN,STRAIGHT AND LEVEL,WET,NO DEFECTS,N,DRIVING SKILLS/KNOWLEDGE/EXPERIENCE,BEAT_116,2,1,0,5,42.115972,-87.440349,4,4,Friday,1,15,Midday,0,0
2026-01-23 15:44:00,25,CLEAR,DAYLIGHT,REAR END,ONE-WAY,STRAIGHT AND LEVEL,SNOW OR SLUSH,"RUT, HOLES",N,FAILING TO YIELD RIGHT-OF-WAY,BEAT_111,2,1,0,5,42.048674,-87.494321,4,4,Friday,1,15,Midday,0,0
2026-01-23 22:58:00,55,CLEAR,"DARKNESS, LIGHTED ROAD",SIDESWIPE SAME DIRECTION,NOT DIVIDED,STRAIGHT AND LEVEL,SNOW OR SLUSH,NO DEFECTS,N,FAILING TO YIELD RIGHT-OF-WAY,BEAT_116,2,1,1,5,42.117562,-87.43813,4,4,Friday,1,22,Night,0,1
2026-01-30 01:23:00,30,RAIN,DAYLIGHT,ANGLE,FOUR WAY INTERSECTION,STRAIGHT ON GRADE,WET,NO DEFECTS,N,FAILING TO YIELD RIGHT-OF-WAY,BEAT_110,2,1,0,5,42.029743,-87.513731,5,4,Friday,1,1,Night,0,0
2026-01-30 03:44:00,45,CLEAR,DAYLIGHT,REAR END,T-INTERSECTION,STRAIGHT AND LEVEL,DRY,NO DEFECTS,N,WEATHER,BEAT_106,1,1,1,5,41.966566,-87.556504,5,4,Friday,1,3,Night,0,1
2026-01-30 03:48:00,45,CLEAR,DAYLIGHT,ANGLE,ONE-WAY,STRAIGHT ON GRADE,DRY,NO DEFECTS,Y,DRIVING SKILLS/KNOWLEDGE/EXPERIENCE,BEAT_111,2,1,1,5,42.044533,-87.499354,5,4,Friday,1,3,Night,0,1
2026-01-30 07:33:00,35,RAIN,DAYLIGHT,REAR END,DIVIDED - W/MEDIAN,STRAIGHT AND LEVEL,WET,NO DEFECTS,N,FOLLOWING TOO CLOSELY,BEAT_115,2,1,0,5,42.102303,-87.44669,5,4,Friday,1,7,Morning_Rush,0,0
2026-01-30 13:53:00,50,RAIN,DUSK,PARKED MOTOR VEHICLE,NOT DIVIDED,STRAIGHT AND LEVEL,SNOW OR SLUSH,"RUT, HOLES",N,WEATHER,BEAT_102,2,1,0,5,41.909664,-87.60254,5,4,Friday,1,13,Midday,0,0
2026-01-30 16:14:00,20,SNOW,DARKNESS,REAR END,DIVIDED - W/MEDIAN,STRAIGHT AND LEVEL,WET,NO DEFECTS,Y,DRIVING SKILLS/KNOWLEDGE/EXPERIENCE,BEAT_120,2,1,0,5,42.179072,-87.386386,5,4,Friday,1,16,Evening_Rush,0,0
2026-01-30 17:04:00,55,CLEAR,DAYLIGHT,TURNING,DIVIDED - W/MEDIAN,STRAIGHT AND LEVEL,DRY,NO DEFECTS,Y,WEATHER,BEAT_106,3,1,0,5,41.965846,-87.552446,5,4,Friday,1,17,Evening_Rush,0,0
2026-01-30 18:23:00,30,CLEAR,DAYLIGHT,SIDESWIPE SAME DIRECTION,NOT DIVIDED,STRAIGHT AND LEVEL,DRY,NO DEFECTS,N,DRIVING SKILLS/KNOWLEDGE/EXPERIENCE,BEAT_114,2,1,0,5,42.093602,-87.457996,5,4,Friday,1,18,Evening_Rush,0,0
2026-02-06 00:30:00,20,CLEAR,DAYLIGHT,ANGLE,ONE-WAY,STRAIGHT AND LEVEL,DRY,NO DEFECTS,N,FAILING TO YIELD RIGHT-OF-WAY,BEAT_114,2,2,0,5,42.086618,-87.464129,6,4,Friday,2,0,Night,0,0
2026-02-06 03:09:00,25,CLEAR,"DARKNESS, LIGHTED ROAD",REAR END,DIVIDED - W/MEDIAN,STRAIGHT AND LEVEL,WET,NO DEFECTS,Y,DRIVING SKILLS/KNOWLEDGE/EXPERIENCE,BEAT_120,2,2,0,5,42.175246,-87.391023,6,4,Friday,2,3,Night,0,0
2026-02-06 03:24:00,35,SNOW,DARKNESS,FIXED OBJECT,NOT DIVIDED,STRAIGHT AND LEVEL,WET,NO DEFECTS,N,DRIVING SKILLS/KNOWLEDGE/EXPERIENCE,BEAT_115,2,2,0,5,42.105305,-87.44719,6,4,Friday,2,3,Night,0,0
2026-02-06 03:24:00,30,CLEAR,"DARKNESS, LIGHTED ROAD",PARKED MOTOR VEHICLE,DIVIDED - W/MEDIAN,STRAIGHT AND LEVEL,DRY,NO DEFECTS,N,FAILING TO YIELD RIGHT-OF-WAY,BEAT_111,2,2,0,5,42.049899,-87.498317,6,4,Friday,2,3,Night,0,0
2026-02-06 03:54:00,25,RAIN,DARKNESS,REAR END,DIVIDED - W/MEDIAN,STRAIGHT AND LEVEL,WET,NO DEFECTS,N,WEATHER,BEAT_112,2,2,1,5,42.058519,-87.487036,6,4,Friday,2,3,Night,0,1
2026-02-06 08:56:00,25,CLEAR,DAYLIGHT,REAR END,DIVIDED - W/MEDIAN,STRAIGHT AND LEVEL,DRY,NO DEFECTS,N,FAILING TO YIELD RIGHT-OF-WAY,BEAT_108,2,2,0,5,42.003908,-87.537873,6,4,Friday,2,8,Morning_Rush,0,0
2026-02-06 09:32:00,25,CLEAR,"DARKNESS, LIGHTED ROAD",PARKED MOTOR VEHICLE,FOUR WAY INTERSECTION,STRAIGHT AND LEVEL,WET,NO DEFECTS,Y,DRIVING SKILLS/KNOWLEDGE/EXPERIENCE,BEAT_104,2,2,0,5,41.93813,-87.578428,6,4,Friday,2,9,Morning_Rush,0,0
2026-02-06 12:44:00,35,CLEAR,DAYLIGHT,REAR END,DIVIDED - W/MEDIAN,STRAIGHT AND LEVEL,DRY,SHOULDER DEFECT,Y,WEATHER,BEAT_114,2,2,0,5,42.084471,-87.459262,6,4,Friday,2,12,Midday,0,0
2026-02-06 13:18:00,25,CLEAR,DARKNESS,REAR END,ALLEY,STRAIGHT AND LEVEL,WET,"RUT, HOLES",N,FAILING TO YIELD RIGHT-OF-WAY,BEAT_108,1,2,0,5,41.990811,-87.533093,6,4,Friday,2,13,Midday,0,0
2026-02-06 13:39:00,50,CLEAR,DAYLIGHT,SIDESWIPE SAME DIRECTION,FOUR WAY INTERSECTION,STRAIGHT ON GRADE,SNOW OR SLUSH,NO DEFECTS,N,PHYSICAL CONDITION OF DRIVER,BEAT_112,2,2,0,5,42.059086,-87.488502,6,4,Friday,2,13,Midday,0,0
2026-02-06 18:50:00,30,CLEAR,DAYLIGHT,ANGLE,DIVIDED - W/MEDIAN,STRAIGHT AND LEVEL,WET,NO DEFECTS,Y,FAILING TO YIELD RIGHT-OF-WAY,BEAT_104,1,2,0,5,41.936029,-87.587189,6,4,Friday,2,18,Evening_Rush,0,0
2026-02-06 20:33:00,25,RAIN,DARKNESS,PARKED MOTOR VEHICLE,ONE-WAY,STRAIGHT AND LEVEL,WET,NO DEFECTS,N,DRIVING SKILLS/KNOWLEDGE/EXPERIENCE,BEAT_114,2,2,0,5,42.090664,-87.458589,6,4,Friday,2,20,Night,0,0
2026-02-06 23:42:00,30,SNOW,DAYLIGHT,ANGLE,NOT DIVIDED,STRAIGHT AND LEVEL,WET,NO DEFECTS,N,FOLLOWING TOO CLOSELY,BEAT_112,1,2,0,5,42.06023,-87.486028,6,4,Friday,2,23,Night,0,0
2026-02-13 00:20:00,25,RAIN,DAYLIGHT,REAR END,DIVIDED - W/MEDIAN,STRAIGHT AND LEVEL,WET,NO DEFECTS,N,FAILING TO YIELD RIGHT-OF-WAY,BEAT_108,2,2,0,5,41.999194,-87.534326,7,4,Friday,2,0,Night,0,0
2026-02-13 00:44:00,25,CLEAR,DUSK,SIDESWIPE SAME DIRECTION,FOUR WAY INTERSECTION,STRAIGHT AND LEVEL,DRY,NO DEFECTS,N,DISREGARDING TRAFFIC SIGNALS,BEAT_109,2,2,0,5,42.017149,-87.521503,7,4,Friday,2,0,Night,0,0
2026-02-13 00:47:00,25,RAIN,DAYLIGHT,REAR END,DIVIDED - W/MEDIAN,STRAIGHT AND LEVEL,WET,NO DEFECTS,Y,DRIVING SKILLS/KNOWLEDGE/EXPERIENCE,BEAT_103,2,2,1,5,41.918658,-87.593115,7,4,Friday,2,0,Night,0,1
2026-02-13 04:51:00,35,CLEAR,DAYLIGHT,REAR END,DIVIDED - W/MEDIAN,STRAIGHT AND LEVEL,DRY,NO DEFECTS,N,FAILING TO YIELD RIGHT-OF-WAY,BEAT_108,2,2,0,5,41.996711,-87.530091,7,4,Friday,2,4,Night,0,0
2026-02-13 05:27:00,25,CLEAR,"DARKNESS, LIGHTED ROAD",ANGLE,FOUR WAY INTERSECTION,STRAIGHT AND LEVEL,WET,NO DEFECTS,N,FAILING TO YIELD RIGHT-OF-WAY,BEAT_120,2,2,0,5,42.178031,-87.386024,7,4,Friday,2,5,Night,0,0
2026-02-13 07:07:00,25,RAIN,"DARKNESS, LIGHTED ROAD",REAR END,NOT DIVIDED,STRAIGHT ON GRADE,WET,NO DEFECTS,Y,FOLLOWING TOO CLOSELY,BEAT_113,3,2,0,5,42.077259,-87.470556,7,4,Friday,2,7,Morning_Rush,0,0
2026-02-13 08:05:00,30,RAIN,DAYLIGHT,SIDESWIPE SAME DIRECTION,FOUR WAY INTERSECTION,STRAIGHT AND LEVEL,WET,SHOULDER DEFECT,N,DISREGARDING TRAFFIC SIGNALS,BEAT_107,2,2,0,5,41.989467,-87.546259,7,4,Friday,2,8,Morning_Rush,0,0
2026-02-13 11:12:00,25,CLEAR,DAYLIGHT,SIDESWIPE SAME DIRECTION,DIVIDED - W/MEDIAN,STRAIGHT AND LEVEL,WET,NO DEFECTS,N,FAILING TO YIELD RIGHT-OF-WAY,BEAT_108,1,2,1,5,41.998534,-87.536474,7,4,Friday,2,11,Midday,0,1
2026-02-13 13:05:00,40,CLEAR,DAYLIGHT,REAR END,DIVIDED - W/MEDIAN,STRAIGHT ON GRADE,DRY,NO DEFECTS,N,WEATHER,BEAT_108,2,2,0,5,41.994113,-87.536103,7,4,Friday,2,13,Midday,0,0
2026-02-13 18:47:00,30,FOG/SMOKE/HAZE,"DARKNESS, LIGHTED ROAD",ANGLE,ONE-WAY,STRAIGHT AND LEVEL,WET,NO DEFECTS,N,DRIVING SKILLS/KNOWLEDGE/EXPERIENCE,BEAT_115,2,2,0,5,42.102774,-87.448432,7,4,Friday,2,18,Evening_Rush,0,0
2026-02-13 21:41:00,35,CLEAR,DAYLIGHT,TURNING,DIVIDED - W/MEDIAN,STRAIGHT AND LEVEL,DRY,"RUT, HOLES",Y,FAILING TO YIELD RIGHT-OF-WAY,BEAT_111,3,2,0,5,42.043167,-87.502213,7,4,Friday,2,21,Night,0,0
2026-02-13 23:41:00,25,CLEAR,"DARKNESS, LIGHTED ROAD",ANGLE,NOT DIVIDED,STRAIGHT AND LEVEL,DRY,NO DEFECTS,Y,FAILING TO YIELD RIGHT-OF-WAY,BEAT_104,1,2,2,5,41.945508,-87.58509,7,4,Friday,2,23,Night,0,1
2026-02-20 03:25:00,35,CLEAR,DAYLIGHT,REAR END,NOT DIVIDED,STRAIGHT AND LEVEL,DRY,NO DEFECTS,Y,FAILING TO YIELD RIGHT-OF-WAY,BEAT_101,2,2,1,5,41.896828,-87.621383,8,4,Friday,2,3,Night,0,1
2026-02-20 03:35:00,25,CLEAR,"DARKNESS, LIGHTED ROAD",ANGLE,ONE-WAY,STRAIGHT AND LEVEL,WET,NO DEFECTS,Y,FOLLOWING TOO CLOSELY,BEAT_119,2,2,0,5,42.164508,-87.401365,8,4,Friday,2,3,Night,0,0
2026-02-20 05:08:00,25,CLEAR,DAYLIGHT,PARKED MOTOR VEHICLE,DIVIDED - W/MEDIAN,STRAIGHT AND LEVEL,WET,NO DEFECTS,N,FAILING TO YIELD RIGHT-OF-WAY,BEAT_116,2,2,0,5,42.122377,-87.438212,8,4,Friday,2,5,Night,0,0
2026-02-20 07:38:00,20,SNOW,DUSK,PARKED MOTOR VEHICLE,NOT DIVIDED,STRAIGHT AND LEVEL,ICE,NO DEFECTS,Y,FAILING TO YIELD RIGHT-OF-WAY,BEAT_116,2,2,0,5,42.121887,-87.434829,8,4,Friday,2,7,Morning_Rush,0,0
2026-02-20 08:36:00,25,SNOW,DAYLIGHT,PARKED MOTOR VEHICLE,NOT DIVIDED,STRAIGHT AND LEVEL,WET,NO DEFECTS,N,FAILING TO YIELD RIGHT-OF-WAY,BEAT_101,4,2,0,5,41.892743,-87.621756,8,4,Friday,2,8,Morning_Rush,0,0
2026-02-20 10:17:00,25,CLEAR,"DARKNESS, LIGHTED ROAD",SIDESWIPE SAME DIRECTION,NOT DIVIDED,"CURVE, LEVEL",ICE,NO DEFECTS,N,DISREGARDING TRAFFIC SIGNALS,BEAT_110,1,2,0,5,42.027938,-87.506031,8,4,Friday,2,10,Midday,0,0
2026-02-20 11:53:00,35,CLEAR,DAYLIGHT,SIDESWIPE SAME DIRECTION,FOUR WAY INTERSECTION,STRAIGHT AND LEVEL,DRY,NO DEFECTS,Y,DRIVING SKILLS/KNOWLEDGE/EXPERIENCE,BEAT_119,2,2,1,5,42.169235,-87.403376,8,4,Friday,2,11,Midday,0,1
2026-02-20 15:07:00,30,RAIN,"DARKNESS, LIGHTED ROAD",ANGLE,DIVIDED - W/MEDIAN,STRAIGHT AND LEVEL,WET,NO DEFECTS,N,FOLLOWING TOO CLOSELY,BEAT_119,2,2,0,5,42.166867,-87.403758,8,4,Friday,2,15,Midday,0,0
2026-02-20 17:05:00,25,RAIN,DAYLIGHT,REAR END,NOT DIVIDED,STRAIGHT AND LEVEL,WET,DEBRIS ON ROAD,N,DRIVING SKILLS/KNOWLEDGE/EXPERIENCE,BEAT_115,1,2,0,5,42.099812,-87.449908,8,4,Friday,2,17,Evening_Rush,0,0
2026-02-20 19:48:00,25,CLEAR,DAYLIGHT,REAR END,ONE-WAY,STRAIGHT AND LEVEL,DRY,NO DEFECTS,Y,DRIVING SKILLS/KNOWLEDGE/EXPERIENCE,BEAT_120,2,2,0,5,42.18283,-87.387555,8,4,Friday,2,19,Evening_Rush,0,0
2026-02-27 02:03:00,25,CLEAR,"DARKNESS, LIGHTED ROAD",SIDESWIPE SAME DIRECTION,FOUR WAY INTERSECTION,CURVE ON GRADE,DRY,NO DEFECTS,Y,DISREGARDING TRAFFIC SIGNALS,BEAT_112,2,2,1,5,42.053493,-87.482319,9,4,Friday,2,2,Night,0,1
2026-02-27 07:45:00,30,RAIN,DAYLIGHT,PEDESTRIAN,DIVIDED - W/MEDIAN,STRAIGHT AND LEVEL,WET,NO DEFECTS,N,FOLLOWING TOO CLOSELY,BEAT_117,2,2,0,5,42.133189,-87.427872,9,4,Friday,2,7,Morning_Rush,0,0
2026-02-27 12:20:00,40,CLEAR,DAYLIGHT,ANGLE,NOT DIVIDED,STRAIGHT AND LEVEL,"SAND, MUD, DIRT",NO DEFECTS,Y,DISREGARDING TRAFFIC SIGNALS,BEAT_118,2,2,0,5,42.147182,-87.414245,9,4,Friday,2,12,Midday,0,0
2026-02-27 19:27:00,50,RAIN,"DARKNESS, LIGHTED ROAD",PEDESTRIAN,T-INTERSECTION,STRAIGHT AND LEVEL,WET,"RUT, HOLES",Y,FAILING TO YIELD RIGHT-OF-WAY,BEAT_108,1,2,0,5,41.999068,-87.536282,9,4,Friday,2,19,Evening_Rush,0,0
2026-02-27 21:23:00,25,CLEAR,"DARKNESS, LIGHTED ROAD",SIDESWIPE SAME DIRECTION,ONE-WAY,STRAIGHT AND LEVEL,WET,NO DEFECTS,N,DRIVING SKILLS/KNOWLEDGE/EXPERIENCE,BEAT_102,2,2,0,5,41.908745,-87.610072,9,4,Friday,2,21,Night,0,0
2026-02-27 22:22:00,25,CLEAR,DARKNESS,REAR END,DIVIDED - W/MEDIAN,STRAIGHT AND LEVEL,DRY,NO DEFECTS,N,FAILING TO YIELD RIGHT-OF-WAY,BEAT_117,2,2,0,5,42.131967,-87.426135,9,4,Friday,2,22,Night,0,0
2026-02-27 23:17:00,25,CLEAR,DAYLIGHT,REAR END,DIVIDED - W/MEDIAN,STRAIGHT AND LEVEL,DRY,NO DEFECTS,Y,FAILING TO YIELD RIGHT-OF-WAY,BEAT_115,2,2,0,5,42.106907,-87.44469,9,4,Friday,2,23,Night,0,0
2026-03-06 02:51:00,25,CLEAR,DAYLIGHT,REAR END,ALLEY,STRAIGHT AND LEVEL,DRY,NO DEFECTS,N,DISREGARDING TRAFFIC SIGNALS,BEAT_101,3,3,0,5,41.901121,-87.614594,10,4,Friday,3,2,Night,0,0
2026-03-06 02:55:00,45,RAIN,DAYLIGHT,SIDESWIPE SAME DIRECTION,NOT DIVIDED,STRAIGHT AND LEVEL,WET,NO DEFECTS,Y,WEATHER,BEAT_112,1,3,1,5,42.058988,-87.4862,10,4,Friday,3,2,Night,0,1
2026-03-06 04:55:00,45,CLEAR,DAYLIGHT,SIDESWIPE SAME DIRECTION,FOUR WAY INTERSECTION,STRAIGHT AND LEVEL,DRY,WORN SURFACE,N,FAILING TO YIELD RIGHT-OF-WAY,BEAT_119,2,3,0,5,42.157045,-87.405893,10,4,Friday,3,4,Night,0,0
2026-03-06 05:24:00,30,RAIN,DAYLIGHT,SIDESWIPE SAME DIRECTION,DIVIDED - W/MEDIAN,STRAIGHT AND LEVEL,WET,NO DEFECTS,Y,DRIVING SKILLS/KNOWLEDGE/EXPERIENCE,BEAT_116,2,3,1,5,42.120594,-87.43531,10,4,Friday,3,5,Night,0,1
2026-03-06 07:07:00,25,CLEAR,DAYLIGHT,PARKED MOTOR VEHICLE,NOT DIVIDED,STRAIGHT AND LEVEL,WET,NO DEFECTS,N,FOLLOWING TOO CLOSELY,BEAT_106,3,3,1,5,41.967074,-87.55382,10,4,Friday,3,7,Morning_Rush,0,1
2026-03-06 11:12:00,25,RAIN,DAYLIGHT,TURNING,DIVIDED - W/MEDIAN,STRAIGHT AND LEVEL,WET,NO DEFECTS,Y,FAILING TO YIELD RIGHT-OF-WAY,BEAT_104,3,3,0,5,41.942328,-87.577377,10,4,Friday,3,11,Midday,0,0
2026-03-06 12:43:00,35,CLEAR,"DARKNESS, LIGHTED ROAD",ANGLE,FOUR WAY INTERSECTION,STRAIGHT AND LEVEL,DRY,NO DEFECTS,N,FAILING TO YIELD RIGHT-OF-WAY,BEAT_110,2,3,0,5,42.02536,-87.508806,10,4,Friday,3,12,Midday,0,0
2026-03-06 15:05:00,30,CLEAR,DARKNESS,ANGLE,DIVIDED - W/MEDIAN,STRAIGHT AND LEVEL,WET,NO DEFECTS,N,FOLLOWING TOO CLOSELY,BEAT_114,3,3,0,5,42.091305,-87.461063,10,4,Friday,3,15,Midday,0,0
2026-03-06 17:05:00,30,CLEAR,DAYLIGHT,TURNING,T-INTERSECTION,STRAIGHT AND LEVEL,DRY,NO DEFECTS,N,DRIVING SKILLS/KNOWLEDGE/EXPERIENCE,BEAT_106,3,3,0,5,41.96682,-87.559977,10,4,Friday,3,17,Evening_Rush,0,0
2026-03-06 17:46:00,20,CLEAR,DUSK,SIDESWIPE SAME DIRECTION,NOT DIVIDED,STRAIGHT AND LEVEL,DRY,NO DEFECTS,Y,DRIVING SKILLS/KNOWLEDGE/EXPERIENCE,BEAT_108,2,3,0,5,42.002351,-87.527832,10,4,Friday,3,17,Evening_Rush,0,0
2026-03-06 20:56:00,20,CLEAR,DAYLIGHT,REAR END,DIVIDED - W/MEDIAN,"CURVE, LEVEL",DRY,"RUT, HOLES",N,FOLLOWING TOO CLOSELY,BEAT_104,3,3,0,5,41.939684,-87.584105,10,4,Friday,3,20,Night,0,0
2026-03-13 04:06:00,40,CLEAR,DAYLIGHT,ANGLE,NOT DIVIDED,STRAIGHT AND LEVEL,DRY,NO DEFECTS,N,FAILING TO YIELD RIGHT-OF-WAY,BEAT_116,2,3,0,5,42.122497,-87.440182,11,4,Friday,3,4,Night,0,0
2026-03-13 04:33:00,30,CLEAR,DAYLIGHT,PARKED MOTOR VEHICLE,NOT DIVIDED,STRAIGHT AND LEVEL,WET,NO DEFECTS,N,FOLLOWING TOO CLOSELY,BEAT_119,2,3,0,5,42.168886,-87.399283,11,4,Friday,3,4,Night,0,0
2026-03-13 05:10:00,25,CLEAR,DAYLIGHT,SIDESWIPE SAME DIRECTION,DIVIDED - W/MEDIAN,STRAIGHT AND LEVEL,DRY,NO DEFECTS,N,FOLLOWING TOO CLOSELY,BEAT_102,2,3,0,5,41.906918,-87.605873,11,4,Friday,3,5,Night,0,0
2026-03-13 05:27:00,50,CLEAR,"DARKNESS, LIGHTED ROAD",SIDESWIPE SAME DIRECTION,NOT DIVIDED,STRAIGHT AND LEVEL,DRY,NO DEFECTS,N,FOLLOWING TOO CLOSELY,BEAT_104,2,3,0,5,41.938737,-87.575371,11,4,Friday,3,5,Night,0,0
2026-03-13 07:10:00,25,CLEAR,"DARKNESS, LIGHTED ROAD",REAR END,NOT DIVIDED,STRAIGHT AND LEVEL,DRY,NO DEFECTS,N,WEATHER,BEAT_107,2,3,0,5,41.984335,-87.550767,11,4,Friday,3,7,Morning_Rush,0,0
2026-03-13 07:11:00,30,CLEAR,DAYLIGHT,SIDESWIPE SAME DIRECTION,NOT DIVIDED,"CURVE, LEVEL",DRY,NO DEFECTS,Y,DRIVING SKILLS/KNOWLEDGE/EXPERIENCE,BEAT_104,2,3,0,5,41.938276,-87.579412,11,4,Friday,3,7,Morning_Rush,0,0
2026-03-13 07:52:00,30,RAIN,DUSK,REAR END,FOUR WAY INTERSECTION,STRAIGHT AND LEVEL,WET,NO DEFECTS,Y,DRIVING SKILLS/KNOWLEDGE/EXPERIENCE,BEAT_113,1,3,0,5,42.068356,-87.471115,11,4,Friday,3,7,Morning_Rush,0,0
2026-03-13 10:58:00,45,SNOW,DAYLIGHT,TURNING,DIVIDED - W/MEDIAN,STRAIGHT AND LEVEL,WET,NO DEFECTS,N,IMPROPER OVERTAKING/PASSING,BEAT_118,1,3,0,5,42.150025,-87.410831,11,4,Friday,3,10,Midday,0,0
2026-03-20 01:35:00,40,FOG/SMOKE/HAZE,"DARKNESS, LIGHTED ROAD",ANGLE,T-INTERSECTION,STRAIGHT AND LEVEL,SNOW OR SLUSH,NO DEFECTS,Y,FOLLOWING TOO CLOSELY,BEAT_101,2,3,0,5,41.894518,-87.617989,12,4,Friday,3,1,Night,0,0
2026-03-20 01:36:00,30,RAIN,"DARKNESS, LIGHTED ROAD",PEDESTRIAN,ONE-WAY,STRAIGHT AND LEVEL,WET,NO DEFECTS,N,FAILING TO YIELD RIGHT-OF-WAY,BEAT_111,2,3,1,5,42.04855,-87.493757,12,4,Friday,3,1,Night,0,1
2026-03-20 04:55:00,25,CLEAR,DAYLIGHT,REAR END,ONE-WAY,STRAIGHT AND LEVEL,DRY,NO DEFECTS,N,FOLLOWING TOO CLOSELY,BEAT_109,2,3,0,5,42.00466,-87.525619,12,4,Friday,3,4,Night,0,0
2026-03-20 06:36:00,50,FOG/SMOKE/HAZE,"DARKNESS, LIGHTED ROAD",REAR END,ONE-WAY,STRAIGHT AND LEVEL,SNOW OR SLUSH,NO DEFECTS,N,WEATHER,BEAT_110,2,3,0,5,42.026057,-87.500222,12,4,Friday,3,6,Morning_Rush,0,0
2026-03-20 12:30:00,25,SEVERE RAIN,"DARKNESS, LIGHTED ROAD",TURNING,ONE-WAY,STRAIGHT AND LEVEL,WET,NO DEFECTS,N,IMPROPER OVERTAKING/PASSING,BEAT_117,2,3,2,5,42.131817,-87.427205,12,4,Friday,3,12,Midday,0,1
2026-03-20 18:18:00,30,CLEAR,"DARKNESS, LIGHTED ROAD",SIDESWIPE SAME DIRECTION,ONE-WAY,STRAIGHT AND LEVEL,DRY,NO DEFECTS,N,FOLLOWING TOO CLOSELY,BEAT_110,2,3,0,5,42.028708,-87.50572,12,4,Friday,3,18,Evening_Rush,0,0
2026-03-20 18:29:00,30,CLEAR,"DARKNESS, LIGHTED ROAD",ANGLE,NOT DIVIDED,"CURVE, LEVEL",DRY,NO DEFECTS,Y,FOLLOWING TOO CLOSELY,BEAT_119,2,3,1,5,42.162374,-87.404404,12,4,Friday,3,18,Evening_Rush,0,1
2026-03-20 18:37:00,35,CLEAR,"DARKNESS, LIGHTED ROAD",REAR END,DIVIDED - W/MEDIAN,STRAIGHT AND LEVEL,DRY,NO DEFECTS,N,DRIVING SKILLS/KNOWLEDGE/EXPERIENCE,BEAT_115,1,3,0,5,42.101497,-87.4492,12,4,Friday,3,18,Evening_Rush,0,0
2026-03-20 22:13:00,50,SEVERE RAIN,DAYLIGHT,REAR END,T-INTERSECTION,"CURVE, LEVEL",WET,NO DEFECTS,N,DRIVING SKILLS/KNOWLEDGE/EXPERIENCE,BEAT_119,2,3,1,5,42.16452,-87.397793,12,4,Friday,3,22,Night,0,1
2026-03-20 22:43:00,35,CLEAR,DAYLIGHT,TURNING,DIVIDED - W/MEDIAN,STRAIGHT AND LEVEL,DRY,NO DEFECTS,N,FAILING TO YIELD RIGHT-OF-WAY,BEAT_104,2,3,0,5,41.939711,-87.581645,12,4,Friday,3,22,Night,0,0
2026-03-27 00:52:00,40,CLEAR,DAYLIGHT,REAR END,NOT DIVIDED,STRAIGHT AND LEVEL,DRY,NO DEFECTS,N,PHYSICAL CONDITION OF DRIVER,BEAT_116,2,3,0,5,42.120146,-87.437708,13,4,Friday,3,0,Night,0,0
2026-03-27 01:52:00,35,CLEAR,DARKNESS,REAR END,ONE-WAY,"CURVE, LEVEL","SAND, MUD, DIRT",NO DEFECTS,N,FAILING TO YIELD RIGHT-OF-WAY,BEAT_119,2,3,0,5,42.160806,-87.398252,13,4,Friday,3,1,Night,0,0
2026-03-27 03:38:00,35,CLEAR,DARKNESS,REAR END,FOUR WAY INTERSECTION,STRAIGHT AND LEVEL,DRY,NO DEFECTS,N,FAILING TO YIELD RIGHT-OF-WAY,BEAT_103,2,3,0,5,41.918121,-87.593512,13,4,Friday,3,3,Night,0,0
2026-03-27 03:58:00,30,RAIN,DAYLIGHT,SIDESWIPE SAME DIRECTION,T-INTERSECTION,STRAIGHT AND LEVEL,WET,NO DEFECTS,Y,IMPROPER OVERTAKING/PASSING,BEAT_108,2,3,0,5,42.00199,-87.533584,13,4,Friday,3,3,Night,0,0
2026-03-27 06:22:00,30,CLEAR,DAYLIGHT,PARKED MOTOR VEHICLE,NOT DIVIDED,STRAIGHT AND LEVEL,DRY,NO DEFECTS,N,FAILING TO YIELD RIGHT-OF-WAY,BEAT_104,2,3,0,5,41.93806,-87.582828,13,4,Friday,3,6,Morning_Rush,0,0
2026-03-27 08:17:00,20,FOG/SMOKE/HAZE,DAYLIGHT,SIDESWIPE SAME DIRECTION,NOT DIVIDED,STRAIGHT AND LEVEL,WET,NO DEFECTS,Y,FAILING TO YIELD RIGHT-OF-WAY,BEAT_115,3,3,0,5,42.101603,-87.447125,13,4,Friday,3,8,Morning_Rush,0,0
2026-03-27 09:25:00,35,FOG/SMOKE/HAZE,DAYLIGHT,SIDESWIPE SAME DIRECTION,DIVIDED - W/MEDIAN,STRAIGHT AND LEVEL,WET,"RUT, HOLES",N,FOLLOWING TOO CLOSELY,BEAT_112,3,3,0,5,42.055745,-87.483855,13,4,Friday,3,9,Morning_Rush,0,0
2026-03-27 12:49:00,25,CLEAR,DAYLIGHT,FIXED OBJECT,ALLEY,"CURVE, LEVEL",DRY,NO DEFECTS,N,FOLLOWING TOO CLOSELY,BEAT_105,2,3,0,5,41.953174,-87.569307,13,4,Friday,3,12,Midday,0,0
2026-03-27 12:53:00,30,CLEAR,DAYLIGHT,REAR END,ONE-WAY,STRAIGHT AND LEVEL,DRY,NO DEFECTS,Y,WEATHER,BEAT_119,2,3,0,5,42.159386,-87.404161,13,4,Friday,3,12,Midday,0,0
2026-03-27 13:27:00,45,SEVERE RAIN,DAYLIGHT,TURNING,DIVIDED - W/MEDIAN,STRAIGHT AND LEVEL,SNOW OR SLUSH,NO DEFECTS,Y,FAILING TO YIELD RIGHT-OF-WAY,BEAT_105,3,3,1,5,41.952258,-87.571612,13,4,Friday,3,13,Midday,0,1
2026-03-27 13:35:00,35,CLEAR,DARKNESS,PARKED MOTOR VEHICLE,DIVIDED - W/MEDIAN,STRAIGHT AND LEVEL,WET,NO DEFECTS,N,IMPROPER OVERTAKING/PASSING,BEAT_108,2,3,0,5,41.996572,-87.537626,13,4,Friday,3,13,Midday,0,0
2026-03-27 14:42:00,35,CLEAR,DAYLIGHT,TURNING,NOT DIVIDED,STRAIGHT AND LEVEL,DRY,"RUT, HOLES",N,FOLLOWING TOO CLOSELY,BEAT_119,2,3,1,5,42.160654,-87.399724,13,4,Friday,3,14,Midday,0,1
2026-03-27 15:45:00,25,CLEAR,DAYLIGHT,REAR END,FOUR WAY INTERSECTION,STRAIGHT AND LEVEL,DRY,NO DEFECTS,N,FAILING TO YIELD RIGHT-OF-WAY,BEAT_112,2,3,0,5,42.051948,-87.487847,13,4,Friday,3,15,Midday,0,0
2026-03-27 16:59:00,30,CLEAR,DAYLIGHT,SIDESWIPE SAME DIRECTION,NOT DIVIDED,STRAIGHT AND LEVEL,ICE,"RUT, HOLES",N,PHYSICAL CONDITION OF DRIVER,BEAT_104,2,3,0,5,41.936658,-87.579833,13,4,Friday,3,16,Evening_Rush,0,0
2026-03-27 20:30:00,35,FOG/SMOKE/HAZE,"DARKNESS, LIGHTED ROAD",ANGLE,DIVIDED - W/MEDIAN,STRAIGHT AND LEVEL,WET,NO DEFECTS,N,DRIVING SKILLS/KNOWLEDGE/EXPERIENCE,BEAT_117,2,3,0,5,42.13349,-87.421277,13,4,Friday,3,20,Night,0,0
2026-03-27 22:31:00,40,CLEAR,DAYLIGHT,TURNING,ALLEY,STRAIGHT AND LEVEL,DRY,NO DEFECTS,N,DRIVING SKILLS/KNOWLEDGE/EXPERIENCE,BEAT_108,2,3,0,5,41.997308,-87.532285,13,4,Friday,3,22,Night,0,0
2026-03-27 23:57:00,35,CLEAR,DAYLIGHT,REAR END,T-INTERSECTION,"CURVE, LEVEL",WET,NO DEFECTS,N,FAILING TO YIELD RIGHT-OF-WAY,BEAT_114,3,3,1,5,42.08859,-87.458828,13,4,Friday,3,23,Night,0,1
2026-04-03 03:26:00,45,CLEAR,DAYLIGHT,ANGLE,NOT DIVIDED,STRAIGHT AND LEVEL,DRY,NO DEFECTS,N,DRIVING SKILLS/KNOWLEDGE/EXPERIENCE,BEAT_101,2,4,0,5,41.893447,-87.614458,14,4,Friday,4,3,Night,0,0
2026-04-03 03:52:00,25,CLEAR,DAYLIGHT,ANGLE,FOUR WAY INTERSECTION,"CURVE, LEVEL",DRY,NO DEFECTS,Y,IMPROPER OVERTAKING/PASSING,BEAT_118,1,4,0,5,42.152112,-87.414364,14,4,Friday,4,3,Night,0,0
2026-04-03 06:45:00,25,CLEAR,DUSK,REAR END,DIVIDED - W/MEDIAN,STRAIGHT AND LEVEL,DRY,NO DEFECTS,Y,FAILING TO YIELD RIGHT-OF-WAY,BEAT_118,2,4,0,5,42.149482,-87.416628,14,4,Friday,4,6,Morning_Rush,0,0
2026-04-03 12:48:00,35,CLEAR,DAYLIGHT,REAR END,NOT DIVIDED,STRAIGHT AND LEVEL,DRY,NO DEFECTS,Y,FOLLOWING TOO CLOSELY,BEAT_103,2,4,0,5,41.924456,-87.59752,14,4,Friday,4,12,Midday,0,0
2026-04-03 21:14:00,30,FOG/SMOKE/HAZE,DAYLIGHT,TURNING,FOUR WAY INTERSECTION,STRAIGHT AND LEVEL,WET,NO DEFECTS,N,FOLLOWING TOO CLOSELY,BEAT_101,1,4,0,5,41.89209,-87.616745,14,4,Friday,4,21,Night,0,0
2026-04-03 22:58:00,30,SNOW,DAYLIGHT,SIDESWIPE SAME DIRECTION,NOT DIVIDED,STRAIGHT AND LEVEL,SNOW OR SLUSH,NO DEFECTS,Y,FAILING TO YIELD RIGHT-OF-WAY,BEAT_117,2,4,0,5,42.135283,-87.423262,14,4,Friday,4,22,Night,0,0
2026-04-10 00:59:00,25,CLEAR,"DARKNESS, LIGHTED ROAD",REAR END,DIVIDED - W/MEDIAN,STRAIGHT AND LEVEL,DRY,NO DEFECTS,N,WEATHER,BEAT_112,4,4,0,5,42.056445,-87.48597,15,4,Friday,4,0,Night,0,0
2026-04-10 02:15:00,25,CLEAR,DAYLIGHT,TURNING,DIVIDED - W/MEDIAN,STRAIGHT AND LEVEL,DRY,NO DEFECTS,N,FOLLOWING TOO CLOSELY,BEAT_107,2,4,0,5,41.982896,-87.546629,15,4,Friday,4,2,Night,0,0
2026-04-10 02:22:00,20,CLEAR,DAWN,REAR END,ONE-WAY,STRAIGHT AND LEVEL,WET,NO DEFECTS,Y,FOLLOWING TOO CLOSELY,BEAT_105,1,4,0,5,41.952546,-87.568619,15,4,Friday,4,2,Night,0,0
2026-04-10 11:51:00,30,CLEAR,DAYLIGHT,SIDESWIPE SAME DIRECTION,NOT DIVIDED,STRAIGHT AND LEVEL,DRY,NO DEFECTS,N,WEATHER,BEAT_108,2,4,0,5,41.997029,-87.537214,15,4,Friday,4,11,Midday,0,0
2026-04-10 11:59:00,30,CLEAR,DARKNESS,REAR END,ONE-WAY,STRAIGHT AND LEVEL,WET,NO DEFECTS,N,FOLLOWING TOO CLOSELY,BEAT_112,1,4,0,5,42.057332,-87.486437,15,4,Friday,4,11,Midday,0,0
2026-04-10 13:13:00,30,CLEAR,DAYLIGHT,REAR END,FOUR WAY INTERSECTION,STRAIGHT AND LEVEL,DRY,NO DEFECTS,N,WEATHER,BEAT_102,2,4,0,5,41.912362,-87.608914,15,4,Friday,4,13,Midday,0,0
2026-04-10 14:35:00,20,SNOW,"DARKNESS, LIGHTED ROAD",TURNING,ONE-WAY,STRAIGHT AND LEVEL,WET,NO DEFECTS,Y,WEATHER,BEAT_120,3,4,0,5,42.177223,-87.385229,15,4,Friday,4,14,Midday,0,0
2026-04-10 18:09:00,25,CLEAR,DAYLIGHT,SIDESWIPE SAME DIRECTION,DIVIDED - W/MEDIAN,STRAIGHT AND LEVEL,DRY,NO DEFECTS,N,FAILING TO YIELD RIGHT-OF-WAY,BEAT_111,2,4,0,5,42.041808,-87.494371,15,4,Friday,4,18,Evening_Rush,0,0
2026-04-17 00:19:00,40,CLEAR,"DARKNESS, LIGHTED ROAD",SIDESWIPE SAME DIRECTION,ONE-WAY,STRAIGHT AND LEVEL,WET,NO DEFECTS,N,FOLLOWING TOO CLOSELY,BEAT_110,2,4,2,5,42.031183,-87.508318,16,4,Friday,4,0,Night,0,1
2026-04-17 01:24:00,50,CLEAR,DARKNESS,TURNING,NOT DIVIDED,"CURVE, LEVEL",DRY,WORN SURFACE,N,FOLLOWING TOO CLOSELY,BEAT_108,2,4,0,5,42.002082,-87.534588,16,4,Friday,4,1,Night,0,0
2026-04-17 04:35:00,20,CLEAR,DAYLIGHT,ANGLE,DIVIDED - W/MEDIAN,STRAIGHT ON GRADE,DRY,NO DEFECTS,Y,FAILING TO YIELD RIGHT-OF-WAY,BEAT_103,2,4,0,5,41.924537,-87.591473,16,4,Friday,4,4,Night,0,0
2026-04-17 05:05:00,25,CLEAR,DAYLIGHT,SIDESWIPE SAME DIRECTION,NOT DIVIDED,STRAIGHT AND LEVEL,WET,WORN SURFACE,N,DRIVING SKILLS/KNOWLEDGE/EXPERIENCE,BEAT_115,3,4,0,5,42.096433,-87.449574,16,4,Friday,4,5,Night,0,0
2026-04-17 06:16:00,50,CLEAR,DAYLIGHT,SIDESWIPE SAME DIRECTION,ONE-WAY,STRAIGHT AND LEVEL,DRY,"RUT, HOLES",Y,FOLLOWING TOO CLOSELY,BEAT_119,1,4,0,5,42.163002,-87.39558,16,4,Friday,4,6,Morning_Rush,0,0
2026-04-17 07:05:00,25,CLEAR,DAYLIGHT,SIDESWIPE SAME DIRECTION,ONE-WAY,STRAIGHT AND LEVEL,DRY,NO DEFECTS,N,FOLLOWING TOO CLOSELY,BEAT_120,2,4,1,5,42.178073,-87.392642,16,4,Friday,4,7,Morning_Rush,0,1
2026-04-17 07:40:00,25,SNOW,DAYLIGHT,ANGLE,FOUR WAY INTERSECTION,STRAIGHT AND LEVEL,SNOW OR SLUSH,NO DEFECTS,Y,FAILING TO YIELD RIGHT-OF-WAY,BEAT_107,2,4,0,5,41.980181,-87.552611,16,4,Friday,4,7,Morning_Rush,0,0
2026-04-17 07:41:00,30,RAIN,DAYLIGHT,REAR END,ONE-WAY,STRAIGHT AND LEVEL,SNOW OR SLUSH,NO DEFECTS,Y,DISREGARDING TRAFFIC SIGNALS,BEAT_119,2,4,1,5,42.161494,-87.400725,16,4,Friday,4,7,Morning_Rush,0,1
2026-04-17 08:19:00,30,RAIN,DAWN,REAR END,ALLEY,STRAIGHT AND LEVEL,SNOW OR SLUSH,SHOULDER DEFECT,Y,FAILING TO YIELD RIGHT-OF-WAY,BEAT_108,3,4,0,5,41.996422,-87.53676,16,4,Friday,4,8,Morning_Rush,0,0
2026-04-17 10:18:00,30,RAIN,DARKNESS,TURNING,ONE-WAY,STRAIGHT AND LEVEL,WET,NO DEFECTS,Y,DRIVING SKILLS/KNOWLEDGE/EXPERIENCE,BEAT_117,2,4,0,5,42.133905,-87.424063,16,4,Friday,4,10,Midday,0,0
2026-04-17 12:29:00,30,CLEAR,DAYLIGHT,FIXED OBJECT,FOUR WAY INTERSECTION,"CURVE, LEVEL",DRY,NO DEFECTS,Y,IMPROPER OVERTAKING/PASSING,BEAT_119,1,4,1,5,42.160139,-87.398478,16,4,Friday,4,12,Midday,0,1
2026-04-17 14:51:00,30,CLEAR,"DARKNESS, LIGHTED ROAD",REAR END,T-INTERSECTION,STRAIGHT AND LEVEL,DRY,WORN SURFACE,N,FOLLOWING TOO CLOSELY,BEAT_116,2,4,0,5,42.120623,-87.443097,16,4,Friday,4,14,Midday,0,0
2026-04-17 15:09:00,25,CLEAR,DAYLIGHT,ANGLE,DIVIDED - W/MEDIAN,STRAIGHT AND LEVEL,DRY,NO DEFECTS,N,FAILING TO YIELD RIGHT-OF-WAY,BEAT_115,2,4,0,5,42.106632,-87.450294,16,4,Friday,4,15,Midday,0,0
2026-04-17 15:27:00,30,CLEAR,DAYLIGHT,PEDESTRIAN,NOT DIVIDED,STRAIGHT AND LEVEL,DRY,WORN SURFACE,N,FOLLOWING TOO CLOSELY,BEAT_106,3,4,0,5,41.968298,-87.557502,16,4,Friday,4,15,Midday,0,0
2026-04-17 17:59:00,25,CLEAR,DAYLIGHT,SIDESWIPE SAME DIRECTION,ONE-WAY,CURVE ON GRADE,WET,NO DEFECTS,N,FOLLOWING TOO CLOSELY,BEAT_103,2,4,1,5,41.924368,-87.588546,16,4,Friday,4,17,Evening_Rush,0,1
2026-04-17 22:34:00,30,CLEAR,DARKNESS,PARKED MOTOR VEHICLE,NOT DIVIDED,STRAIGHT ON GRADE,DRY,SHOULDER DEFECT,N,FAILING TO YIELD RIGHT-OF-WAY,BEAT_109,2,4,0,5,42.012968,-87.526374,16,4,Friday,4,22,Night,0,0
2026-04-24 01:03:00,25,CLEAR,"DARKNESS, LIGHTED ROAD",REAR END,NOT DIVIDED,STRAIGHT AND LEVEL,DRY,NO DEFECTS,Y,FOLLOWING TOO CLOSELY,BEAT_113,1,4,0,5,42.073745,-87.46754,17,4,Friday,4,1,Night,0,0
2026-04-24 01:54:00,45,CLEAR,DAYLIGHT,REAR END,NOT DIVIDED,STRAIGHT AND LEVEL,DRY,NO DEFECTS,N,DISREGARDING TRAFFIC SIGNALS,BEAT_113,3,4,0,5,42.074667,-87.47662,17,4,Friday,4,1,Night,0,0
2026-04-24 07:24:00,30,CLEAR,DAYLIGHT,PEDESTRIAN,NOT DIVIDED,STRAIGHT ON GRADE,WET,NO DEFECTS,Y,DISREGARDING TRAFFIC SIGNALS,BEAT_106,2,4,0,5,41.968317,-87.55457,17,4,Friday,4,7,Morning_Rush,0,0
2026-04-24 10:43:00,30,CLEAR,"DARKNESS, LIGHTED ROAD",PARKED MOTOR VEHICLE,T-INTERSECTION,STRAIGHT AND LEVEL,DRY,NO DEFECTS,N,PHYSICAL CONDITION OF DRIVER,BEAT_108,2,4,1,5,41.996947,-87.530816,17,4,Friday,4,10,Midday,0,1
2026-04-24 12:40:00,25,CLEAR,DAYLIGHT,REAR END,ALLEY,"CURVE, LEVEL",DRY,NO DEFECTS,N,FOLLOWING TOO CLOSELY,BEAT_120,2,4,0,5,42.18043,-87.393124,17,4,Friday,4,12,Midday,0,0
2026-04-24 13:41:00,25,RAIN,DAYLIGHT,TURNING,DIVIDED - W/MEDIAN,STRAIGHT AND LEVEL,WET,SHOULDER DEFECT,Y,FOLLOWING TOO CLOSELY,BEAT_104,2,4,1,5,41.937167,-87.586231,17,4,Friday,4,13,Midday,0,1
2026-04-24 23:36:00,25,CLEAR,"DARKNESS, LIGHTED ROAD",SIDESWIPE SAME DIRECTION,DIVIDED - W/MEDIAN,STRAIGHT AND LEVEL,DRY,NO DEFECTS,Y,DRIVING SKILLS/KNOWLEDGE/EXPERIENCE,BEAT_114,2,4,0,5,42.090721,-87.461994,17,4,Friday,4,23,Night,0,0
2026-05-01 02:29:00,30,RAIN,DAYLIGHT,ANGLE,NOT DIVIDED,STRAIGHT AND LEVEL,WET,NO DEFECTS,N,FAILING TO YIELD RIGHT-OF-WAY,BEAT_120,2,5,0,5,42.180329,-87.388175,18,4,Friday,5,2,Night,0,0
2026-05-01 03:20:00,30,CLEAR,"DARKNESS, LIGHTED ROAD",ANGLE,NOT DIVIDED,"CURVE, LEVEL",DRY,"RUT, HOLES",Y,DRIVING SKILLS/KNOWLEDGE/EXPERIENCE,BEAT_119,3,5,0,5,42.161393,-87.398938,18,4,Friday,5,3,Night,0,0
2026-05-01 05:11:00,25,CLEAR,"DARKNESS, LIGHTED ROAD",SIDESWIPE SAME DIRECTION,NOT DIVIDED,STRAIGHT AND LEVEL,DRY,WORN SURFACE,Y,FOLLOWING TOO CLOSELY,BEAT_107,2,5,1,5,41.991212,-87.541643,18,4,Friday,5,5,Night,0,1
2026-05-01 07:32:00,55,CLEAR,DAYLIGHT,REAR END,DIVIDED - W/MEDIAN,STRAIGHT AND LEVEL,DRY,NO DEFECTS,N,DRIVING SKILLS/KNOWLEDGE/EXPERIENCE,BEAT_119,1,5,0,5,42.165458,-87.40644,18,4,Friday,5,7,Morning_Rush,0,0
2026-05-01 08:08:00,25,CLEAR,DAYLIGHT,ANGLE,NOT DIVIDED,STRAIGHT AND LEVEL,WET,WORN SURFACE,N,FAILING TO YIELD RIGHT-OF-WAY,BEAT_102,2,5,0,5,41.91136,-87.603123,18,4,Friday,5,8,Morning_Rush,0,0
2026-05-01 08:46:00,25,CLEAR,DAYLIGHT,SIDESWIPE SAME DIRECTION,ONE-WAY,STRAIGHT AND LEVEL,DRY,NO DEFECTS,N,WEATHER,BEAT_104,2,5,0,5,41.932121,-87.579115,18,4,Friday,5,8,Morning_Rush,0,0
2026-05-01 09:28:00,35,RAIN,DARKNESS,ANGLE,ONE-WAY,"CURVE, LEVEL",WET,"RUT, HOLES",N,WEATHER,BEAT_115,2,5,1,5,42.100702,-87.458376,18,4,Friday,5,9,Morning_Rush,0,1
2026-05-01 12:00:00,25,CLEAR,DUSK,TURNING,NOT DIVIDED,STRAIGHT AND LEVEL,DRY,NO DEFECTS,N,FOLLOWING TOO CLOSELY,BEAT_120,2,5,0,5,42.176094,-87.390474,18,4,Friday,5,12,Midday,0,0
2026-05-08 01:41:00,35,SEVERE RAIN,"DARKNESS, LIGHTED ROAD",TURNING,ONE-WAY,STRAIGHT AND LEVEL,SNOW OR SLUSH,DEBRIS ON ROAD,N,FAILING TO YIELD RIGHT-OF-WAY,BEAT_109,2,5,0,5,42.016361,-87.518967,19,4,Friday,5,1,Night,0,0
2026-05-08 02:45:00,25,CLEAR,"DARKNESS, LIGHTED ROAD",PEDESTRIAN,DIVIDED - W/MEDIAN,STRAIGHT AND LEVEL,DRY,NO DEFECTS,Y,FAILING TO YIELD RIGHT-OF-WAY,BEAT_118,2,5,0,5,42.144241,-87.417884,19,4,Friday,5,2,Night,0,0
2026-05-08 04:17:00,25,CLEAR,"DARKNESS, LIGHTED ROAD",REAR END,DIVIDED - W/MEDIAN,STRAIGHT AND LEVEL,DRY,NO DEFECTS,Y,DRIVING SKILLS/KNOWLEDGE/EXPERIENCE,BEAT_104,2,5,1,5,41.939821,-87.583779,19,4,Friday,5,4,Night,0,1
2026-05-08 05:48:00,30,CLEAR,DAYLIGHT,TURNING,DIVIDED - W/MEDIAN,STRAIGHT AND LEVEL,WET,NO DEFECTS,N,DRIVING SKILLS/KNOWLEDGE/EXPERIENCE,BEAT_112,2,5,0,5,42.055848,-87.492779,19,4,Friday,5,5,Night,0,0
2026-05-08 06:01:00,25,CLEAR,DAYLIGHT,REAR END,DIVIDED - W/MEDIAN,STRAIGHT AND LEVEL,DRY,NO DEFECTS,N,PHYSICAL CONDITION OF DRIVER,BEAT_106,2,5,0,5,41.968248,-87.558379,19,4,Friday,5,6,Morning_Rush,0,0
2026-05-08 07:32:00,50,CLEAR,"DARKNESS, LIGHTED ROAD",PARKED MOTOR VEHICLE,ONE-WAY,STRAIGHT ON GRADE,DRY,NO DEFECTS,N,DISREGARDING TRAFFIC SIGNALS,BEAT_112,2,5,0,5,42.058008,-87.485126,19,4,Friday,5,7,Morning_Rush,0,0
2026-05-08 12:16:00,20,CLEAR,DARKNESS,REAR END,NOT DIVIDED,STRAIGHT AND LEVEL,DRY,NO DEFECTS,Y,PHYSICAL CONDITION OF DRIVER,BEAT_109,2,5,0,5,42.012826,-87.523483,19,4,Friday,5,12,Midday,0,0
2026-05-08 12:18:00,25,CLEAR,DAYLIGHT,PARKED MOTOR VEHICLE,DIVIDED - W/MEDIAN,STRAIGHT AND LEVEL,DRY,NO DEFECTS,N,FAILING TO YIELD RIGHT-OF-WAY,BEAT_103,2,5,0,5,41.920104,-87.599579,19,4,Friday,5,12,Midday,0,0
2026-05-08 12:38:00,30,RAIN,DAYLIGHT,SIDESWIPE SAME DIRECTION,DIVIDED - W/MEDIAN,STRAIGHT AND LEVEL,SNOW OR SLUSH,WORN SURFACE,N,DRIVING SKILLS/KNOWLEDGE/EXPERIENCE,BEAT_118,2,5,0,5,42.144814,-87.416201,19,4,Friday,5,12,Midday,0,0
2026-05-08 23:25:00,30,SNOW,DAYLIGHT,SIDESWIPE SAME DIRECTION,NOT DIVIDED,STRAIGHT AND LEVEL,WET,NO DEFECTS,Y,DRIVING SKILLS/KNOWLEDGE/EXPERIENCE,BEAT_117,2,5,0,5,42.131681,-87.429653,19,4,Friday,5,23,Night,0,0
2026-05-15 00:26:00,40,RAIN,DAYLIGHT,SIDESWIPE SAME DIRECTION,DIVIDED - W/MEDIAN,STRAIGHT AND LEVEL,WET,NO DEFECTS,Y,WEATHER,BEAT_110,4,5,0,5,42.027545,-87.512407,20,4,Friday,5,0,Night,0,0
2026-05-15 04:05:00,30,CLEAR,"DARKNESS, LIGHTED ROAD",TURNING,FOUR WAY INTERSECTION,STRAIGHT AND LEVEL,SNOW OR SLUSH,NO DEFECTS,Y,FOLLOWING TOO CLOSELY,BEAT_117,2,5,0,5,42.131614,-87.426617,20,4,Friday,5,4,Night,0,0
2026-05-15 07:25:00,30,CLEAR,"DARKNESS, LIGHTED ROAD",ANGLE,ONE-WAY,STRAIGHT AND LEVEL,WET,NO DEFECTS,N,FOLLOWING TOO CLOSELY,BEAT_108,2,5,0,5,41.997665,-87.534165,20,4,Friday,5,7,Morning_Rush,0,0
2026-05-15 08:39:00,30,CLEAR,DAYLIGHT,SIDESWIPE SAME DIRECTION,DIVIDED - W/MEDIAN,STRAIGHT AND LEVEL,DRY,NO DEFECTS,Y,DRIVING SKILLS/KNOWLEDGE/EXPERIENCE,BEAT_103,2,5,0,5,41.926003,-87.592933,20,4,Friday,5,8,Morning_Rush,0,0
2026-05-15 09:24:00,25,CLEAR,"DARKNESS, LIGHTED ROAD",SIDESWIPE SAME DIRECTION,ONE-WAY,STRAIGHT AND LEVEL,DRY,NO DEFECTS,N,FAILING TO YIELD RIGHT-OF-WAY,BEAT_115,2,5,0,5,42.103399,-87.449146,20,4,Friday,5,9,Morning_Rush,0,0
2026-05-15 11:22:00,40,CLEAR,"DARKNESS, LIGHTED ROAD",REAR END,DIVIDED - W/MEDIAN,STRAIGHT AND LEVEL,DRY,NO DEFECTS,N,DRIVING SKILLS/KNOWLEDGE/EXPERIENCE,BEAT_114,2,5,0,5,42.090067,-87.458846,20,4,Friday,5,11,Midday,0,0
2026-05-15 11:22:00,25,RAIN,"DARKNESS, LIGHTED ROAD",ANGLE,T-INTERSECTION,STRAIGHT AND LEVEL,WET,NO DEFECTS,Y,WEATHER,BEAT_102,2,5,2,5,41.906702,-87.605466,20,4,Friday,5,11,Midday,0,1
2026-05-15 11:57:00,25,CLEAR,DAYLIGHT,PARKED MOTOR VEHICLE,ONE-WAY,STRAIGHT AND LEVEL,DRY,NO DEFECTS,N,WEATHER,BEAT_119,2,5,0,5,42.165736,-87.403455,20,4,Friday,5,11,Midday,0,0
2026-05-15 16:21:00,50,CLEAR,DAYLIGHT,PARKED MOTOR VEHICLE,DIVIDED - W/MEDIAN,STRAIGHT AND LEVEL,DRY,NO DEFECTS,N,FOLLOWING TOO CLOSELY,BEAT_106,2,5,1,5,41.967498,-87.557373,20,4,Friday,5,16,Evening_Rush,0,1
2026-05-15 17:22:00,25,CLEAR,DAYLIGHT,REAR END,FOUR WAY INTERSECTION,"CURVE, LEVEL",ICE,"RUT, HOLES",N,DRIVING SKILLS/KNOWLEDGE/EXPERIENCE,BEAT_103,1,5,0,5,41.924189,-87.594081,20,4,Friday,5,17,Evening_Rush,0,0
2026-05-15 20:28:00,45,SNOW,DARKNESS,TURNING,FOUR WAY INTERSECTION,STRAIGHT AND LEVEL,WET,NO DEFECTS,N,FAILING TO YIELD RIGHT-OF-WAY,BEAT_110,2,5,0,5,42.026806,-87.509006,20,4,Friday,5,20,Night,0,0
2026-05-15 22:54:00,25,CLEAR,"DARKNESS, LIGHTED ROAD",ANGLE,DIVIDED - W/MEDIAN,STRAIGHT AND LEVEL,DRY,NO DEFECTS,Y,IMPROPER OVERTAKING/PASSING,BEAT_113,2,5,1,5,42.072424,-87.474182,20,4,Friday,5,22,Night,0,1
2026-05-22 00:07:00,55,CLEAR,DAYLIGHT,SIDESWIPE SAME DIRECTION,ONE-WAY,STRAIGHT AND LEVEL,DRY,NO DEFECTS,Y,DRIVING SKILLS/KNOWLEDGE/EXPERIENCE,BEAT_115,3,5,0,5,42.101588,-87.443124,21,4,Friday,5,0,Night,0,0
2026-05-22 00:58:00,25,RAIN,DAYLIGHT,SIDESWIPE SAME DIRECTION,ONE-WAY,STRAIGHT AND LEVEL,SNOW OR SLUSH,SHOULDER DEFECT,N,FAILING TO YIELD RIGHT-OF-WAY,BEAT_112,2,5,1,5,42.057884,-87.4825,21,4,Friday,5,0,Night,0,1
2026-05-22 01:32:00,25,CLEAR,DAYLIGHT,SIDESWIPE SAME DIRECTION,DIVIDED - W/MEDIAN,STRAIGHT AND LEVEL,DRY,NO DEFECTS,Y,FOLLOWING TOO CLOSELY,BEAT_105,2,5,0,5,41.95132,-87.568634,21,4,Friday,5,1,Night,0,0
2026-05-22 02:54:00,40,CLEAR,"DARKNESS, LIGHTED ROAD",TURNING,FOUR WAY INTERSECTION,STRAIGHT AND LEVEL,DRY,DEBRIS ON ROAD,Y,IMPROPER OVERTAKING/PASSING,BEAT_117,2,5,0,5,42.132905,-87.430232,21,4,Friday,5,2,Night,0,0
2026-05-22 03:52:00,40,RAIN,DAYLIGHT,ANGLE,DIVIDED - W/MEDIAN,STRAIGHT AND LEVEL,WET,SHOULDER DEFECT,Y,PHYSICAL CONDITION OF DRIVER,BEAT_108,2,5,0,5,41.997385,-87.536841,21,4,Friday,5,3,Night,0,0
2026-05-22 08:52:00,25,CLEAR,"DARKNESS, LIGHTED ROAD",ANGLE,DIVIDED - W/MEDIAN,"CURVE, LEVEL",WET,NO DEFECTS,Y,DRIVING SKILLS/KNOWLEDGE/EXPERIENCE,BEAT_111,2,5,0,5,42.042098,-87.501696,21,4,Friday,5,8,Morning_Rush,0,0
2026-05-22 14:18:00,25,CLEAR,DAYLIGHT,SIDESWIPE SAME DIRECTION,DIVIDED - W/MEDIAN,"CURVE, LEVEL",WET,NO DEFECTS,N,DISREGARDING TRAFFIC SIGNALS,BEAT_119,2,5,0,5,42.165916,-87.400081,21,4,Friday,5,14,Midday,0,0
2026-05-22 17:54:00,30,CLEAR,"DARKNESS, LIGHTED ROAD",PARKED MOTOR VEHICLE,NOT DIVIDED,STRAIGHT AND LEVEL,WET,NO DEFECTS,N,FOLLOWING TOO CLOSELY,BEAT_101,2,5,0,5,41.900355,-87.617893,21,4,Friday,5,17,Evening_Rush,0,0
2026-05-22 17:56:00,30,SNOW,"DARKNESS, LIGHTED ROAD",TURNING,NOT DIVIDED,STRAIGHT AND LEVEL,WET,NO DEFECTS,N,DRIVING SKILLS/KNOWLEDGE/EXPERIENCE,BEAT_120,2,5,0,5,42.177869,-87.391233,21,4,Friday,5,17,Evening_Rush,0,0
2026-05-22 19:58:00,35,CLEAR,DAYLIGHT,TURNING,NOT DIVIDED,STRAIGHT AND LEVEL,DRY,NO DEFECTS,N,DRIVING SKILLS/KNOWLEDGE/EXPERIENCE,BEAT_113,2,5,0,5,42.071881,-87.472658,21,4,Friday,5,19,Evening_Rush,0,0
2026-05-22 22:19:00,25,CLEAR,DAYLIGHT,REAR END,NOT DIVIDED,STRAIGHT AND LEVEL,DRY,NO DEFECTS,Y,FAILING TO YIELD RIGHT-OF-WAY,BEAT_107,2,5,0,5,41.985509,-87.543486,21,4,Friday,5,22,Night,0,0
2026-05-22 22:38:00,35,CLEAR,DAYLIGHT,TURNING,ONE-WAY,STRAIGHT AND LEVEL,WET,"RUT, HOLES",N,WEATHER,BEAT_108,2,5,0,5,42.002093,-87.533188,21,4,Friday,5,22,Night,0,0
2026-05-22 23:00:00,50,CLEAR,"DARKNESS, LIGHTED ROAD",SIDESWIPE SAME DIRECTION,ONE-WAY,STRAIGHT AND LEVEL,DRY,NO DEFECTS,N,FOLLOWING TOO CLOSELY,BEAT_112,2,5,0,5,42.063085,-87.48756,21,4,Friday,5,23,Night,0,0
2026-05-29 00:12:00,35,CLEAR,DAYLIGHT,TURNING,DIVIDED - W/MEDIAN,STRAIGHT AND LEVEL,DRY,NO DEFECTS,Y,FOLLOWING TOO CLOSELY,BEAT_111,2,5,0,5,42.047673,-87.50065,22,4,Friday,5,0,Night,0,0
2026-05-29 02:20:00,30,CLEAR,DAYLIGHT,REAR END,ONE-WAY,STRAIGHT AND LEVEL,DRY,NO DEFECTS,Y,WEATHER,BEAT_119,2,5,2,5,42.15349,-87.398072,22,4,Friday,5,2,Night,0,1
2026-05-29 06:00:00,30,CLEAR,DUSK,FIXED OBJECT,NOT DIVIDED,STRAIGHT AND LEVEL,DRY,NO DEFECTS,N,DRIVING SKILLS/KNOWLEDGE/EXPERIENCE,BEAT_102,2,5,0,5,41.907137,-87.611502,22,4,Friday,5,6,Morning_Rush,0,0
2026-05-29 08:06:00,30,CLEAR,DUSK,SIDESWIPE SAME DIRECTION,DIVIDED - W/MEDIAN,STRAIGHT AND LEVEL,DRY,NO DEFECTS,Y,FOLLOWING TOO CLOSELY,BEAT_106,3,5,2,5,41.9645,-87.555438,22,4,Friday,5,8,Morning_Rush,0,1
2026-05-29 10:53:00,25,CLEAR,DAYLIGHT,REAR END,DIVIDED - W/MEDIAN,STRAIGHT AND LEVEL,DRY,NO DEFECTS,N,WEATHER,BEAT_110,2,5,0,5,42.022645,-87.504596,22,4,Friday,5,10,Midday,0,0
2026-05-29 11:10:00,30,CLEAR,DAYLIGHT,FIXED OBJECT,DIVIDED - W/MEDIAN,STRAIGHT AND LEVEL,WET,NO DEFECTS,Y,FAILING TO YIELD RIGHT-OF-WAY,BEAT_102,1,5,0,5,41.909703,-87.605592,22,4,Friday,5,11,Midday,0,0
2026-05-29 11:59:00,20,CLEAR,"DARKNESS, LIGHTED ROAD",REAR END,ALLEY,STRAIGHT AND LEVEL,DRY,NO DEFECTS,N,FAILING TO YIELD RIGHT-OF-WAY,BEAT_107,2,5,0,5,41.988101,-87.541324,22,4,Friday,5,11,Midday,0,0
2026-05-29 18:32:00,25,CLEAR,"DARKNESS, LIGHTED ROAD",REAR END,DIVIDED - W/MEDIAN,"CURVE, LEVEL",WET,NO DEFECTS,N,FOLLOWING TOO CLOSELY,BEAT_104,2,5,0,5,41.933573,-87.577722,22,4,Friday,5,18,Evening_Rush,0,0
2026-05-29 20:06:00,30,CLEAR,"DARKNESS, LIGHTED ROAD",REAR END,NOT DIVIDED,STRAIGHT AND LEVEL,DRY,NO DEFECTS,Y,IMPROPER OVERTAKING/PASSING,BEAT_120,2,5,1,5,42.176798,-87.389299,22,4,Friday,5,20,Night,0,1
2026-05-29 20:09:00,25,RAIN,DAYLIGHT,REAR END,ONE-WAY,"CURVE, LEVEL",WET,NO DEFECTS,N,FOLLOWING TOO CLOSELY,BEAT_114,1,5,1,5,42.090293,-87.457788,22,4,Friday,5,20,Night,0,1
2026-05-29 21:38:00,30,CLEAR,DAYLIGHT,REAR END,ONE-WAY,STRAIGHT AND LEVEL,DRY,NO DEFECTS,N,WEATHER,BEAT_107,2,5,0,5,41.984553,-87.547344,22,4,Friday,5,21,Night,0,0
2026-05-29 23:06:00,35,CLEAR,"DARKNESS, LIGHTED ROAD",SIDESWIPE SAME DIRECTION,NOT DIVIDED,STRAIGHT AND LEVEL,DRY,NO DEFECTS,Y,DRIVING SKILLS/KNOWLEDGE/EXPERIENCE,BEAT_101,4,5,0,5,41.894971,-87.618566,22,4,Friday,5,23,Night,0,0
2026-06-05 01:52:00,25,CLEAR,DAYLIGHT,SIDESWIPE SAME DIRECTION,DIVIDED - W/MEDIAN,STRAIGHT AND LEVEL,DRY,NO DEFECTS,Y,DRIVING SKILLS/KNOWLEDGE/EXPERIENCE,BEAT_116,3,6,0,5,42.116019,-87.438196,23,4,Friday,6,1,Night,0,0
2026-06-05 03:11:00,35,FOG/SMOKE/HAZE,DARKNESS,PARKED MOTOR VEHICLE,ONE-WAY,STRAIGHT AND LEVEL,WET,"RUT, HOLES",Y,WEATHER,BEAT_103,2,6,1,5,41.930152,-87.594301,23,4,Friday,6,3,Night,0,1
2026-06-05 04:20:00,30,CLEAR,DARKNESS,PARKED MOTOR VEHICLE,ONE-WAY,STRAIGHT AND LEVEL,SNOW OR SLUSH,NO DEFECTS,N,DRIVING SKILLS/KNOWLEDGE/EXPERIENCE,BEAT_117,1,6,0,5,42.13514,-87.428228,23,4,Friday,6,4,Night,0,0
2026-06-05 12:34:00,25,CLEAR,"DARKNESS, LIGHTED ROAD",ANGLE,NOT DIVIDED,STRAIGHT AND LEVEL,DRY,NO DEFECTS,Y,FAILING TO YIELD RIGHT-OF-WAY,BEAT_109,2,6,0,5,42.013724,-87.523969,23,4,Friday,6,12,Midday,0,0
2026-06-05 13:51:00,25,CLEAR,DAYLIGHT,REAR END,NOT DIVIDED,STRAIGHT AND LEVEL,DRY,NO DEFECTS,N,FAILING TO YIELD RIGHT-OF-WAY,BEAT_105,2,6,0,5,41.9549,-87.563771,23,4,Friday,6,13,Midday,0,0
2026-06-05 14:21:00,35,CLEAR,DAYLIGHT,PARKED MOTOR VEHICLE,NOT DIVIDED,STRAIGHT AND LEVEL,WET,NO DEFECTS,N,IMPROPER OVERTAKING/PASSING,BEAT_112,2,6,0,5,42.059368,-87.492497,23,4,Friday,6,14,Midday,0,0
2026-06-05 14:31:00,30,CLEAR,DAYLIGHT,SIDESWIPE SAME DIRECTION,DIVIDED - W/MEDIAN,STRAIGHT AND LEVEL,DRY,NO DEFECTS,Y,FAILING TO YIELD RIGHT-OF-WAY,BEAT_106,2,6,0,5,41.970137,-87.562895,23,4,Friday,6,14,Midday,0,0
2026-06-05 17:25:00,35,FOG/SMOKE/HAZE,DAYLIGHT,TURNING,NOT DIVIDED,STRAIGHT AND LEVEL,WET,NO DEFECTS,Y,DRIVING SKILLS/KNOWLEDGE/EXPERIENCE,BEAT_106,2,6,0,5,41.96985,-87.558781,23,4,Friday,6,17,Evening_Rush,0,0
2026-06-05 18:55:00,35,CLEAR,DARKNESS,TURNING,FOUR WAY INTERSECTION,"CURVE, LEVEL",WET,NO DEFECTS,N,PHYSICAL CONDITION OF DRIVER,BEAT_108,2,6,0,5,41.997317,-87.534336,23,4,Friday,6,18,Evening_Rush,0,0
2026-06-05 20:07:00,25,CLEAR,DAYLIGHT,ANGLE,ALLEY,CURVE ON GRADE,DRY,NO DEFECTS,Y,DRIVING SKILLS/KNOWLEDGE/EXPERIENCE,BEAT_104,3,6,0,5,41.931728,-87.583377,23,4,Friday,6,20,Night,0,0
2026-06-05 23:07:00,35,CLEAR,DAYLIGHT,REAR END,NOT DIVIDED,STRAIGHT AND LEVEL,DRY,WORN SURFACE,N,WEATHER,BEAT_112,2,6,1,5,42.059406,-87.478657,23,4,Friday,6,23,Night,0,1
2026-06-05 23:09:00,30,CLEAR,DAYLIGHT,SIDESWIPE SAME DIRECTION,FOUR WAY INTERSECTION,STRAIGHT ON GRADE,DRY,NO DEFECTS,N,WEATHER,BEAT_120,2,6,0,5,42.182777,-87.388145,23,4,Friday,6,23,Night,0,0
2026-06-12 01:02:00,40,CLEAR,"DARKNESS, LIGHTED ROAD",SIDESWIPE SAME DIRECTION,ONE-WAY,STRAIGHT AND LEVEL,DRY,DEBRIS ON ROAD,N,PHYSICAL CONDITION OF DRIVER,BEAT_102,2,6,0,5,41.910706,-87.609675,24,4,Friday,6,1,Night,0,0
2026-06-12 01:20:00,35,CLEAR,DARKNESS,REAR END,ONE-WAY,STRAIGHT AND LEVEL,WET,NO DEFECTS,N,DRIVING SKILLS/KNOWLEDGE/EXPERIENCE,BEAT_104,2,6,0,5,41.93975,-87.579823,24,4,Friday,6,1,Night,0,0
2026-06-12 01:26:00,40,CLEAR,DAYLIGHT,SIDESWIPE SAME DIRECTION,DIVIDED - W/MEDIAN,STRAIGHT AND LEVEL,DRY,"RUT, HOLES",N,IMPROPER OVERTAKING/PASSING,BEAT_102,2,6,0,5,41.910237,-87.605439,24,4,Friday,6,1,Night,0,0
2026-06-12 01:39:00,40,CLEAR,DARKNESS,SIDESWIPE SAME DIRECTION,DIVIDED - W/MEDIAN,STRAIGHT AND LEVEL,DRY,NO DEFECTS,N,IMPROPER OVERTAKING/PASSING,BEAT_107,2,6,0,5,41.982483,-87.547329,24,4,Friday,6,1,Night,0,0
2026-06-12 07:26:00,30,CLEAR,DAYLIGHT,SIDESWIPE SAME DIRECTION,NOT DIVIDED,STRAIGHT AND LEVEL,DRY,NO DEFECTS,N,DRIVING SKILLS/KNOWLEDGE/EXPERIENCE,BEAT_102,2,6,0,5,41.906941,-87.603751,24,4,Friday,6,7,Morning_Rush,0,0
2026-06-12 07:35:00,35,CLEAR,DAYLIGHT,REAR END,NOT DIVIDED,STRAIGHT ON GRADE,WET,NO DEFECTS,N,IMPROPER OVERTAKING/PASSING,BEAT_103,2,6,0,5,41.923945,-87.591228,24,4,Friday,6,7,Morning_Rush,0,0
2026-06-12 10:25:00,35,CLEAR,"DARKNESS, LIGHTED ROAD",REAR END,FOUR WAY INTERSECTION,STRAIGHT AND LEVEL,WET,NO DEFECTS,N,FAILING TO YIELD RIGHT-OF-WAY,BEAT_110,2,6,0,5,42.027442,-87.511699,24,4,Friday,6,10,Midday,0,0
2026-06-12 11:03:00,30,CLEAR,DAYLIGHT,PEDESTRIAN,FOUR WAY INTERSECTION,STRAIGHT AND LEVEL,DRY,NO DEFECTS,N,DRIVING SKILLS/KNOWLEDGE/EXPERIENCE,BEAT_110,2,6,0,5,42.025413,-87.505941,24,4,Friday,6,11,Midday,0,0
2026-06-12 11:13:00,25,CLEAR,"DARKNESS, LIGHTED ROAD",SIDESWIPE SAME DIRECTION,ONE-WAY,STRAIGHT AND LEVEL,WET,NO DEFECTS,Y,DISREGARDING TRAFFIC SIGNALS,BEAT_107,1,6,0,5,41.983162,-87.54752,24,4,Friday,6,11,Midday,0,0
2026-06-12 13:07:00,30,RAIN,"DARKNESS, LIGHTED ROAD",SIDESWIPE SAME DIRECTION,FOUR WAY INTERSECTION,STRAIGHT AND LEVEL,WET,NO DEFECTS,N,DRIVING SKILLS/KNOWLEDGE/EXPERIENCE,BEAT_109,2,6,1,5,42.010847,-87.519114,24,4,Friday,6,13,Midday,0,1
2026-06-12 14:49:00,25,CLEAR,DAYLIGHT,ANGLE,NOT DIVIDED,STRAIGHT AND LEVEL,DRY,NO DEFECTS,Y,DRIVING SKILLS/KNOWLEDGE/EXPERIENCE,BEAT_110,2,6,0,5,42.031779,-87.51478,24,4,Friday,6,14,Midday,0,0
2026-06-12 15:43:00,30,SNOW,DUSK,REAR END,NOT DIVIDED,STRAIGHT AND LEVEL,WET,NO DEFECTS,Y,FOLLOWING TOO CLOSELY,BEAT_108,1,6,0,5,41.99619,-87.539373,24,4,Friday,6,15,Midday,0,0
2026-06-12 15:52:00,30,CLEAR,DARKNESS,PARKED MOTOR VEHICLE,NOT DIVIDED,STRAIGHT AND LEVEL,DRY,NO DEFECTS,Y,FOLLOWING TOO CLOSELY,BEAT_110,2,6,0,5,42.031942,-87.508445,24,4,Friday,6,15,Midday,0,0
2026-06-12 16:11:00,40,CLEAR,DAYLIGHT,PEDESTRIAN,ONE-WAY,STRAIGHT AND LEVEL,DRY,NO DEFECTS,N,FOLLOWING TOO CLOSELY,BEAT_112,2,6,0,5,42.057576,-87.483463,24,4,Friday,6,16,Evening_Rush,0,0
2026-06-12 17:11:00,35,CLEAR,DAYLIGHT,REAR END,DIVIDED - W/MEDIAN,STRAIGHT AND LEVEL,DRY,NO DEFECTS,N,FAILING TO YIELD RIGHT-OF-WAY,BEAT_109,2,6,0,5,42.00795,-87.52436,24,4,Friday,6,17,Evening_Rush,0,0
2026-06-12 17:39:00,30,CLEAR,"DARKNESS, LIGHTED ROAD",REAR END,FOUR WAY INTERSECTION,STRAIGHT AND LEVEL,SNOW OR SLUSH,"RUT, HOLES",N,DISREGARDING TRAFFIC SIGNALS,BEAT_112,2,6,1,5,42.055806,-87.483862,24,4,Friday,6,17,Evening_Rush,0,1
2026-06-12 18:03:00,25,CLEAR,"DARKNESS, LIGHTED ROAD",PARKED MOTOR VEHICLE,NOT DIVIDED,STRAIGHT AND LEVEL,DRY,NO DEFECTS,N,WEATHER,BEAT_119,2,6,0,5,42.162074,-87.40189,24,4,Friday,6,18,Evening_Rush,0,0
2026-06-12 21:22:00,25,CLEAR,DAYLIGHT,SIDESWIPE SAME DIRECTION,DIVIDED - W/MEDIAN,STRAIGHT AND LEVEL,DRY,NO DEFECTS,N,IMPROPER OVERTAKING/PASSING,BEAT_115,2,6,0,5,42.102307,-87.452123,24,4,Friday,6,21,Night,0,0
2026-06-19 01:05:00,25,CLEAR,DAYLIGHT,FIXED OBJECT,DIVIDED - W/MEDIAN,STRAIGHT AND LEVEL,WET,"RUT, HOLES",N,FOLLOWING TOO CLOSELY,BEAT_114,1,6,0,5,42.094576,-87.462163,25,4,Friday,6,1,Night,0,0
2026-06-19 04:21:00,30,CLEAR,DAYLIGHT,REAR END,NOT DIVIDED,STRAIGHT AND LEVEL,DRY,NO DEFECTS,Y,FOLLOWING TOO CLOSELY,BEAT_107,3,6,0,5,41.979972,-87.546193,25,4,Friday,6,4,Night,0,0
2026-06-19 05:25:00,35,SNOW,DARKNESS,ANGLE,DIVIDED - W/MEDIAN,STRAIGHT AND LEVEL,ICE,NO DEFECTS,Y,FAILING TO YIELD RIGHT-OF-WAY,BEAT_103,2,6,0,5,41.925518,-87.59353,25,4,Friday,6,5,Night,0,0
2026-06-19 05:54:00,30,CLEAR,DAYLIGHT,TURNING,FOUR WAY INTERSECTION,STRAIGHT AND LEVEL,DRY,NO DEFECTS,Y,DISREGARDING TRAFFIC SIGNALS,BEAT_102,2,6,0,5,41.907882,-87.605682,25,4,Friday,6,5,Night,0,0
2026-06-19 08:49:00,25,FOG/SMOKE/HAZE,DAWN,SIDESWIPE SAME DIRECTION,ONE-WAY,STRAIGHT AND LEVEL,WET,NO DEFECTS,N,IMPROPER OVERTAKING/PASSING,BEAT_102,2,6,1,5,41.911563,-87.607232,25,4,Friday,6,8,Morning_Rush,0,1
2026-06-19 10:07:00,25,CLEAR,DAYLIGHT,REAR END,DIVIDED - W/MEDIAN,STRAIGHT AND LEVEL,DRY,NO DEFECTS,Y,FOLLOWING TOO CLOSELY,BEAT_103,2,6,0,5,41.923219,-87.59453,25,4,Friday,6,10,Midday,0,0
2026-06-19 10:47:00,20,SEVERE RAIN,DAYLIGHT,SIDESWIPE SAME DIRECTION,DIVIDED - W/MEDIAN,STRAIGHT AND LEVEL,WET,SHOULDER DEFECT,Y,DRIVING SKILLS/KNOWLEDGE/EXPERIENCE,BEAT_111,2,6,0,5,42.037869,-87.494506,25,4,Friday,6,10,Midday,0,0
2026-06-19 12:34:00,30,CLEAR,DAYLIGHT,REAR END,DIVIDED - W/MEDIAN,STRAIGHT AND LEVEL,DRY,SHOULDER DEFECT,N,DRIVING SKILLS/KNOWLEDGE/EXPERIENCE,BEAT_109,2,6,0,5,42.016177,-87.522326,25,4,Friday,6,12,Midday,0,0
2026-06-19 14:05:00,20,CLEAR,DAYLIGHT,REAR END,NOT DIVIDED,STRAIGHT AND LEVEL,DRY,NO DEFECTS,N,FAILING TO YIELD RIGHT-OF-WAY,BEAT_113,2,6,0,5,42.070903,-87.469838,25,4,Friday,6,14,Midday,0,0
2026-06-19 16:50:00,45,CLEAR,DAYLIGHT,ANGLE,ALLEY,STRAIGHT AND LEVEL,WET,WORN SURFACE,N,FOLLOWING TOO CLOSELY,BEAT_116,2,6,0,5,42.118317,-87.435697,25,4,Friday,6,16,Evening_Rush,0,0
2026-06-19 21:36:00,25,CLEAR,DUSK,SIDESWIPE SAME DIRECTION,FOUR WAY INTERSECTION,STRAIGHT AND LEVEL,DRY,SHOULDER DEFECT,Y,FAILING TO YIELD RIGHT-OF-WAY,BEAT_103,2,6,0,5,41.923075,-87.590872,25,4,Friday,6,21,Night,0,0
2026-06-19 22:44:00,20,CLEAR,DAYLIGHT,SIDESWIPE SAME DIRECTION,NOT DIVIDED,STRAIGHT AND LEVEL,DRY,DEBRIS ON ROAD,Y,FAILING TO YIELD RIGHT-OF-WAY,BEAT_114,2,6,0,5,42.083784,-87.462476,25,4,Friday,6,22,Night,0,0
2026-06-26 02:07:00,20,CLEAR,DAYLIGHT,REAR END,DIVIDED - W/MEDIAN,"CURVE, LEVEL",DRY,NO DEFECTS,Y,IMPROPER OVERTAKING/PASSING,BEAT_120,2,6,0,5,42.17561,-87.387373,26,4,Friday,6,2,Night,0,0
2026-06-26 04:30:00,35,CLEAR,DAYLIGHT,SIDESWIPE SAME DIRECTION,DIVIDED - W/MEDIAN,STRAIGHT AND LEVEL,DRY,SHOULDER DEFECT,N,FAILING TO YIELD RIGHT-OF-WAY,BEAT_105,2,6,0,5,41.956099,-87.56717,26,4,Friday,6,4,Night,0,0
2026-06-26 07:05:00,30,CLEAR,"DARKNESS, LIGHTED ROAD",ANGLE,NOT DIVIDED,STRAIGHT AND LEVEL,DRY,DEBRIS ON ROAD,Y,WEATHER,BEAT_105,2,6,0,5,41.948775,-87.568689,26,4,Friday,6,7,Morning_Rush,0,0
2026-06-26 10:10:00,30,SNOW,"DARKNESS, LIGHTED ROAD",PARKED MOTOR VEHICLE,NOT DIVIDED,STRAIGHT AND LEVEL,WET,"RUT, HOLES",N,FOLLOWING TOO CLOSELY,BEAT_106,4,6,0,5,41.966636,-87.555342,26,4,Friday,6,10,Midday,0,0
2026-06-26 14:55:00,25,FOG/SMOKE/HAZE,DAYLIGHT,REAR END,ONE-WAY,STRAIGHT AND LEVEL,ICE,NO DEFECTS,N,IMPROPER OVERTAKING/PASSING,BEAT_116,2,6,0,5,42.113901,-87.441126,26,4,Friday,6,14,Midday,0,0
2026-06-26 16:10:00,30,CLEAR,"DARKNESS, LIGHTED ROAD",REAR END,ONE-WAY,CURVE ON GRADE,DRY,NO DEFECTS,Y,FOLLOWING TOO CLOSELY,BEAT_112,2,6,0,5,42.057798,-87.483945,26,4,Friday,6,16,Evening_Rush,0,0
2026-06-26 16:46:00,25,CLEAR,DAYLIGHT,REAR END,DIVIDED - W/MEDIAN,STRAIGHT AND LEVEL,WET,NO DEFECTS,Y,FAILING TO YIELD RIGHT-OF-WAY,BEAT_118,2,6,0,5,42.149669,-87.411394,26,4,Friday,6,16,Evening_Rush,0,0
2026-06-26 17:00:00,35,CLEAR,"DARKNESS, LIGHTED ROAD",PARKED MOTOR VEHICLE,DIVIDED - W/MEDIAN,STRAIGHT AND LEVEL,WET,NO DEFECTS,N,DISREGARDING TRAFFIC SIGNALS,BEAT_119,3,6,0,5,42.161675,-87.398279,26,4,Friday,6,17,Evening_Rush,0,0
2026-07-03 00:15:00,25,CLEAR,DAYLIGHT,REAR END,ALLEY,STRAIGHT AND LEVEL,DRY,NO DEFECTS,Y,DRIVING SKILLS/KNOWLEDGE/EXPERIENCE,BEAT_106,2,7,1,5,41.968062,-87.556667,27,4,Friday,7,0,Night,0,1
2026-07-03 03:05:00,25,SNOW,DAYLIGHT,REAR END,DIVIDED - W/MEDIAN,STRAIGHT AND LEVEL,SNOW OR SLUSH,NO DEFECTS,Y,FAILING TO YIELD RIGHT-OF-WAY,BEAT_119,2,7,0,5,42.164861,-87.403056,27,4,Friday,7,3,Night,0,0
2026-07-03 04:05:00,25,CLEAR,DARKNESS,SIDESWIPE SAME DIRECTION,DIVIDED - W/MEDIAN,STRAIGHT AND LEVEL,DRY,NO DEFECTS,Y,FOLLOWING TOO CLOSELY,BEAT_105,2,7,0,5,41.956829,-87.572648,27,4,Friday,7,4,Night,0,0
2026-07-03 07:19:00,30,CLEAR,DARKNESS,SIDESWIPE SAME DIRECTION,DIVIDED - W/MEDIAN,STRAIGHT AND LEVEL,WET,NO DEFECTS,Y,FAILING TO YIELD RIGHT-OF-WAY,BEAT_105,2,7,0,5,41.946837,-87.572659,27,4,Friday,7,7,Morning_Rush,0,0
2026-07-03 11:30:00,45,CLEAR,DAYLIGHT,REAR END,DIVIDED - W/MEDIAN,"CURVE, LEVEL",DRY,NO DEFECTS,Y,FAILING TO YIELD RIGHT-OF-WAY,BEAT_114,2,7,0,5,42.090647,-87.462116,27,4,Friday,7,11,Midday,0,0
2026-07-03 14:14:00,25,RAIN,DAYLIGHT,REAR END,ALLEY,STRAIGHT AND LEVEL,WET,NO DEFECTS,N,FOLLOWING TOO CLOSELY,BEAT_105,2,7,1,5,41.954178,-87.569469,27,4,Friday,7,14,Midday,0,1
2026-07-03 15:48:00,40,CLEAR,"DARKNESS, LIGHTED ROAD",PARKED MOTOR VEHICLE,NOT DIVIDED,STRAIGHT AND LEVEL,WET,NO DEFECTS,Y,FAILING TO YIELD RIGHT-OF-WAY,BEAT_110,2,7,0,5,42.022909,-87.507828,27,4,Friday,7,15,Midday,0,0
2026-07-03 17:25:00,25,SNOW,"DARKNESS, LIGHTED ROAD",PARKED MOTOR VEHICLE,DIVIDED - W/MEDIAN,STRAIGHT AND LEVEL,WET,NO DEFECTS,N,FOLLOWING TOO CLOSELY,BEAT_108,1,7,0,5,42.001149,-87.533379,27,4,Friday,7,17,Evening_Rush,0,0
2026-07-03 18:50:00,35,FOG/SMOKE/HAZE,"DARKNESS, LIGHTED ROAD",REAR END,ONE-WAY,STRAIGHT AND LEVEL,WET,NO DEFECTS,N,DISREGARDING TRAFFIC SIGNALS,BEAT_117,2,7,0,5,42.133055,-87.431977,27,4,Friday,7,18,Evening_Rush,0,0
2026-07-03 19:03:00,30,SNOW,"DARKNESS, LIGHTED ROAD",SIDESWIPE SAME DIRECTION,DIVIDED - W/MEDIAN,STRAIGHT AND LEVEL,ICE,NO DEFECTS,N,DRIVING SKILLS/KNOWLEDGE/EXPERIENCE,BEAT_105,2,7,0,5,41.949849,-87.572148,27,4,Friday,7,19,Evening_Rush,0,0
2026-07-03 19:24:00,20,CLEAR,DAYLIGHT,ANGLE,NOT DIVIDED,STRAIGHT AND LEVEL,SNOW OR SLUSH,"RUT, HOLES",N,DRIVING SKILLS/KNOWLEDGE/EXPERIENCE,BEAT_106,2,7,0,5,41.9682,-87.5552,27,4,Friday,7,19,Evening_Rush,0,0
2026-07-03 20:57:00,20,SNOW,DAYLIGHT,SIDESWIPE SAME DIRECTION,DIVIDED - W/MEDIAN,STRAIGHT AND LEVEL,SNOW OR SLUSH,NO DEFECTS,Y,FOLLOWING TOO CLOSELY,BEAT_109,2,7,1,5,42.011377,-87.52544,27,4,Friday,7,20,Night,0,1
2026-07-03 21:10:00,40,CLEAR,DAYLIGHT,TURNING,NOT DIVIDED,STRAIGHT AND LEVEL,DRY,NO DEFECTS,Y,FOLLOWING TOO CLOSELY,BEAT_119,2,7,0,5,42.157887,-87.403297,27,4,Friday,7,21,Night,0,0
2026-07-10 01:30:00,20,RAIN,"DARKNESS, LIGHTED ROAD",PARKED MOTOR VEHICLE,ONE-WAY,STRAIGHT AND LEVEL,WET,NO DEFECTS,Y,DRIVING SKILLS/KNOWLEDGE/EXPERIENCE,BEAT_115,2,7,1,5,42.101225,-87.446642,28,4,Friday,7,1,Night,0,1
2026-07-10 03:55:00,45,CLEAR,"DARKNESS, LIGHTED ROAD",FIXED OBJECT,DIVIDED - W/MEDIAN,STRAIGHT AND LEVEL,WET,NO DEFECTS,N,FAILING TO YIELD RIGHT-OF-WAY,BEAT_113,1,7,0,5,42.072132,-87.471525,28,4,Friday,7,3,Night,0,0
2026-07-10 06:08:00,35,SEVERE RAIN,DAYLIGHT,REAR END,FOUR WAY INTERSECTION,"CURVE, LEVEL",ICE,NO DEFECTS,N,DRIVING SKILLS/KNOWLEDGE/EXPERIENCE,BEAT_120,2,7,2,5,42.1796,-87.391104,28,4,Friday,7,6,Morning_Rush,0,1
2026-07-10 07:54:00,40,CLEAR,DAYLIGHT,FIXED OBJECT,ONE-WAY,STRAIGHT ON GRADE,DRY,NO DEFECTS,N,FOLLOWING TOO CLOSELY,BEAT_104,2,7,1,5,41.940079,-87.579951,28,4,Friday,7,7,Morning_Rush,0,1
2026-07-10 14:30:00,25,RAIN,DAYLIGHT,SIDESWIPE SAME DIRECTION,DIVIDED - W/MEDIAN,STRAIGHT AND LEVEL,SNOW OR SLUSH,NO DEFECTS,N,FAILING TO YIELD RIGHT-OF-WAY,BEAT_111,2,7,0,5,42.040835,-87.501813,28,4,Friday,7,14,Midday,0,0
2026-07-10 14:30:00,25,RAIN,"DARKNESS, LIGHTED ROAD",FIXED OBJECT,ALLEY,STRAIGHT AND LEVEL,SNOW OR SLUSH,NO DEFECTS,N,FOLLOWING TOO CLOSELY,BEAT_110,2,7,0,5,42.030894,-87.509113,28,4,Friday,7,14,Midday,0,0
2026-07-10 21:20:00,30,CLEAR,DAYLIGHT,ANGLE,DIVIDED - W/MEDIAN,STRAIGHT AND LEVEL,WET,NO DEFECTS,N,DRIVING SKILLS/KNOWLEDGE/EXPERIENCE,BEAT_110,2,7,0,5,42.025693,-87.505761,28,4,Friday,7,21,Night,0,0
2026-07-10 23:49:00,30,CLEAR,DAYLIGHT,ANGLE,DIVIDED - W/MEDIAN,STRAIGHT AND LEVEL,DRY,NO DEFECTS,N,WEATHER,BEAT_120,3,7,0,5,42.176874,-87.38894,28,4,Friday,7,23,Night,0,0
2026-07-17 07:18:00,35,CLEAR,DAYLIGHT,PARKED MOTOR VEHICLE,NOT DIVIDED,STRAIGHT AND LEVEL,DRY,NO DEFECTS,Y,IMPROPER OVERTAKING/PASSING,BEAT_115,2,7,0,5,42.104345,-87.447768,29,4,Friday,7,7,Morning_Rush,0,0
2026-07-17 07:24:00,30,SEVERE RAIN,DUSK,PARKED MOTOR VEHICLE,DIVIDED - W/MEDIAN,STRAIGHT AND LEVEL,SNOW OR SLUSH,NO DEFECTS,N,FAILING TO YIELD RIGHT-OF-WAY,BEAT_118,2,7,0,5,42.14352,-87.413974,29,4,Friday,7,7,Morning_Rush,0,0
2026-07-17 07:55:00,25,RAIN,DAYLIGHT,PARKED MOTOR VEHICLE,ONE-WAY,STRAIGHT AND LEVEL,SNOW OR SLUSH,NO DEFECTS,Y,FAILING TO YIELD RIGHT-OF-WAY,BEAT_107,4,7,3,5,41.986944,-87.551469,29,4,Friday,7,7,Morning_Rush,0,1
2026-07-17 08:29:00,30,CLEAR,"DARKNESS, LIGHTED ROAD",TURNING,FOUR WAY INTERSECTION,"CURVE, LEVEL",DRY,NO DEFECTS,Y,IMPROPER OVERTAKING/PASSING,BEAT_103,3,7,0,5,41.926207,-87.597025,29,4,Friday,7,8,Morning_Rush,0,0
2026-07-17 09:52:00,30,CLEAR,DAYLIGHT,FIXED OBJECT,NOT DIVIDED,STRAIGHT AND LEVEL,DRY,NO DEFECTS,Y,PHYSICAL CONDITION OF DRIVER,BEAT_113,2,7,0,5,42.076816,-87.472975,29,4,Friday,7,9,Morning_Rush,0,0
2026-07-17 10:15:00,25,RAIN,"DARKNESS, LIGHTED ROAD",REAR END,NOT DIVIDED,STRAIGHT AND LEVEL,WET,WORN SURFACE,N,FAILING TO YIELD RIGHT-OF-WAY,BEAT_101,1,7,1,5,41.893391,-87.618515,29,4,Friday,7,10,Midday,0,1
2026-07-17 12:43:00,30,CLEAR,DAYLIGHT,ANGLE,DIVIDED - W/MEDIAN,STRAIGHT AND LEVEL,WET,NO DEFECTS,Y,FOLLOWING TOO CLOSELY,BEAT_119,1,7,1,5,42.162265,-87.397771,29,4,Friday,7,12,Midday,0,1
2026-07-17 13:36:00,30,SNOW,"DARKNESS, LIGHTED ROAD",TURNING,FOUR WAY INTERSECTION,STRAIGHT AND LEVEL,WET,NO DEFECTS,N,FAILING TO YIELD RIGHT-OF-WAY,BEAT_108,2,7,0,5,41.995606,-87.542086,29,4,Friday,7,13,Midday,0,0
2026-07-17 14:35:00,45,CLEAR,"DARKNESS, LIGHTED ROAD",REAR END,FOUR WAY INTERSECTION,STRAIGHT AND LEVEL,ICE,NO DEFECTS,Y,FAILING TO YIELD RIGHT-OF-WAY,BEAT_111,4,7,1,5,42.041015,-87.494816,29,4,Friday,7,14,Midday,0,1
2026-07-17 14:40:00,25,CLEAR,DAYLIGHT,TURNING,FOUR WAY INTERSECTION,STRAIGHT AND LEVEL,WET,NO DEFECTS,N,FAILING TO YIELD RIGHT-OF-WAY,BEAT_108,2,7,0,5,41.995663,-87.532147,29,4,Friday,7,14,Midday,0,0
2026-07-17 17:29:00,25,CLEAR,DAYLIGHT,REAR END,ONE-WAY,STRAIGHT AND LEVEL,DRY,"RUT, HOLES",N,FOLLOWING TOO CLOSELY,BEAT_101,2,7,0,5,41.89135,-87.617323,29,4,Friday,7,17,Evening_Rush,0,0
2026-07-17 19:30:00,30,CLEAR,"DARKNESS, LIGHTED ROAD",SIDESWIPE SAME DIRECTION,NOT DIVIDED,STRAIGHT AND LEVEL,DRY,NO DEFECTS,N,DRIVING SKILLS/KNOWLEDGE/EXPERIENCE,BEAT_101,2,7,0,5,41.895614,-87.618572,29,4,Friday,7,19,Evening_Rush,0,0
2026-07-17 20:44:00,30,CLEAR,"DARKNESS, LIGHTED ROAD",TURNING,ONE-WAY,STRAIGHT ON GRADE,DRY,NO DEFECTS,Y,FAILING TO YIELD RIGHT-OF-WAY,BEAT_114,2,7,0,5,42.085085,-87.465357,29,4,Friday,7,20,Night,0,0
2026-07-17 22:03:00,40,RAIN,DAYLIGHT,SIDESWIPE SAME DIRECTION,ALLEY,STRAIGHT AND LEVEL,SNOW OR SLUSH,NO DEFECTS,Y,DRIVING SKILLS/KNOWLEDGE/EXPERIENCE,BEAT_111,2,7,1,5,42.039134,-87.499805,29,4,Friday,7,22,Night,0,1
2026-07-24 01:33:00,25,CLEAR,"DARKNESS, LIGHTED ROAD",TURNING,ONE-WAY,STRAIGHT AND LEVEL,DRY,NO DEFECTS,N,FAILING TO YIELD RIGHT-OF-WAY,BEAT_116,2,7,0,5,42.112061,-87.436566,30,4,Friday,7,1,Night,0,0
2026-07-24 06:11:00,25,CLEAR,DAYLIGHT,REAR END,NOT DIVIDED,STRAIGHT AND LEVEL,DRY,"RUT, HOLES",Y,WEATHER,BEAT_108,2,7,0,5,42.002093,-87.531504,30,4,Friday,7,6,Morning_Rush,0,0
2026-07-24 07:10:00,30,CLEAR,DUSK,ANGLE,T-INTERSECTION,STRAIGHT AND LEVEL,SNOW OR SLUSH,NO DEFECTS,Y,FOLLOWING TOO CLOSELY,BEAT_119,2,7,0,5,42.159839,-87.407665,30,4,Friday,7,7,Morning_Rush,0,0
2026-07-24 08:00:00,30,CLEAR,"DARKNESS, LIGHTED ROAD",REAR END,NOT DIVIDED,STRAIGHT AND LEVEL,WET,NO DEFECTS,Y,FAILING TO YIELD RIGHT-OF-WAY,BEAT_115,2,7,0,5,42.09973,-87.454316,30,4,Friday,7,8,Morning_Rush,0,0
2026-07-24 10:15:00,40,RAIN,DAYLIGHT,TURNING,FOUR WAY INTERSECTION,STRAIGHT AND LEVEL,WET,NO DEFECTS,N,FOLLOWING TOO CLOSELY,BEAT_118,2,7,0,5,42.148868,-87.417044,30,4,Friday,7,10,Midday,0,0
2026-07-24 11:37:00,30,CLEAR,DAYLIGHT,ANGLE,ONE-WAY,STRAIGHT ON GRADE,DRY,NO DEFECTS,Y,FAILING TO YIELD RIGHT-OF-WAY,BEAT_120,2,7,0,5,42.180262,-87.392959,30,4,Friday,7,11,Midday,0,0
2026-07-24 12:16:00,30,RAIN,"DARKNESS, LIGHTED ROAD",ANGLE,DIVIDED - W/MEDIAN,"CURVE, LEVEL",SNOW OR SLUSH,NO DEFECTS,Y,FOLLOWING TOO CLOSELY,BEAT_119,1,7,0,5,42.156874,-87.403227,30,4,Friday,7,12,Midday,0,0
2026-07-24 20:40:00,50,CLEAR,"DARKNESS, LIGHTED ROAD",SIDESWIPE SAME DIRECTION,ALLEY,STRAIGHT AND LEVEL,SNOW OR SLUSH,NO DEFECTS,Y,FOLLOWING TOO CLOSELY,BEAT_102,2,7,0,5,41.905265,-87.611167,30,4,Friday,7,20,Night,0,0
2026-07-24 21:39:00,30,CLEAR,DAYLIGHT,TURNING,DIVIDED - W/MEDIAN,STRAIGHT AND LEVEL,WET,NO DEFECTS,N,FOLLOWING TOO CLOSELY,BEAT_115,2,7,0,5,42.102857,-87.449185,30,4,Friday,7,21,Night,0,0
2026-07-24 21:53:00,30,CLEAR,DAYLIGHT,PARKED MOTOR VEHICLE,DIVIDED - W/MEDIAN,STRAIGHT AND LEVEL,WET,NO DEFECTS,Y,FAILING TO YIELD RIGHT-OF-WAY,BEAT_101,2,7,0,5,41.894643,-87.62188,30,4,Friday,7,21,Night,0,0
2026-07-31 00:19:00,30,RAIN,DAYLIGHT,SIDESWIPE SAME DIRECTION,NOT DIVIDED,STRAIGHT ON GRADE,WET,NO DEFECTS,Y,DRIVING SKILLS/KNOWLEDGE/EXPERIENCE,BEAT_117,2,7,0,5,42.138641,-87.425002,31,4,Friday,7,0,Night,0,0
2026-07-31 08:33:00,35,SNOW,DAYLIGHT,REAR END,ONE-WAY,STRAIGHT AND LEVEL,WET,NO DEFECTS,Y,IMPROPER OVERTAKING/PASSING,BEAT_114,2,7,0,5,42.087914,-87.464661,31,4,Friday,7,8,Morning_Rush,0,0
2026-07-31 09:30:00,30,CLEAR,DAYLIGHT,REAR END,NOT DIVIDED,STRAIGHT AND LEVEL,DRY,NO DEFECTS,N,FAILING TO YIELD RIGHT-OF-WAY,BEAT_119,2,7,1,5,42.161559,-87.400461,31,4,Friday,7,9,Morning_Rush,0,1
2026-07-31 10:16:00,25,CLEAR,DAYLIGHT,SIDESWIPE SAME DIRECTION,ONE-WAY,STRAIGHT AND LEVEL,DRY,NO DEFECTS,Y,FAILING TO YIELD RIGHT-OF-WAY,BEAT_114,2,7,0,5,42.092832,-87.465533,31,4,Friday,7,10,Midday,0,0
2026-07-31 11:23:00,30,RAIN,DAYLIGHT,REAR END,T-INTERSECTION,STRAIGHT AND LEVEL,SNOW OR SLUSH,NO DEFECTS,N,FAILING TO YIELD RIGHT-OF-WAY,BEAT_102,2,7,3,5,41.907877,-87.602828,31,4,Friday,7,11,Midday,0,1
2026-07-31 14:12:00,40,CLEAR,"DARKNESS, LIGHTED ROAD",SIDESWIPE SAME DIRECTION,NOT DIVIDED,STRAIGHT AND LEVEL,DRY,SHOULDER DEFECT,N,WEATHER,BEAT_112,3,7,1,5,42.057627,-87.487968,31,4,Friday,7,14,Midday,0,1
2026-07-31 14:44:00,35,CLEAR,DAWN,PARKED MOTOR VEHICLE,DIVIDED - W/MEDIAN,CURVE ON GRADE,DRY,NO DEFECTS,Y,WEATHER,BEAT_119,1,7,0,5,42.168797,-87.403091,31,4,Friday,7,14,Midday,0,0
2026-07-31 17:46:00,30,CLEAR,DAYLIGHT,REAR END,DIVIDED - W/MEDIAN,STRAIGHT AND LEVEL,DRY,NO DEFECTS,Y,WEATHER,BEAT_116,1,7,0,5,42.115955,-87.436004,31,4,Friday,7,17,Evening_Rush,0,0
2026-07-31 23:08:00,25,CLEAR,DAYLIGHT,TURNING,DIVIDED - W/MEDIAN,STRAIGHT AND LEVEL,DRY,NO DEFECTS,N,FAILING TO YIELD RIGHT-OF-WAY,BEAT_113,2,7,0,5,42.076837,-87.47066,31,4,Friday,7,23,Night,0,0
2026-08-07 00:56:00,35,CLEAR,DAYLIGHT,ANGLE,NOT DIVIDED,STRAIGHT AND LEVEL,DRY,"RUT, HOLES",Y,FOLLOWING TOO CLOSELY,BEAT_117,1,8,0,5,42.128744,-87.431156,32,4,Friday,8,0,Night,0,0
2026-08-07 03:47:00,25,RAIN,DAYLIGHT,REAR END,DIVIDED - W/MEDIAN,STRAIGHT AND LEVEL,ICE,NO DEFECTS,Y,DISREGARDING TRAFFIC SIGNALS,BEAT_105,2,8,0,5,41.950036,-87.572446,32,4,Friday,8,3,Night,0,0
2026-08-07 04:48:00,30,SNOW,DAYLIGHT,ANGLE,ONE-WAY,STRAIGHT AND LEVEL,WET,NO DEFECTS,Y,IMPROPER OVERTAKING/PASSING,BEAT_105,2,8,0,5,41.951399,-87.576212,32,4,Friday,8,4,Night,0,0
2026-08-07 11:45:00,30,RAIN,DAYLIGHT,ANGLE,NOT DIVIDED,STRAIGHT AND LEVEL,WET,NO DEFECTS,N,DRIVING SKILLS/KNOWLEDGE/EXPERIENCE,BEAT_109,1,8,3,5,42.013188,-87.525275,32,4,Friday,8,11,Midday,0,1
2026-08-07 12:35:00,30,CLEAR,"DARKNESS, LIGHTED ROAD",SIDESWIPE SAME DIRECTION,NOT DIVIDED,CURVE ON GRADE,DRY,"RUT, HOLES",Y,IMPROPER OVERTAKING/PASSING,BEAT_112,2,8,0,5,42.056055,-87.486797,32,4,Friday,8,12,Midday,0,0
2026-08-07 14:33:00,25,CLEAR,DAYLIGHT,REAR END,NOT DIVIDED,STRAIGHT AND LEVEL,DRY,NO DEFECTS,Y,FOLLOWING TOO CLOSELY,BEAT_111,2,8,0,5,42.041046,-87.497238,32,4,Friday,8,14,Midday,0,0
2026-08-07 16:11:00,25,CLEAR,DAYLIGHT,REAR END,DIVIDED - W/MEDIAN,STRAIGHT AND LEVEL,SNOW OR SLUSH,NO DEFECTS,Y,IMPROPER OVERTAKING/PASSING,BEAT_107,1,8,0,5,41.980614,-87.547788,32,4,Friday,8,16,Evening_Rush,0,0
2026-08-07 16:22:00,30,CLEAR,DAYLIGHT,TURNING,DIVIDED - W/MEDIAN,STRAIGHT AND LEVEL,DRY,NO DEFECTS,N,FOLLOWING TOO CLOSELY,BEAT_113,2,8,0,5,42.072511,-87.478255,32,4,Friday,8,16,Evening_Rush,0,0
2026-08-07 17:20:00,30,CLEAR,"DARKNESS, LIGHTED ROAD",SIDESWIPE SAME DIRECTION,DIVIDED - W/MEDIAN,STRAIGHT AND LEVEL,DRY,NO DEFECTS,Y,WEATHER,BEAT_101,2,8,3,5,41.89118,-87.619364,32,4,Friday,8,17,Evening_Rush,0,1
2026-08-14 00:46:00,30,SNOW,DAYLIGHT,FIXED OBJECT,NOT DIVIDED,STRAIGHT AND LEVEL,SNOW OR SLUSH,"RUT, HOLES",Y,PHYSICAL CONDITION OF DRIVER,BEAT_104,2,8,0,5,41.941537,-87.583097,33,4,Friday,8,0,Night,0,0
2026-08-14 00:49:00,25,CLEAR,DAYLIGHT,SIDESWIPE SAME DIRECTION,DIVIDED - W/MEDIAN,STRAIGHT AND LEVEL,WET,NO DEFECTS,N,FOLLOWING TOO CLOSELY,BEAT_109,2,8,1,5,42.009137,-87.519486,33,4,Friday,8,0,Night,0,1
2026-08-14 00:54:00,30,CLEAR,DAYLIGHT,REAR END,NOT DIVIDED,STRAIGHT AND LEVEL,DRY,NO DEFECTS,Y,DRIVING SKILLS/KNOWLEDGE/EXPERIENCE,BEAT_117,2,8,0,5,42.131458,-87.428613,33,4,Friday,8,0,Night,0,0
2026-08-14 03:19:00,40,CLEAR,DUSK,TURNING,FOUR WAY INTERSECTION,STRAIGHT AND LEVEL,WET,NO DEFECTS,N,DRIVING SKILLS/KNOWLEDGE/EXPERIENCE,BEAT_106,2,8,0,5,41.968463,-87.558923,33,4,Friday,8,3,Night,0,0
2026-08-14 04:52:00,25,RAIN,DAYLIGHT,ANGLE,FOUR WAY INTERSECTION,STRAIGHT AND LEVEL,WET,NO DEFECTS,N,DRIVING SKILLS/KNOWLEDGE/EXPERIENCE,BEAT_105,2,8,0,5,41.955269,-87.568808,33,4,Friday,8,4,Night,0,0
2026-08-14 07:30:00,35,RAIN,"DARKNESS, LIGHTED ROAD",ANGLE,FOUR WAY INTERSECTION,STRAIGHT AND LEVEL,WET,NO DEFECTS,Y,DRIVING SKILLS/KNOWLEDGE/EXPERIENCE,BEAT_107,2,8,0,5,41.980103,-87.545945,33,4,Friday,8,7,Morning_Rush,0,0
2026-08-14 07:44:00,25,CLEAR,DUSK,SIDESWIPE SAME DIRECTION,DIVIDED - W/MEDIAN,STRAIGHT ON GRADE,DRY,NO DEFECTS,N,DRIVING SKILLS/KNOWLEDGE/EXPERIENCE,BEAT_114,2,8,0,5,42.087383,-87.46386,33,4,Friday,8,7,Morning_Rush,0,0
2026-08-14 07:58:00,25,CLEAR,DAYLIGHT,SIDESWIPE SAME DIRECTION,NOT DIVIDED,STRAIGHT AND LEVEL,DRY,NO DEFECTS,Y,DRIVING SKILLS/KNOWLEDGE/EXPERIENCE,BEAT_112,2,8,0,5,42.065719,-87.483715,33,4,Friday,8,7,Morning_Rush,0,0
2026-08-14 09:49:00,30,SNOW,DARKNESS,REAR END,NOT DIVIDED,STRAIGHT AND LEVEL,WET,NO DEFECTS,N,DISREGARDING TRAFFIC SIGNALS,BEAT_120,1,8,0,5,42.178204,-87.390603,33,4,Friday,8,9,Morning_Rush,0,0
2026-08-14 12:43:00,35,CLEAR,DAYLIGHT,PEDESTRIAN,T-INTERSECTION,STRAIGHT AND LEVEL,WET,NO DEFECTS,Y,DISREGARDING TRAFFIC SIGNALS,BEAT_117,2,8,0,5,42.130182,-87.425984,33,4,Friday,8,12,Midday,0,0
2026-08-14 18:51:00,25,CLEAR,"DARKNESS, LIGHTED ROAD",PARKED MOTOR VEHICLE,DIVIDED - W/MEDIAN,STRAIGHT AND LEVEL,WET,NO DEFECTS,N,FAILING TO YIELD RIGHT-OF-WAY,BEAT_106,2,8,0,5,41.969913,-87.557614,33,4,Friday,8,18,Evening_Rush,0,0
2026-08-14 20:00:00,30,CLEAR,DAYLIGHT,TURNING,DIVIDED - W/MEDIAN,STRAIGHT AND LEVEL,DRY,NO DEFECTS,N,DRIVING SKILLS/KNOWLEDGE/EXPERIENCE,BEAT_118,2,8,0,5,42.148299,-87.415356,33,4,Friday,8,20,Night,0,0
2026-08-14 20:14:00,35,CLEAR,"DARKNESS, LIGHTED ROAD",REAR END,DIVIDED - W/MEDIAN,CURVE ON GRADE,DRY,NO DEFECTS,N,DRIVING SKILLS/KNOWLEDGE/EXPERIENCE,BEAT_116,2,8,0,5,42.119073,-87.439398,33,4,Friday,8,20,Night,0,0
2026-08-14 21:55:00,30,CLEAR,"DARKNESS, LIGHTED ROAD",TURNING,ONE-WAY,STRAIGHT AND LEVEL,WET,NO DEFECTS,Y,FAILING TO YIELD RIGHT-OF-WAY,BEAT_120,2,8,0,5,42.177486,-87.39138,33,4,Friday,8,21,Night,0,0
2026-08-21 02:44:00,25,CLEAR,"DARKNESS, LIGHTED ROAD",SIDESWIPE SAME DIRECTION,DIVIDED - W/MEDIAN,STRAIGHT AND LEVEL,WET,NO DEFECTS,N,IMPROPER OVERTAKING/PASSING,BEAT_113,1,8,0,5,42.075194,-87.482064,34,4,Friday,8,2,Night,0,0
2026-08-21 07:51:00,25,SEVERE RAIN,DAYLIGHT,REAR END,ONE-WAY,STRAIGHT AND LEVEL,WET,NO DEFECTS,N,DRIVING SKILLS/KNOWLEDGE/EXPERIENCE,BEAT_106,2,8,0,5,41.967161,-87.554538,34,4,Friday,8,7,Morning_Rush,0,0
2026-08-21 08:41:00,40,CLEAR,DARKNESS,PARKED MOTOR VEHICLE,NOT DIVIDED,"CURVE, LEVEL",ICE,NO DEFECTS,N,FAILING TO YIELD RIGHT-OF-WAY,BEAT_101,2,8,0,5,41.896415,-87.619503,34,4,Friday,8,8,Morning_Rush,0,0
2026-08-21 09:06:00,25,CLEAR,"DARKNESS, LIGHTED ROAD",PEDESTRIAN,DIVIDED - W/MEDIAN,STRAIGHT AND LEVEL,WET,NO DEFECTS,Y,PHYSICAL CONDITION OF DRIVER,BEAT_103,2,8,0,5,41.923339,-87.595389,34,4,Friday,8,9,Morning_Rush,0,0
2026-08-21 09:28:00,30,FOG/SMOKE/HAZE,"DARKNESS, LIGHTED ROAD",REAR END,DIVIDED - W/MEDIAN,STRAIGHT AND LEVEL,WET,"RUT, HOLES",N,DRIVING SKILLS/KNOWLEDGE/EXPERIENCE,BEAT_106,2,8,0,5,41.963374,-87.558541,34,4,Friday,8,9,Morning_Rush,0,0
2026-08-21 12:13:00,40,CLEAR,"DARKNESS, LIGHTED ROAD",TURNING,ONE-WAY,STRAIGHT AND LEVEL,DRY,"RUT, HOLES",Y,FAILING TO YIELD RIGHT-OF-WAY,BEAT_101,2,8,0,5,41.895443,-87.613771,34,4,Friday,8,12,Midday,0,0
2026-08-21 12:17:00,25,CLEAR,"DARKNESS, LIGHTED ROAD",REAR END,NOT DIVIDED,STRAIGHT AND LEVEL,DRY,"RUT, HOLES",N,FOLLOWING TOO CLOSELY,BEAT_115,3,8,1,5,42.107788,-87.448133,34,4,Friday,8,12,Midday,0,1
2026-08-21 12:29:00,40,CLEAR,DAWN,PEDESTRIAN,DIVIDED - W/MEDIAN,STRAIGHT AND LEVEL,WET,NO DEFECTS,N,FAILING TO YIELD RIGHT-OF-WAY,BEAT_101,2,8,0,5,41.891687,-87.614575,34,4,Friday,8,12,Midday,0,0
2026-08-21 16:11:00,35,CLEAR,DAYLIGHT,REAR END,DIVIDED - W/MEDIAN,STRAIGHT AND LEVEL,WET,WORN SURFACE,N,FAILING TO YIELD RIGHT-OF-WAY,BEAT_101,3,8,0,5,41.894164,-87.614614,34,4,Friday,8,16,Evening_Rush,0,0
2026-08-21 18:19:00,25,CLEAR,"DARKNESS, LIGHTED ROAD",TURNING,ONE-WAY,STRAIGHT AND LEVEL,WET,NO DEFECTS,Y,DRIVING SKILLS/KNOWLEDGE/EXPERIENCE,BEAT_103,2,8,0,5,41.923361,-87.5886,34,4,Friday,8,18,Evening_Rush,0,0
2026-08-21 18:50:00,40,CLEAR,DAYLIGHT,REAR END,ONE-WAY,STRAIGHT AND LEVEL,DRY,NO DEFECTS,N,FOLLOWING TOO CLOSELY,BEAT_109,2,8,0,5,42.017839,-87.518406,34,4,Friday,8,18,Evening_Rush,0,0
2026-08-21 19:00:00,25,CLEAR,"DARKNESS, LIGHTED ROAD",REAR END,DIVIDED - W/MEDIAN,STRAIGHT AND LEVEL,DRY,NO DEFECTS,N,FAILING TO YIELD RIGHT-OF-WAY,BEAT_103,2,8,1,5,41.922591,-87.596874,34,4,Friday,8,19,Evening_Rush,0,1
2026-08-21 20:35:00,30,CLEAR,DAYLIGHT,REAR END,DIVIDED - W/MEDIAN,STRAIGHT AND LEVEL,DRY,NO DEFECTS,N,WEATHER,BEAT_101,2,8,0,5,41.890487,-87.621822,34,4,Friday,8,20,Night,0,0
2026-08-21 21:58:00,25,SEVERE RAIN,"DARKNESS, LIGHTED ROAD",REAR END,DIVIDED - W/MEDIAN,STRAIGHT AND LEVEL,WET,NO DEFECTS,Y,FAILING TO YIELD RIGHT-OF-WAY,BEAT_111,2,8,0,5,42.041234,-87.493149,34,4,Friday,8,21,Night,0,0
2026-08-28 00:07:00,40,CLEAR,"DARKNESS, LIGHTED ROAD",TURNING,ONE-WAY,STRAIGHT AND LEVEL,WET,NO DEFECTS,N,FAILING TO YIELD RIGHT-OF-WAY,BEAT_101,2,8,0,5,41.895867,-87.618189,35,4,Friday,8,0,Night,0,0
2026-08-28 02:02:00,40,RAIN,DARKNESS,TURNING,DIVIDED - W/MEDIAN,STRAIGHT AND LEVEL,WET,"RUT, HOLES",Y,FOLLOWING TOO CLOSELY,BEAT_107,2,8,0,5,41.980678,-87.537816,35,4,Friday,8,2,Night,0,0
2026-08-28 02:06:00,25,CLEAR,"DARKNESS, LIGHTED ROAD",ANGLE,DIVIDED - W/MEDIAN,STRAIGHT AND LEVEL,DRY,NO DEFECTS,N,DRIVING SKILLS/KNOWLEDGE/EXPERIENCE,BEAT_110,3,8,0,5,42.030193,-87.514653,35,4,Friday,8,2,Night,0,0
2026-08-28 05:03:00,25,CLEAR,DAYLIGHT,TURNING,ONE-WAY,STRAIGHT AND LEVEL,DRY,NO DEFECTS,Y,DRIVING SKILLS/KNOWLEDGE/EXPERIENCE,BEAT_110,2,8,0,5,42.024664,-87.510741,35,4,Friday,8,5,Night,0,0
2026-08-28 09:37:00,35,CLEAR,"DARKNESS, LIGHTED ROAD",TURNING,NOT DIVIDED,STRAIGHT AND LEVEL,DRY,NO DEFECTS,N,FOLLOWING TOO CLOSELY,BEAT_108,2,8,0,5,41.999654,-87.538629,35,4,Friday,8,9,Morning_Rush,0,0
2026-08-28 11:46:00,30,FOG/SMOKE/HAZE,DAYLIGHT,REAR END,DIVIDED - W/MEDIAN,STRAIGHT AND LEVEL,WET,NO DEFECTS,Y,DRIVING SKILLS/KNOWLEDGE/EXPERIENCE,BEAT_110,2,8,0,5,42.032422,-87.511732,35,4,Friday,8,11,Midday,0,0
2026-08-28 13:11:00,25,CLEAR,"DARKNESS, LIGHTED ROAD",ANGLE,DIVIDED - W/MEDIAN,STRAIGHT AND LEVEL,DRY,NO DEFECTS,Y,DRIVING SKILLS/KNOWLEDGE/EXPERIENCE,BEAT_117,2,8,0,5,42.131098,-87.432526,35,4,Friday,8,13,Midday,0,0
2026-08-28 20:12:00,50,CLEAR,DAYLIGHT,SIDESWIPE SAME DIRECTION,FOUR WAY INTERSECTION,STRAIGHT AND LEVEL,DRY,NO DEFECTS,N,FOLLOWING TOO CLOSELY,BEAT_109,2,8,1,5,42.010799,-87.523612,35,4,Friday,8,20,Night,0,1
2026-08-28 22:55:00,25,CLEAR,DAYLIGHT,SIDESWIPE SAME DIRECTION,DIVIDED - W/MEDIAN,STRAIGHT AND LEVEL,DRY,"RUT, HOLES",Y,FOLLOWING TOO CLOSELY,BEAT_110,2,8,0,5,42.027165,-87.512909,35,4,Friday,8,22,Night,0,0
2026-09-04 01:03:00,30,CLEAR,DAYLIGHT,TURNING,ONE-WAY,STRAIGHT AND LEVEL,DRY,NO DEFECTS,N,DISREGARDING TRAFFIC SIGNALS,BEAT_112,2,9,0,5,42.059689,-87.490119,36,4,Friday,9,1,Night,0,0
2026-09-04 03:18:00,35,CLEAR,DAYLIGHT,PARKED MOTOR VEHICLE,DIVIDED - W/MEDIAN,STRAIGHT AND LEVEL,DRY,NO DEFECTS,N,DRIVING SKILLS/KNOWLEDGE/EXPERIENCE,BEAT_120,2,9,0,5,42.179846,-87.389787,36,4,Friday,9,3,Night,0,0
2026-09-04 04:19:00,25,SNOW,DAWN,PARKED MOTOR VEHICLE,ONE-WAY,STRAIGHT AND LEVEL,SNOW OR SLUSH,NO DEFECTS,Y,FAILING TO YIELD RIGHT-OF-WAY,BEAT_115,2,9,0,5,42.106878,-87.446361,36,4,Friday,9,4,Night,0,0
2026-09-04 04:48:00,35,CLEAR,"DARKNESS, LIGHTED ROAD",PARKED MOTOR VEHICLE,FOUR WAY INTERSECTION,STRAIGHT AND LEVEL,DRY,NO DEFECTS,Y,WEATHER,BEAT_102,2,9,0,5,41.907847,-87.605587,36,4,Friday,9,4,Night,0,0
2026-09-04 05:54:00,20,CLEAR,DAYLIGHT,TURNING,DIVIDED - W/MEDIAN,STRAIGHT ON GRADE,SNOW OR SLUSH,WORN SURFACE,N,FAILING TO YIELD RIGHT-OF-WAY,BEAT_102,1,9,0,5,41.905131,-87.611189,36,4,Friday,9,5,Night,0,0
2026-09-04 07:12:00,25,CLEAR,"DARKNESS, LIGHTED ROAD",REAR END,ONE-WAY,STRAIGHT AND LEVEL,DRY,NO DEFECTS,N,FAILING TO YIELD RIGHT-OF-WAY,BEAT_110,3,9,0,5,42.033513,-87.510373,36,4,Friday,9,7,Morning_Rush,0,0
2026-09-04 13:35:00,25,CLEAR,"DARKNESS, LIGHTED ROAD",ANGLE,NOT DIVIDED,STRAIGHT AND LEVEL,SNOW OR SLUSH,NO DEFECTS,Y,FOLLOWING TOO CLOSELY,BEAT_114,2,9,1,5,42.084976,-87.458126,36,4,Friday,9,13,Midday,0,1
2026-09-04 13:48:00,30,CLEAR,DUSK,SIDESWIPE SAME DIRECTION,ONE-WAY,STRAIGHT AND LEVEL,WET,NO DEFECTS,Y,DRIVING SKILLS/KNOWLEDGE/EXPERIENCE,BEAT_102,2,9,0,5,41.90745,-87.60605,36,4,Friday,9,13,Midday,0,0
2026-09-04 16:21:00,25,RAIN,DAYLIGHT,TURNING,T-INTERSECTION,STRAIGHT AND LEVEL,WET,NO DEFECTS,N,DISREGARDING TRAFFIC SIGNALS,BEAT_111,2,9,1,5,42.045441,-87.501323,36,4,Friday,9,16,Evening_Rush,0,1
2026-09-04 17:15:00,30,RAIN,DARKNESS,PARKED MOTOR VEHICLE,DIVIDED - W/MEDIAN,STRAIGHT AND LEVEL,ICE,"RUT, HOLES",Y,DRIVING SKILLS/KNOWLEDGE/EXPERIENCE,BEAT_110,2,9,0,5,42.027869,-87.501376,36,4,Friday,9,17,Evening_Rush,0,0
2026-09-04 19:06:00,30,RAIN,DAYLIGHT,ANGLE,ONE-WAY,STRAIGHT AND LEVEL,WET,WORN SURFACE,N,WEATHER,BEAT_109,2,9,0,5,42.019295,-87.516909,36,4,Friday,9,19,Evening_Rush,0,0
2026-09-04 20:22:00,35,SEVERE RAIN,DAYLIGHT,FIXED OBJECT,ALLEY,"CURVE, LEVEL",SNOW OR SLUSH,NO DEFECTS,N,PHYSICAL CONDITION OF DRIVER,BEAT_106,1,9,0,5,41.965196,-87.55672,36,4,Friday,9,20,Night,0,0
2026-09-04 21:10:00,30,CLEAR,DUSK,ANGLE,NOT DIVIDED,STRAIGHT AND LEVEL,DRY,NO DEFECTS,Y,FAILING TO YIELD RIGHT-OF-WAY,BEAT_110,2,9,0,5,42.029508,-87.50895,36,4,Friday,9,21,Night,0,0
2026-09-04 21:15:00,25,SEVERE RAIN,DAYLIGHT,REAR END,DIVIDED - W/MEDIAN,STRAIGHT AND LEVEL,WET,NO DEFECTS,Y,DRIVING SKILLS/KNOWLEDGE/EXPERIENCE,BEAT_102,2,9,2,5,41.901716,-87.607846,36,4,Friday,9,21,Night,0,1
2026-09-04 22:42:00,30,CLEAR,"DARKNESS, LIGHTED ROAD",ANGLE,ONE-WAY,STRAIGHT AND LEVEL,DRY,NO DEFECTS,N,IMPROPER OVERTAKING/PASSING,BEAT_116,2,9,2,5,42.118348,-87.438662,36,4,Friday,9,22,Night,0,1
2026-09-04 22:45:00,55,CLEAR,DAYLIGHT,TURNING,NOT DIVIDED,STRAIGHT AND LEVEL,DRY,"RUT, HOLES",Y,FAILING TO YIELD RIGHT-OF-WAY,BEAT_101,1,9,0,5,41.895793,-87.618933,36,4,Friday,9,22,Night,0,0
2026-09-04 23:22:00,30,CLEAR,DAYLIGHT,TURNING,FOUR WAY INTERSECTION,STRAIGHT AND LEVEL,WET,NO DEFECTS,N,DRIVING SKILLS/KNOWLEDGE/EXPERIENCE,BEAT_111,2,9,0,5,42.043173,-87.495059,36,4,Friday,9,23,Night,0,0
2026-09-11 00:15:00,45,CLEAR,DAYLIGHT,SIDESWIPE SAME DIRECTION,DIVIDED - W/MEDIAN,STRAIGHT AND LEVEL,DRY,NO DEFECTS,Y,FAILING TO YIELD RIGHT-OF-WAY,BEAT_105,3,9,0,5,41.955274,-87.568455,37,4,Friday,9,0,Night,0,0
2026-09-11 00:31:00,30,CLEAR,"DARKNESS, LIGHTED ROAD",FIXED OBJECT,NOT DIVIDED,STRAIGHT ON GRADE,DRY,NO DEFECTS,N,DISREGARDING TRAFFIC SIGNALS,BEAT_104,2,9,0,5,41.937064,-87.57805,37,4,Friday,9,0,Night,0,0
2026-09-11 05:44:00,30,CLEAR,DUSK,REAR END,DIVIDED - W/MEDIAN,STRAIGHT AND LEVEL,DRY,NO DEFECTS,Y,FAILING TO YIELD RIGHT-OF-WAY,BEAT_118,2,9,0,5,42.149093,-87.414325,37,4,Friday,9,5,Night,0,0
2026-09-11 07:50:00,30,CLEAR,DAYLIGHT,REAR END,ONE-WAY,STRAIGHT AND LEVEL,DRY,NO DEFECTS,N,WEATHER,BEAT_115,2,9,0,5,42.10281,-87.454295,37,4,Friday,9,7,Morning_Rush,0,0
2026-09-11 09:39:00,35,CLEAR,DAYLIGHT,REAR END,NOT DIVIDED,STRAIGHT AND LEVEL,WET,NO DEFECTS,N,FOLLOWING TOO CLOSELY,BEAT_108,2,9,0,5,41.998025,-87.534362,37,4,Friday,9,9,Morning_Rush,0,0
2026-09-11 10:16:00,30,SNOW,DAYLIGHT,ANGLE,NOT DIVIDED,STRAIGHT AND LEVEL,SNOW OR SLUSH,NO DEFECTS,Y,FAILING TO YIELD RIGHT-OF-WAY,BEAT_117,2,9,0,5,42.135007,-87.427446,37,4,Friday,9,10,Midday,0,0
2026-09-11 11:24:00,30,CLEAR,DAYLIGHT,TURNING,NOT DIVIDED,STRAIGHT AND LEVEL,DRY,NO DEFECTS,N,DRIVING SKILLS/KNOWLEDGE/EXPERIENCE,BEAT_101,2,9,0,5,41.895686,-87.618135,37,4,Friday,9,11,Midday,0,0
2026-09-11 13:36:00,50,CLEAR,DAYLIGHT,SIDESWIPE SAME DIRECTION,ONE-WAY,STRAIGHT AND LEVEL,DRY,"RUT, HOLES",Y,FOLLOWING TOO CLOSELY,BEAT_105,2,9,0,5,41.94863,-87.571763,37,4,Friday,9,13,Midday,0,0
2026-09-11 14:09:00,30,RAIN,"DARKNESS, LIGHTED ROAD",PARKED MOTOR VEHICLE,DIVIDED - W/MEDIAN,STRAIGHT AND LEVEL,ICE,NO DEFECTS,N,DISREGARDING TRAFFIC SIGNALS,BEAT_112,2,9,0,5,42.061398,-87.486355,37,4,Friday,9,14,Midday,0,0
2026-09-11 14:54:00,35,CLEAR,DAYLIGHT,SIDESWIPE SAME DIRECTION,DIVIDED - W/MEDIAN,STRAIGHT AND LEVEL,DRY,NO DEFECTS,Y,PHYSICAL CONDITION OF DRIVER,BEAT_120,2,9,0,5,42.179537,-87.392661,37,4,Friday,9,14,Midday,0,0
2026-09-11 15:26:00,30,RAIN,DAYLIGHT,REAR END,DIVIDED - W/MEDIAN,STRAIGHT AND LEVEL,SNOW OR SLUSH,NO DEFECTS,N,DRIVING SKILLS/KNOWLEDGE/EXPERIENCE,BEAT_113,3,9,0,5,42.074997,-87.46874,37,4,Friday,9,15,Midday,0,0
2026-09-11 15:59:00,25,CLEAR,"DARKNESS, LIGHTED ROAD",REAR END,ONE-WAY,STRAIGHT ON GRADE,DRY,NO DEFECTS,N,DISREGARDING TRAFFIC SIGNALS,BEAT_102,2,9,0,5,41.909522,-87.607962,37,4,Friday,9,15,Midday,0,0
2026-09-11 16:04:00,30,RAIN,DAYLIGHT,REAR END,DIVIDED - W/MEDIAN,STRAIGHT AND LEVEL,SNOW OR SLUSH,NO DEFECTS,Y,FAILING TO YIELD RIGHT-OF-WAY,BEAT_115,1,9,1,5,42.104067,-87.449572,37,4,Friday,9,16,Evening_Rush,0,1
2026-09-11 18:19:00,35,CLEAR,"DARKNESS, LIGHTED ROAD",ANGLE,DIVIDED - W/MEDIAN,STRAIGHT AND LEVEL,WET,NO DEFECTS,Y,DISREGARDING TRAFFIC SIGNALS,BEAT_118,2,9,2,5,42.147861,-87.414576,37,4,Friday,9,18,Evening_Rush,0,1
2026-09-11 22:25:00,25,CLEAR,DAYLIGHT,TURNING,ONE-WAY,STRAIGHT AND LEVEL,DRY,NO DEFECTS,N,FAILING TO YIELD RIGHT-OF-WAY,BEAT_116,2,9,0,5,42.11298,-87.440315,37,4,Friday,9,22,Night,0,0
2026-09-18 06:12:00,25,CLEAR,DAYLIGHT,SIDESWIPE SAME DIRECTION,NOT DIVIDED,STRAIGHT AND LEVEL,DRY,NO DEFECTS,Y,DISREGARDING TRAFFIC SIGNALS,BEAT_108,1,9,0,5,41.999946,-87.534959,38,4,Friday,9,6,Morning_Rush,0,0
2026-09-18 13:03:00,25,CLEAR,DAYLIGHT,REAR END,DIVIDED - W/MEDIAN,STRAIGHT AND LEVEL,DRY,NO DEFECTS,N,WEATHER,BEAT_114,2,9,0,5,42.084335,-87.461942,38,4,Friday,9,13,Midday,0,0
2026-09-18 15:47:00,30,RAIN,DAYLIGHT,REAR END,NOT DIVIDED,STRAIGHT ON GRADE,ICE,SHOULDER DEFECT,Y,DRIVING SKILLS/KNOWLEDGE/EXPERIENCE,BEAT_102,1,9,2,5,41.909018,-87.60635,38,4,Friday,9,15,Midday,0,1
2026-09-18 16:46:00,30,CLEAR,DAYLIGHT,SIDESWIPE SAME DIRECTION,DIVIDED - W/MEDIAN,STRAIGHT AND LEVEL,WET,NO DEFECTS,N,DISREGARDING TRAFFIC SIGNALS,BEAT_104,2,9,0,5,41.937698,-87.58901,38,4,Friday,9,16,Evening_Rush,0,0
2026-09-18 16:53:00,35,CLEAR,DAYLIGHT,TURNING,ONE-WAY,STRAIGHT AND LEVEL,DRY,NO DEFECTS,N,DRIVING SKILLS/KNOWLEDGE/EXPERIENCE,BEAT_107,2,9,0,5,41.986468,-87.54633,38,4,Friday,9,16,Evening_Rush,0,0
2026-09-18 20:02:00,30,CLEAR,DAYLIGHT,SIDESWIPE SAME DIRECTION,DIVIDED - W/MEDIAN,STRAIGHT AND LEVEL,DRY,NO DEFECTS,N,FOLLOWING TOO CLOSELY,BEAT_107,1,9,0,5,41.983041,-87.546967,38,4,Friday,9,20,Night,0,0
2026-09-18 20:16:00,25,CLEAR,DAYLIGHT,SIDESWIPE SAME DIRECTION,DIVIDED - W/MEDIAN,STRAIGHT ON GRADE,DRY,NO DEFECTS,N,IMPROPER OVERTAKING/PASSING,BEAT_116,2,9,0,5,42.112875,-87.440965,38,4,Friday,9,20,Night,0,0
2026-09-25 00:27:00,20,CLEAR,DAYLIGHT,PARKED MOTOR VEHICLE,ALLEY,STRAIGHT AND LEVEL,DRY,NO DEFECTS,Y,FOLLOWING TOO CLOSELY,BEAT_118,2,9,0,5,42.144127,-87.41331,39,4,Friday,9,0,Night,0,0
2026-09-25 02:03:00,30,RAIN,"DARKNESS, LIGHTED ROAD",PEDESTRIAN,ONE-WAY,STRAIGHT AND LEVEL,SNOW OR SLUSH,NO DEFECTS,Y,FAILING TO YIELD RIGHT-OF-WAY,BEAT_109,2,9,1,5,42.012389,-87.521412,39,4,Friday,9,2,Night,0,1
2026-09-25 02:15:00,40,RAIN,DARKNESS,REAR END,DIVIDED - W/MEDIAN,STRAIGHT AND LEVEL,WET,NO DEFECTS,N,WEATHER,BEAT_104,2,9,1,5,41.935747,-87.581778,39,4,Friday,9,2,Night,0,1
2026-09-25 05:19:00,25,CLEAR,DAYLIGHT,PEDESTRIAN,ONE-WAY,STRAIGHT AND LEVEL,DRY,NO DEFECTS,N,FAILING TO YIELD RIGHT-OF-WAY,BEAT_119,2,9,0,5,42.166319,-87.401061,39,4,Friday,9,5,Night,0,0
2026-09-25 21:21:00,30,CLEAR,DAYLIGHT,ANGLE,T-INTERSECTION,STRAIGHT AND LEVEL,DRY,NO DEFECTS,N,FAILING TO YIELD RIGHT-OF-WAY,BEAT_103,2,9,0,5,41.925417,-87.591768,39,4,Friday,9,21,Night,0,0
2026-09-25 21:38:00,25,CLEAR,DAYLIGHT,SIDESWIPE SAME DIRECTION,FOUR WAY INTERSECTION,STRAIGHT AND LEVEL,DRY,NO DEFECTS,Y,WEATHER,BEAT_103,2,9,2,5,41.920878,-87.592629,39,4,Friday,9,21,Night,0,1
2026-09-25 22:33:00,25,SEVERE RAIN,DAYLIGHT,ANGLE,FOUR WAY INTERSECTION,STRAIGHT AND LEVEL,WET,NO DEFECTS,Y,DRIVING SKILLS/KNOWLEDGE/EXPERIENCE,BEAT_106,2,9,0,5,41.967183,-87.558414,39,4,Friday,9,22,Night,0,0
2026-10-02 00:01:00,30,CLEAR,DAYLIGHT,ANGLE,ONE-WAY,STRAIGHT AND LEVEL,DRY,NO DEFECTS,Y,DRIVING SKILLS/KNOWLEDGE/EXPERIENCE,BEAT_115,2,10,0,5,42.103116,-87.446564,40,4,Friday,10,0,Night,0,0
2026-10-02 02:08:00,25,CLEAR,"DARKNESS, LIGHTED ROAD",REAR END,NOT DIVIDED,CURVE ON GRADE,DRY,NO DEFECTS,Y,WEATHER,BEAT_107,2,10,1,5,41.987589,-87.543314,40,4,Friday,10,2,Night,0,1
2026-10-02 03:47:00,25,CLEAR,DAYLIGHT,REAR END,ONE-WAY,STRAIGHT AND LEVEL,DRY,NO DEFECTS,Y,FOLLOWING TOO CLOSELY,BEAT_105,2,10,2,5,41.953915,-87.575182,40,4,Friday,10,3,Night,0,1
2026-10-02 04:39:00,25,CLEAR,DAYLIGHT,SIDESWIPE SAME DIRECTION,DIVIDED - W/MEDIAN,STRAIGHT AND LEVEL,DRY,NO DEFECTS,N,FOLLOWING TOO CLOSELY,BEAT_102,2,10,3,5,41.904152,-87.608801,40,4,Friday,10,4,Night,0,1
2026-10-02 04:43:00,25,CLEAR,DAYLIGHT,ANGLE,DIVIDED - W/MEDIAN,STRAIGHT AND LEVEL,DRY,"RUT, HOLES",N,FAILING TO YIELD RIGHT-OF-WAY,BEAT_113,1,10,0,5,42.071603,-87.476078,40,4,Friday,10,4,Night,0,0
2026-10-02 04:58:00,25,CLEAR,DAYLIGHT,PARKED MOTOR VEHICLE,NOT DIVIDED,STRAIGHT ON GRADE,WET,NO DEFECTS,N,FOLLOWING TOO CLOSELY,BEAT_111,2,10,0,5,42.038513,-87.500985,40,4,Friday,10,4,Night,0,0
2026-10-02 05:27:00,40,CLEAR,DAYLIGHT,ANGLE,DIVIDED - W/MEDIAN,STRAIGHT AND LEVEL,DRY,NO DEFECTS,Y,FOLLOWING TOO CLOSELY,BEAT_116,2,10,0,5,42.122151,-87.43926,40,4,Friday,10,5,Night,0,0
2026-10-02 07:44:00,30,RAIN,DAYLIGHT,REAR END,FOUR WAY INTERSECTION,"CURVE, LEVEL",WET,NO DEFECTS,N,FAILING TO YIELD RIGHT-OF-WAY,BEAT_114,2,10,0,5,42.08679,-87.458361,40,4,Friday,10,7,Morning_Rush,0,0
2026-10-02 10:38:00,35,CLEAR,DAYLIGHT,TURNING,T-INTERSECTION,STRAIGHT AND LEVEL,DRY,NO DEFECTS,Y,WEATHER,BEAT_107,2,10,0,5,41.985092,-87.548331,40,4,Friday,10,10,Midday,0,0
2026-10-02 12:43:00,25,CLEAR,DARKNESS,ANGLE,DIVIDED - W/MEDIAN,STRAIGHT AND LEVEL,DRY,NO DEFECTS,N,FOLLOWING TOO CLOSELY,BEAT_110,3,10,0,5,42.028327,-87.510287,40,4,Friday,10,12,Midday,0,0
2026-10-02 15:40:00,30,SNOW,"DARKNESS, LIGHTED ROAD",ANGLE,DIVIDED - W/MEDIAN,STRAIGHT AND LEVEL,WET,WORN SURFACE,N,FOLLOWING TOO CLOSELY,BEAT_105,2,10,0,5,41.955438,-87.576548,40,4,Friday,10,15,Midday,0,0
2026-10-02 20:18:00,35,RAIN,"DARKNESS, LIGHTED ROAD",SIDESWIPE SAME DIRECTION,DIVIDED - W/MEDIAN,STRAIGHT AND LEVEL,WET,NO DEFECTS,Y,DRIVING SKILLS/KNOWLEDGE/EXPERIENCE,BEAT_111,3,10,1,5,42.03946,-87.495997,40,4,Friday,10,20,Night,0,1
2026-10-02 20:25:00,30,FOG/SMOKE/HAZE,DAYLIGHT,ANGLE,DIVIDED - W/MEDIAN,STRAIGHT AND LEVEL,WET,SHOULDER DEFECT,N,FOLLOWING TOO CLOSELY,BEAT_116,3,10,0,5,42.115715,-87.435864,40,4,Friday,10,20,Night,0,0
2026-10-02 23:18:00,25,RAIN,DAYLIGHT,TURNING,DIVIDED - W/MEDIAN,STRAIGHT AND LEVEL,SNOW OR SLUSH,NO DEFECTS,Y,WEATHER,BEAT_117,2,10,0,5,42.127162,-87.426607,40,4,Friday,10,23,Night,0,0
2026-10-09 01:49:00,30,CLEAR,"DARKNESS, LIGHTED ROAD",FIXED OBJECT,NOT DIVIDED,STRAIGHT AND LEVEL,DRY,NO DEFECTS,N,FAILING TO YIELD RIGHT-OF-WAY,BEAT_107,4,10,0,5,41.986912,-87.545924,41,4,Friday,10,1,Night,0,0
2026-10-09 06:12:00,30,RAIN,DAYLIGHT,REAR END,ONE-WAY,STRAIGHT AND LEVEL,SNOW OR SLUSH,NO DEFECTS,Y,FOLLOWING TOO CLOSELY,BEAT_107,2,10,1,5,41.983004,-87.548683,41,4,Friday,10,6,Morning_Rush,0,1
2026-10-09 09:46:00,35,CLEAR,"DARKNESS, LIGHTED ROAD",SIDESWIPE SAME DIRECTION,T-INTERSECTION,STRAIGHT AND LEVEL,DRY,NO DEFECTS,Y,DRIVING SKILLS/KNOWLEDGE/EXPERIENCE,BEAT_119,2,10,0,5,42.163057,-87.404663,41,4,Friday,10,9,Morning_Rush,0,0
2026-10-09 11:19:00,30,SNOW,DAYLIGHT,PARKED MOTOR VEHICLE,T-INTERSECTION,STRAIGHT AND LEVEL,SNOW OR SLUSH,NO DEFECTS,N,DISREGARDING TRAFFIC SIGNALS,BEAT_109,2,10,0,5,42.01332,-87.517497,41,4,Friday,10,11,Midday,0,0
2026-10-09 11:37:00,30,CLEAR,"DARKNESS, LIGHTED ROAD",SIDESWIPE SAME DIRECTION,NOT DIVIDED,STRAIGHT ON GRADE,DRY,NO DEFECTS,N,FOLLOWING TOO CLOSELY,BEAT_116,2,10,0,5,42.115081,-87.442659,41,4,Friday,10,11,Midday,0,0
2026-10-09 12:45:00,25,CLEAR,DAYLIGHT,ANGLE,FOUR WAY INTERSECTION,STRAIGHT AND LEVEL,DRY,NO DEFECTS,N,FAILING TO YIELD RIGHT-OF-WAY,BEAT_117,2,10,0,5,42.129415,-87.425634,41,4,Friday,10,12,Midday,0,0
2026-10-09 13:35:00,35,CLEAR,"DARKNESS, LIGHTED ROAD",ANGLE,NOT DIVIDED,STRAIGHT AND LEVEL,DRY,NO DEFECTS,Y,FAILING TO YIELD RIGHT-OF-WAY,BEAT_105,2,10,0,5,41.950204,-87.567835,41,4,Friday,10,13,Midday,0,0
2026-10-09 14:29:00,25,CLEAR,DAYLIGHT,SIDESWIPE SAME DIRECTION,DIVIDED - W/MEDIAN,STRAIGHT AND LEVEL,DRY,"RUT, HOLES",N,FOLLOWING TOO CLOSELY,BEAT_110,2,10,0,5,42.032289,-87.507462,41,4,Friday,10,14,Midday,0,0
2026-10-09 14:49:00,30,CLEAR,DUSK,SIDESWIPE SAME DIRECTION,DIVIDED - W/MEDIAN,"CURVE, LEVEL",DRY,NO DEFECTS,Y,FAILING TO YIELD RIGHT-OF-WAY,BEAT_106,2,10,0,5,41.969986,-87.559965,41,4,Friday,10,14,Midday,0,0
2026-10-09 16:52:00,25,CLEAR,"DARKNESS, LIGHTED ROAD",REAR END,NOT DIVIDED,STRAIGHT AND LEVEL,DRY,NO DEFECTS,N,FAILING TO YIELD RIGHT-OF-WAY,BEAT_114,2,10,0,5,42.086169,-87.464491,41,4,Friday,10,16,Evening_Rush,0,0
2026-10-09 17:55:00,25,RAIN,DAYLIGHT,REAR END,NOT DIVIDED,"CURVE, LEVEL",WET,DEBRIS ON ROAD,Y,DISREGARDING TRAFFIC SIGNALS,BEAT_112,2,10,2,5,42.058062,-87.491042,41,4,Friday,10,17,Evening_Rush,0,1
2026-10-09 21:33:00,30,CLEAR,DAWN,SIDESWIPE SAME DIRECTION,DIVIDED - W/MEDIAN,STRAIGHT AND LEVEL,DRY,NO DEFECTS,N,FAILING TO YIELD RIGHT-OF-WAY,BEAT_101,2,10,0,5,41.894624,-87.617844,41,4,Friday,10,21,Night,0,0
2026-10-09 21:50:00,30,SNOW,DAYLIGHT,SIDESWIPE SAME DIRECTION,ONE-WAY,STRAIGHT AND LEVEL,WET,NO DEFECTS,Y,FOLLOWING TOO CLOSELY,BEAT_119,2,10,1,5,42.160472,-87.399622,41,4,Friday,10,21,Night,0,1
2026-10-09 22:25:00,25,CLEAR,DAYLIGHT,ANGLE,NOT DIVIDED,STRAIGHT AND LEVEL,DRY,NO DEFECTS,Y,DRIVING SKILLS/KNOWLEDGE/EXPERIENCE,BEAT_111,2,10,0,5,42.043869,-87.50147,41,4,Friday,10,22,Night,0,0
2026-10-09 22:29:00,25,CLEAR,DAYLIGHT,TURNING,NOT DIVIDED,STRAIGHT AND LEVEL,DRY,NO DEFECTS,Y,IMPROPER OVERTAKING/PASSING,BEAT_110,4,10,0,5,42.027998,-87.506652,41,4,Friday,10,22,Night,0,0
2026-10-16 01:20:00,25,CLEAR,DAYLIGHT,TURNING,ALLEY,STRAIGHT AND LEVEL,DRY,NO DEFECTS,N,FAILING TO YIELD RIGHT-OF-WAY,BEAT_117,4,10,0,5,42.13056,-87.422115,42,4,Friday,10,1,Night,0,0
2026-10-16 03:17:00,35,CLEAR,DAYLIGHT,REAR END,DIVIDED - W/MEDIAN,STRAIGHT AND LEVEL,WET,NO DEFECTS,N,IMPROPER OVERTAKING/PASSING,BEAT_119,2,10,0,5,42.165706,-87.398875,42,4,Friday,10,3,Night,0,0
2026-10-16 03:46:00,30,RAIN,DUSK,SIDESWIPE SAME DIRECTION,DIVIDED - W/MEDIAN,STRAIGHT AND LEVEL,WET,NO DEFECTS,Y,WEATHER,BEAT_120,2,10,1,5,42.178951,-87.390642,42,4,Friday,10,3,Night,0,1
2026-10-16 04:08:00,20,RAIN,DAYLIGHT,TURNING,FOUR WAY INTERSECTION,STRAIGHT AND LEVEL,WET,NO DEFECTS,Y,WEATHER,BEAT_108,2,10,0,5,41.990923,-87.531786,42,4,Friday,10,4,Night,0,0
2026-10-16 09:50:00,25,CLEAR,DAYLIGHT,TURNING,ONE-WAY,STRAIGHT AND LEVEL,DRY,"RUT, HOLES",N,FAILING TO YIELD RIGHT-OF-WAY,BEAT_107,2,10,0,5,41.982117,-87.546468,42,4,Friday,10,9,Morning_Rush,0,0
2026-10-16 13:33:00,50,RAIN,DAYLIGHT,PEDESTRIAN,NOT DIVIDED,STRAIGHT AND LEVEL,WET,NO DEFECTS,Y,WEATHER,BEAT_104,2,10,0,5,41.938262,-87.57303,42,4,Friday,10,13,Midday,0,0
2026-10-16 13:36:00,50,CLEAR,DAYLIGHT,SIDESWIPE SAME DIRECTION,FOUR WAY INTERSECTION,STRAIGHT ON GRADE,SNOW OR SLUSH,NO DEFECTS,Y,WEATHER,BEAT_108,2,10,0,5,41.993251,-87.535699,42,4,Friday,10,13,Midday,0,0
2026-10-16 18:28:00,35,CLEAR,DUSK,REAR END,DIVIDED - W/MEDIAN,"CURVE, LEVEL",DRY,NO DEFECTS,Y,FOLLOWING TOO CLOSELY,BEAT_112,2,10,0,5,42.060409,-87.490172,42,4,Friday,10,18,Evening_Rush,0,0
2026-10-23 03:38:00,40,CLEAR,"DARKNESS, LIGHTED ROAD",PARKED MOTOR VEHICLE,DIVIDED - W/MEDIAN,STRAIGHT AND LEVEL,DRY,NO DEFECTS,Y,WEATHER,BEAT_119,2,10,0,5,42.166449,-87.398765,43,4,Friday,10,3,Night,0,0
2026-10-23 03:42:00,25,RAIN,"DARKNESS, LIGHTED ROAD",ANGLE,DIVIDED - W/MEDIAN,STRAIGHT AND LEVEL,WET,NO DEFECTS,Y,FAILING TO YIELD RIGHT-OF-WAY,BEAT_104,2,10,1,5,41.943478,-87.578809,43,4,Friday,10,3,Night,0,1
2026-10-23 06:51:00,35,CLEAR,"DARKNESS, LIGHTED ROAD",FIXED OBJECT,ONE-WAY,STRAIGHT AND LEVEL,DRY,SHOULDER DEFECT,N,FOLLOWING TOO CLOSELY,BEAT_112,2,10,0,5,42.058986,-87.484863,43,4,Friday,10,6,Morning_Rush,0,0
2026-10-23 08:01:00,45,CLEAR,DAYLIGHT,REAR END,DIVIDED - W/MEDIAN,STRAIGHT AND LEVEL,DRY,NO DEFECTS,Y,IMPROPER OVERTAKING/PASSING,BEAT_103,2,10,1,5,41.921636,-87.594084,43,4,Friday,10,8,Morning_Rush,0,1
2026-10-23 13:12:00,30,CLEAR,DAYLIGHT,TURNING,DIVIDED - W/MEDIAN,STRAIGHT ON GRADE,DRY,NO DEFECTS,N,WEATHER,BEAT_107,2,10,1,5,41.982892,-87.544462,43,4,Friday,10,13,Midday,0,1
2026-10-23 23:38:00,45,CLEAR,"DARKNESS, LIGHTED ROAD",SIDESWIPE SAME DIRECTION,DIVIDED - W/MEDIAN,STRAIGHT AND LEVEL,DRY,SHOULDER DEFECT,N,WEATHER,BEAT_107,2,10,0,5,41.973749,-87.544621,43,4,Friday,10,23,Night,0,0
2026-10-30 03:20:00,30,SNOW,DAYLIGHT,ANGLE,NOT DIVIDED,STRAIGHT AND LEVEL,WET,NO DEFECTS,N,FOLLOWING TOO CLOSELY,BEAT_105,2,10,0,5,41.950558,-87.564643,44,4,Friday,10,3,Night,0,0
2026-10-30 05:14:00,25,RAIN,DARKNESS,PARKED MOTOR VEHICLE,DIVIDED - W/MEDIAN,STRAIGHT AND LEVEL,WET,"RUT, HOLES",N,FAILING TO YIELD RIGHT-OF-WAY,BEAT_103,2,10,0,5,41.921591,-87.589468,44,4,Friday,10,5,Night,0,0
2026-10-30 07:02:00,20,CLEAR,DAYLIGHT,SIDESWIPE SAME DIRECTION,ALLEY,STRAIGHT AND LEVEL,DRY,NO DEFECTS,N,PHYSICAL CONDITION OF DRIVER,BEAT_111,2,10,0,5,42.039958,-87.498956,44,4,Friday,10,7,Morning_Rush,0,0
2026-10-30 07:36:00,35,CLEAR,DAYLIGHT,PARKED MOTOR VEHICLE,ONE-WAY,STRAIGHT AND LEVEL,WET,NO DEFECTS,Y,PHYSICAL CONDITION OF DRIVER,BEAT_105,1,10,0,5,41.952779,-87.56803,44,4,Friday,10,7,Morning_Rush,0,0
2026-10-30 10:56:00,50,CLEAR,DAYLIGHT,REAR END,ONE-WAY,CURVE ON GRADE,WET,NO DEFECTS,N,DRIVING SKILLS/KNOWLEDGE/EXPERIENCE,BEAT_113,2,10,0,5,42.074467,-87.477045,44,4,Friday,10,10,Midday,0,0
2026-10-30 11:57:00,20,CLEAR,"DARKNESS, LIGHTED ROAD",REAR END,NOT DIVIDED,STRAIGHT AND LEVEL,WET,NO DEFECTS,N,IMPROPER OVERTAKING/PASSING,BEAT_109,2,10,0,5,42.016003,-87.522734,44,4,Friday,10,11,Midday,0,0
2026-10-30 12:45:00,30,CLEAR,DAYLIGHT,SIDESWIPE SAME DIRECTION,NOT DIVIDED,STRAIGHT AND LEVEL,DRY,NO DEFECTS,N,FOLLOWING TOO CLOSELY,BEAT_104,2,10,1,5,41.938325,-87.58408,44,4,Friday,10,12,Midday,0,1
2026-10-30 13:30:00,25,CLEAR,DAYLIGHT,SIDESWIPE SAME DIRECTION,DIVIDED - W/MEDIAN,STRAIGHT AND LEVEL,WET,NO DEFECTS,N,FOLLOWING TOO CLOSELY,BEAT_118,2,10,0,5,42.151576,-87.413866,44,4,Friday,10,13,Midday,0,0
2026-10-30 13:51:00,40,RAIN,DAYLIGHT,SIDESWIPE SAME DIRECTION,NOT DIVIDED,STRAIGHT AND LEVEL,WET,NO DEFECTS,Y,DRIVING SKILLS/KNOWLEDGE/EXPERIENCE,BEAT_104,2,10,0,5,41.937902,-87.583195,44,4,Friday,10,13,Midday,0,0
2026-10-30 14:49:00,30,RAIN,DAYLIGHT,PEDESTRIAN,NOT DIVIDED,STRAIGHT AND LEVEL,SNOW OR SLUSH,NO DEFECTS,N,WEATHER,BEAT_107,2,10,1,5,41.983168,-87.546196,44,4,Friday,10,14,Midday,0,1
2026-10-30 16:13:00,35,CLEAR,"DARKNESS, LIGHTED ROAD",REAR END,DIVIDED - W/MEDIAN,STRAIGHT AND LEVEL,WET,WORN SURFACE,N,FAILING TO YIELD RIGHT-OF-WAY,BEAT_111,2,10,0,5,42.042746,-87.499424,44,4,Friday,10,16,Evening_Rush,0,0
2026-10-30 22:05:00,55,CLEAR,DAYLIGHT,PEDESTRIAN,DIVIDED - W/MEDIAN,STRAIGHT AND LEVEL,DRY,NO DEFECTS,N,DRIVING SKILLS/KNOWLEDGE/EXPERIENCE,BEAT_118,4,10,0,5,42.147879,-87.415925,44,4,Friday,10,22,Night,0,0
2026-11-06 04:28:00,35,CLEAR,DAYLIGHT,SIDESWIPE SAME DIRECTION,NOT DIVIDED,STRAIGHT AND LEVEL,DRY,NO DEFECTS,N,WEATHER,BEAT_117,2,11,0,5,42.136669,-87.425206,45,4,Friday,11,4,Night,0,0
2026-11-06 05:52:00,50,CLEAR,DAYLIGHT,ANGLE,FOUR WAY INTERSECTION,STRAIGHT AND LEVEL,DRY,NO DEFECTS,Y,FOLLOWING TOO CLOSELY,BEAT_113,2,11,2,5,42.074934,-87.477814,45,4,Friday,11,5,Night,0,1
2026-11-06 06:20:00,30,SEVERE RAIN,DAYLIGHT,REAR END,NOT DIVIDED,STRAIGHT AND LEVEL,WET,NO DEFECTS,Y,DRIVING SKILLS/KNOWLEDGE/EXPERIENCE,BEAT_102,2,11,0,5,41.912545,-87.601769,45,4,Friday,11,6,Morning_Rush,0,0
2026-11-06 06:59:00,35,CLEAR,DAYLIGHT,SIDESWIPE SAME DIRECTION,NOT DIVIDED,STRAIGHT AND LEVEL,DRY,NO DEFECTS,Y,FAILING TO YIELD RIGHT-OF-WAY,BEAT_106,4,11,1,5,41.968846,-87.561109,45,4,Friday,11,6,Morning_Rush,0,1
2026-11-06 15:00:00,50,CLEAR,DAYLIGHT,REAR END,DIVIDED - W/MEDIAN,STRAIGHT AND LEVEL,WET,NO DEFECTS,N,FAILING TO YIELD RIGHT-OF-WAY,BEAT_112,2,11,0,5,42.060721,-87.485891,45,4,Friday,11,15,Midday,0,0
2026-11-06 15:40:00,35,CLEAR,"DARKNESS, LIGHTED ROAD",TURNING,ONE-WAY,STRAIGHT AND LEVEL,DRY,NO DEFECTS,N,WEATHER,BEAT_118,2,11,0,5,42.14663,-87.414101,45,4,Friday,11,15,Midday,0,0
2026-11-06 16:52:00,30,CLEAR,"DARKNESS, LIGHTED ROAD",SIDESWIPE SAME DIRECTION,DIVIDED - W/MEDIAN,STRAIGHT AND LEVEL,DRY,NO DEFECTS,Y,FAILING TO YIELD RIGHT-OF-WAY,BEAT_112,2,11,0,5,42.056143,-87.485797,45,4,Friday,11,16,Evening_Rush,0,0
2026-11-06 20:29:00,35,RAIN,DAWN,TURNING,DIVIDED - W/MEDIAN,STRAIGHT AND LEVEL,ICE,NO DEFECTS,Y,IMPROPER OVERTAKING/PASSING,BEAT_104,2,11,0,5,41.936067,-87.582806,45,4,Friday,11,20,Night,0,0
2026-11-06 21:22:00,40,CLEAR,DAYLIGHT,REAR END,NOT DIVIDED,STRAIGHT AND LEVEL,DRY,NO DEFECTS,Y,DISREGARDING TRAFFIC SIGNALS,BEAT_103,2,11,0,5,41.924488,-87.593886,45,4,Friday,11,21,Night,0,0
2026-11-13 00:01:00,55,CLEAR,"DARKNESS, LIGHTED ROAD",REAR END,DIVIDED - W/MEDIAN,STRAIGHT AND LEVEL,DRY,"RUT, HOLES",N,DRIVING SKILLS/KNOWLEDGE/EXPERIENCE,BEAT_104,2,11,1,5,41.941976,-87.588691,46,4,Friday,11,0,Night,0,1
2026-11-13 02:45:00,25,RAIN,DUSK,TURNING,FOUR WAY INTERSECTION,"CURVE, LEVEL",WET,"RUT, HOLES",Y,FAILING TO YIELD RIGHT-OF-WAY,BEAT_118,2,11,0,5,42.149014,-87.412742,46,4,Friday,11,2,Night,0,0
2026-11-13 03:11:00,30,FOG/SMOKE/HAZE,DAYLIGHT,TURNING,NOT DIVIDED,STRAIGHT AND LEVEL,SNOW OR SLUSH,"RUT, HOLES",Y,FOLLOWING TOO CLOSELY,BEAT_110,2,11,0,5,42.028153,-87.50697,46,4,Friday,11,3,Night,0,0
2026-11-13 06:53:00,25,CLEAR,DAYLIGHT,SIDESWIPE SAME DIRECTION,T-INTERSECTION,STRAIGHT ON GRADE,DRY,NO DEFECTS,Y,FAILING TO YIELD RIGHT-OF-WAY,BEAT_112,1,11,0,5,42.060161,-87.487721,46,4,Friday,11,6,Morning_Rush,0,0
2026-11-13 11:11:00,25,CLEAR,"DARKNESS, LIGHTED ROAD",REAR END,ONE-WAY,STRAIGHT AND LEVEL,DRY,NO DEFECTS,N,FAILING TO YIELD RIGHT-OF-WAY,BEAT_104,2,11,0,5,41.939819,-87.582208,46,4,Friday,11,11,Midday,0,0
2026-11-13 14:37:00,20,CLEAR,DAYLIGHT,SIDESWIPE SAME DIRECTION,DIVIDED - W/MEDIAN,STRAIGHT AND LEVEL,DRY,NO DEFECTS,N,IMPROPER OVERTAKING/PASSING,BEAT_113,4,11,0,5,42.072864,-87.469881,46,4,Friday,11,14,Midday,0,0
2026-11-13 16:43:00,30,CLEAR,"DARKNESS, LIGHTED ROAD",TURNING,DIVIDED - W/MEDIAN,STRAIGHT AND LEVEL,DRY,WORN SURFACE,Y,FAILING TO YIELD RIGHT-OF-WAY,BEAT_120,2,11,2,5,42.181035,-87.389026,46,4,Friday,11,16,Evening_Rush,0,1
2026-11-13 16:50:00,25,CLEAR,DAYLIGHT,REAR END,DIVIDED - W/MEDIAN,STRAIGHT AND LEVEL,DRY,NO DEFECTS,N,DISREGARDING TRAFFIC SIGNALS,BEAT_114,2,11,0,5,42.087821,-87.463291,46,4,Friday,11,16,Evening_Rush,0,0
2026-11-13 17:41:00,45,CLEAR,DAYLIGHT,REAR END,ONE-WAY,STRAIGHT AND LEVEL,DRY,NO DEFECTS,N,IMPROPER OVERTAKING/PASSING,BEAT_101,2,11,1,5,41.89546,-87.623887,46,4,Friday,11,17,Evening_Rush,0,1
2026-11-13 23:14:00,40,FOG/SMOKE/HAZE,DAYLIGHT,REAR END,NOT DIVIDED,STRAIGHT AND LEVEL,SNOW OR SLUSH,NO DEFECTS,N,DRIVING SKILLS/KNOWLEDGE/EXPERIENCE,BEAT_107,2,11,0,5,41.986204,-87.546052,46,4,Friday,11,23,Night,0,0
2026-11-13 23:33:00,20,CLEAR,"DARKNESS, LIGHTED ROAD",REAR END,DIVIDED - W/MEDIAN,STRAIGHT AND LEVEL,DRY,NO DEFECTS,N,DISREGARDING TRAFFIC SIGNALS,BEAT_118,1,11,0,5,42.145304,-87.410148,46,4,Friday,11,23,Night,0,0
2026-11-20 01:59:00,25,CLEAR,DARKNESS,PARKED MOTOR VEHICLE,ONE-WAY,"CURVE, LEVEL",DRY,NO DEFECTS,N,FAILING TO YIELD RIGHT-OF-WAY,BEAT_113,2,11,0,5,42.071963,-87.473497,47,4,Friday,11,1,Night,0,0
2026-11-20 02:18:00,25,CLEAR,DAYLIGHT,TURNING,ALLEY,STRAIGHT AND LEVEL,WET,NO DEFECTS,Y,FOLLOWING TOO CLOSELY,BEAT_108,3,11,0,5,42.000661,-87.534764,47,4,Friday,11,2,Night,0,0
2026-11-20 07:25:00,25,CLEAR,DAYLIGHT,PEDESTRIAN,FOUR WAY INTERSECTION,STRAIGHT AND LEVEL,WET,NO DEFECTS,Y,DISREGARDING TRAFFIC SIGNALS,BEAT_107,2,11,0,5,41.9825,-87.54099,47,4,Friday,11,7,Morning_Rush,0,0
2026-11-20 08:11:00,25,CLEAR,DAYLIGHT,TURNING,NOT DIVIDED,"CURVE, LEVEL",DRY,"RUT, HOLES",N,FOLLOWING TOO CLOSELY,BEAT_102,2,11,0,5,41.911468,-87.604237,47,4,Friday,11,8,Morning_Rush,0,0
2026-11-20 11:10:00,30,CLEAR,DAYLIGHT,REAR END,FOUR WAY INTERSECTION,STRAIGHT AND LEVEL,DRY,NO DEFECTS,N,IMPROPER OVERTAKING/PASSING,BEAT_104,2,11,0,5,41.942035,-87.585952,47,4,Friday,11,11,Midday,0,0
2026-11-20 14:08:00,45,SNOW,DAYLIGHT,REAR END,NOT DIVIDED,"CURVE, LEVEL",WET,NO DEFECTS,Y,FOLLOWING TOO CLOSELY,BEAT_107,2,11,0,5,41.985079,-87.5405,47,4,Friday,11,14,Midday,0,0
2026-11-20 15:42:00,30,CLEAR,DAYLIGHT,ANGLE,DIVIDED - W/MEDIAN,STRAIGHT ON GRADE,DRY,NO DEFECTS,Y,DISREGARDING TRAFFIC SIGNALS,BEAT_107,2,11,0,5,41.980665,-87.548337,47,4,Friday,11,15,Midday,0,0
2026-11-20 18:01:00,40,CLEAR,"DARKNESS, LIGHTED ROAD",REAR END,ALLEY,STRAIGHT AND LEVEL,ICE,NO DEFECTS,Y,FAILING TO YIELD RIGHT-OF-WAY,BEAT_107,1,11,0,5,41.985871,-87.547388,47,4,Friday,11,18,Evening_Rush,0,0
2026-11-20 18:09:00,30,CLEAR,DAYLIGHT,PARKED MOTOR VEHICLE,DIVIDED - W/MEDIAN,"CURVE, LEVEL",DRY,NO DEFECTS,Y,DRIVING SKILLS/KNOWLEDGE/EXPERIENCE,BEAT_119,1,11,0,5,42.160787,-87.402499,47,4,Friday,11,18,Evening_Rush,0,0
2026-11-20 21:59:00,30,SNOW,DARKNESS,REAR END,FOUR WAY INTERSECTION,STRAIGHT AND LEVEL,WET,NO DEFECTS,N,DRIVING SKILLS/KNOWLEDGE/EXPERIENCE,BEAT_116,3,11,0,5,42.118809,-87.438787,47,4,Friday,11,21,Night,0,0
2026-11-20 22:43:00,40,CLEAR,"DARKNESS, LIGHTED ROAD",REAR END,DIVIDED - W/MEDIAN,STRAIGHT AND LEVEL,DRY,WORN SURFACE,N,FAILING TO YIELD RIGHT-OF-WAY,BEAT_109,2,11,0,5,42.013028,-87.520489,47,4,Friday,11,22,Night,0,0
2026-11-27 00:14:00,35,CLEAR,DAYLIGHT,REAR END,DIVIDED - W/MEDIAN,STRAIGHT AND LEVEL,DRY,NO DEFECTS,Y,DRIVING SKILLS/KNOWLEDGE/EXPERIENCE,BEAT_116,2,11,0,5,42.117268,-87.437485,48,4,Friday,11,0,Night,0,0
2026-11-27 00:45:00,25,CLEAR,DAWN,SIDESWIPE SAME DIRECTION,ALLEY,STRAIGHT AND LEVEL,SNOW OR SLUSH,NO DEFECTS,N,PHYSICAL CONDITION OF DRIVER,BEAT_111,2,11,0,5,42.045204,-87.495631,48,4,Friday,11,0,Night,0,0
2026-11-27 01:24:00,25,CLEAR,DARKNESS,SIDESWIPE SAME DIRECTION,DIVIDED - W/MEDIAN,STRAIGHT AND LEVEL,WET,NO DEFECTS,N,FOLLOWING TOO CLOSELY,BEAT_108,2,11,0,5,41.998991,-87.533233,48,4,Friday,11,1,Night,0,0
2026-11-27 02:08:00,30,CLEAR,DAYLIGHT,PARKED MOTOR VEHICLE,DIVIDED - W/MEDIAN,STRAIGHT AND LEVEL,DRY,NO DEFECTS,Y,DRIVING SKILLS/KNOWLEDGE/EXPERIENCE,BEAT_111,2,11,2,5,42.042644,-87.505817,48,4,Friday,11,2,Night,0,1
2026-11-27 06:58:00,25,CLEAR,DAYLIGHT,SIDESWIPE SAME DIRECTION,ONE-WAY,STRAIGHT AND LEVEL,DRY,NO DEFECTS,Y,FAILING TO YIELD RIGHT-OF-WAY,BEAT_120,2,11,0,5,42.17499,-87.392317,48,4,Friday,11,6,Morning_Rush,0,0
2026-11-27 12:00:00,35,CLEAR,DARKNESS,TURNING,ONE-WAY,STRAIGHT AND LEVEL,DRY,"RUT, HOLES",Y,DRIVING SKILLS/KNOWLEDGE/EXPERIENCE,BEAT_102,2,11,0,5,41.91008,-87.609492,48,4,Friday,11,12,Midday,0,0
2026-11-27 13:37:00,25,CLEAR,DAYLIGHT,ANGLE,FOUR WAY INTERSECTION,STRAIGHT ON GRADE,DRY,NO DEFECTS,N,FAILING TO YIELD RIGHT-OF-WAY,BEAT_112,2,11,0,5,42.055161,-87.486989,48,4,Friday,11,13,Midday,0,0
2026-11-27 14:09:00,40,SEVERE RAIN,DAYLIGHT,TURNING,DIVIDED - W/MEDIAN,"CURVE, LEVEL",WET,NO DEFECTS,N,FAILING TO YIELD RIGHT-OF-WAY,BEAT_111,1,11,0,5,42.044253,-87.495378,48,4,Friday,11,14,Midday,0,0
2026-11-27 17:22:00,30,RAIN,"DARKNESS, LIGHTED ROAD",REAR END,DIVIDED - W/MEDIAN,STRAIGHT AND LEVEL,ICE,"RUT, HOLES",N,FOLLOWING TOO CLOSELY,BEAT_111,2,11,0,5,42.039867,-87.496771,48,4,Friday,11,17,Evening_Rush,0,0
2026-11-27 17:57:00,25,CLEAR,"DARKNESS, LIGHTED ROAD",REAR END,ONE-WAY,STRAIGHT AND LEVEL,DRY,NO DEFECTS,Y,WEATHER,BEAT_111,2,11,0,5,42.036785,-87.496356,48,4,Friday,11,17,Evening_Rush,0,0
2026-11-27 20:03:00,25,CLEAR,DAYLIGHT,ANGLE,FOUR WAY INTERSECTION,STRAIGHT AND LEVEL,DRY,NO DEFECTS,Y,WEATHER,BEAT_120,2,11,0,5,42.177874,-87.386762,48,4,Friday,11,20,Night,0,0
2026-11-27 22:29:00,25,CLEAR,DARKNESS,REAR END,NOT DIVIDED,STRAIGHT AND LEVEL,DRY,WORN SURFACE,N,DRIVING SKILLS/KNOWLEDGE/EXPERIENCE,BEAT_116,1,11,0,5,42.118761,-87.442216,48,4,Friday,11,22,Night,0,0
2026-12-04 02:43:00,30,CLEAR,"DARKNESS, LIGHTED ROAD",ANGLE,DIVIDED - W/MEDIAN,STRAIGHT AND LEVEL,WET,NO DEFECTS,Y,WEATHER,BEAT_113,2,12,0,5,42.073675,-87.472546,49,4,Friday,12,2,Night,0,0
2026-12-04 03:03:00,25,CLEAR,DAYLIGHT,REAR END,ONE-WAY,STRAIGHT AND LEVEL,DRY,NO DEFECTS,N,IMPROPER OVERTAKING/PASSING,BEAT_113,2,12,0,5,42.077625,-87.475986,49,4,Friday,12,3,Night,0,0
2026-12-04 10:12:00,35,CLEAR,DAWN,FIXED OBJECT,NOT DIVIDED,STRAIGHT AND LEVEL,DRY,NO DEFECTS,N,DRIVING SKILLS/KNOWLEDGE/EXPERIENCE,BEAT_106,1,12,0,5,41.971976,-87.555817,49,4,Friday,12,10,Midday,0,0
2026-12-04 10:45:00,25,CLEAR,DAYLIGHT,REAR END,DIVIDED - W/MEDIAN,STRAIGHT ON GRADE,DRY,NO DEFECTS,N,FAILING TO YIELD RIGHT-OF-WAY,BEAT_112,2,12,0,5,42.055471,-87.483964,49,4,Friday,12,10,Midday,0,0
2026-12-04 11:54:00,25,RAIN,DAYLIGHT,SIDESWIPE SAME DIRECTION,ONE-WAY,STRAIGHT AND LEVEL,WET,NO DEFECTS,Y,PHYSICAL CONDITION OF DRIVER,BEAT_101,2,12,0,5,41.894404,-87.616374,49,4,Friday,12,11,Midday,0,0
2026-12-04 15:19:00,30,CLEAR,DAYLIGHT,SIDESWIPE SAME DIRECTION,DIVIDED - W/MEDIAN,STRAIGHT AND LEVEL,DRY,WORN SURFACE,N,FOLLOWING TOO CLOSELY,BEAT_109,2,12,0,5,42.016881,-87.515035,49,4,Friday,12,15,Midday,0,0
2026-12-04 15:23:00,30,CLEAR,DAYLIGHT,REAR END,DIVIDED - W/MEDIAN,STRAIGHT AND LEVEL,DRY,NO DEFECTS,Y,DRIVING SKILLS/KNOWLEDGE/EXPERIENCE,BEAT_113,2,12,0,5,42.076469,-87.472531,49,4,Friday,12,15,Midday,0,0
2026-12-04 18:06:00,55,CLEAR,DAWN,SIDESWIPE SAME DIRECTION,DIVIDED - W/MEDIAN,STRAIGHT AND LEVEL,WET,DEBRIS ON ROAD,N,FAILING TO YIELD RIGHT-OF-WAY,BEAT_118,3,12,0,5,42.145901,-87.415529,49,4,Friday,12,18,Evening_Rush,0,0
2026-12-04 21:04:00,40,CLEAR,DAYLIGHT,REAR END,ONE-WAY,STRAIGHT AND LEVEL,DRY,NO DEFECTS,Y,FOLLOWING TOO CLOSELY,BEAT_115,2,12,0,5,42.104617,-87.449222,49,4,Friday,12,21,Night,0,0
2026-12-04 21:28:00,30,RAIN,DAYLIGHT,TURNING,DIVIDED - W/MEDIAN,STRAIGHT AND LEVEL,WET,NO DEFECTS,Y,FOLLOWING TOO CLOSELY,BEAT_113,2,12,0,5,42.0687,-87.476968,49,4,Friday,12,21,Night,0,0
2026-12-04 23:12:00,25,CLEAR,DARKNESS,REAR END,FOUR WAY INTERSECTION,STRAIGHT AND LEVEL,DRY,NO DEFECTS,N,WEATHER,BEAT_108,2,12,0,5,41.999987,-87.536126,49,4,Friday,12,23,Night,0,0
2026-12-04 23:34:00,45,RAIN,DAYLIGHT,SIDESWIPE SAME DIRECTION,DIVIDED - W/MEDIAN,STRAIGHT AND LEVEL,SNOW OR SLUSH,NO DEFECTS,N,FAILING TO YIELD RIGHT-OF-WAY,BEAT_114,2,12,0,5,42.088153,-87.464248,49,4,Friday,12,23,Night,0,0
2026-12-11 02:00:00,35,CLEAR,DAYLIGHT,ANGLE,DIVIDED - W/MEDIAN,STRAIGHT AND LEVEL,DRY,"RUT, HOLES",N,FOLLOWING TOO CLOSELY,BEAT_111,2,12,0,5,42.039988,-87.50115,50,4,Friday,12,2,Night,0,0
2026-12-11 03:16:00,30,RAIN,"DARKNESS, LIGHTED ROAD",ANGLE,NOT DIVIDED,STRAIGHT AND LEVEL,WET,NO DEFECTS,Y,FAILING TO YIELD RIGHT-OF-WAY,BEAT_102,2,12,0,5,41.90652,-87.609767,50,4,Friday,12,3,Night,0,0
2026-12-11 04:20:00,25,CLEAR,DAYLIGHT,REAR END,ONE-WAY,STRAIGHT AND LEVEL,WET,NO DEFECTS,Y,WEATHER,BEAT_120,2,12,0,5,42.178157,-87.386243,50,4,Friday,12,4,Night,0,0
2026-12-11 04:26:00,30,SNOW,"DARKNESS, LIGHTED ROAD",SIDESWIPE SAME DIRECTION,FOUR WAY INTERSECTION,STRAIGHT AND LEVEL,SNOW OR SLUSH,NO DEFECTS,N,FAILING TO YIELD RIGHT-OF-WAY,BEAT_103,2,12,0,5,41.916808,-87.592115,50,4,Friday,12,4,Night,0,0
2026-12-11 08:30:00,35,SNOW,DUSK,SIDESWIPE SAME DIRECTION,FOUR WAY INTERSECTION,STRAIGHT AND LEVEL,WET,NO DEFECTS,N,FAILING TO YIELD RIGHT-OF-WAY,BEAT_107,2,12,0,5,41.985093,-87.545785,50,4,Friday,12,8,Morning_Rush,0,0
2026-12-11 08:34:00,20,CLEAR,"DARKNESS, LIGHTED ROAD",SIDESWIPE SAME DIRECTION,NOT DIVIDED,STRAIGHT AND LEVEL,DRY,NO DEFECTS,N,PHYSICAL CONDITION OF DRIVER,BEAT_103,2,12,0,5,41.92679,-87.593886,50,4,Friday,12,8,Morning_Rush,0,0
2026-12-11 09:07:00,45,CLEAR,"DARKNESS, LIGHTED ROAD",ANGLE,DIVIDED - W/MEDIAN,STRAIGHT AND LEVEL,DRY,WORN SURFACE,N,PHYSICAL CONDITION OF DRIVER,BEAT_112,2,12,0,5,42.058118,-87.483135,50,4,Friday,12,9,Morning_Rush,0,0
2026-12-11 09:09:00,30,CLEAR,DAYLIGHT,TURNING,ONE-WAY,STRAIGHT AND LEVEL,WET,NO DEFECTS,N,FOLLOWING TOO CLOSELY,BEAT_112,2,12,0,5,42.056519,-87.489212,50,4,Friday,12,9,Morning_Rush,0,0
2026-12-11 16:59:00,30,CLEAR,DAWN,REAR END,ONE-WAY,STRAIGHT ON GRADE,DRY,NO DEFECTS,N,FAILING TO YIELD RIGHT-OF-WAY,BEAT_114,2,12,0,5,42.083187,-87.461441,50,4,Friday,12,16,Evening_Rush,0,0
2026-12-11 17:46:00,25,RAIN,"DARKNESS, LIGHTED ROAD",ANGLE,DIVIDED - W/MEDIAN,STRAIGHT AND LEVEL,WET,NO DEFECTS,N,WEATHER,BEAT_116,1,12,1,5,42.123005,-87.439966,50,4,Friday,12,17,Evening_Rush,0,1
2026-12-11 20:16:00,25,CLEAR,DAYLIGHT,TURNING,ONE-WAY,STRAIGHT AND LEVEL,DRY,"RUT, HOLES",N,WEATHER,BEAT_101,2,12,0,5,41.892035,-87.619955,50,4,Friday,12,20,Night,0,0
2026-12-11 21:11:00,25,CLEAR,DAYLIGHT,TURNING,DIVIDED - W/MEDIAN,"CURVE, LEVEL",DRY,NO DEFECTS,Y,WEATHER,BEAT_101,1,12,0,5,41.895725,-87.622372,50,4,Friday,12,21,Night,0,0
2026-12-18 00:05:00,30,CLEAR,DAWN,REAR END,DIVIDED - W/MEDIAN,STRAIGHT AND LEVEL,DRY,NO DEFECTS,N,WEATHER,BEAT_110,2,12,0,5,42.028194,-87.510853,51,4,Friday,12,0,Night,0,0
2026-12-18 02:11:00,30,CLEAR,DAYLIGHT,ANGLE,NOT DIVIDED,STRAIGHT AND LEVEL,WET,NO DEFECTS,N,FOLLOWING TOO CLOSELY,BEAT_112,2,12,0,5,42.058352,-87.485072,51,4,Friday,12,2,Night,0,0
2026-12-18 05:10:00,35,CLEAR,DAYLIGHT,TURNING,DIVIDED - W/MEDIAN,STRAIGHT AND LEVEL,DRY,NO DEFECTS,N,FOLLOWING TOO CLOSELY,BEAT_103,2,12,0,5,41.923214,-87.595333,51,4,Friday,12,5,Night,0,0
2026-12-18 07:59:00,30,CLEAR,DARKNESS,PEDESTRIAN,ONE-WAY,STRAIGHT AND LEVEL,"SAND, MUD, DIRT",NO DEFECTS,N,FAILING TO YIELD RIGHT-OF-WAY,BEAT_101,2,12,0,5,41.895006,-87.613989,51,4,Friday,12,7,Morning_Rush,0,0
2026-12-18 09:16:00,35,CLEAR,"DARKNESS, LIGHTED ROAD",PARKED MOTOR VEHICLE,NOT DIVIDED,STRAIGHT AND LEVEL,DRY,NO DEFECTS,Y,FOLLOWING TOO CLOSELY,BEAT_113,3,12,0,5,42.071926,-87.480586,51,4,Friday,12,9,Morning_Rush,0,0
2026-12-18 10:37:00,25,RAIN,"DARKNESS, LIGHTED ROAD",REAR END,FOUR WAY INTERSECTION,STRAIGHT AND LEVEL,ICE,NO DEFECTS,N,FOLLOWING TOO CLOSELY,BEAT_116,2,12,0,5,42.117801,-87.439684,51,4,Friday,12,10,Midday,0,0
2026-12-18 16:39:00,30,CLEAR,DAYLIGHT,REAR END,DIVIDED - W/MEDIAN,STRAIGHT AND LEVEL,DRY,NO DEFECTS,N,FOLLOWING TOO CLOSELY,BEAT_119,3,12,0,5,42.155289,-87.398281,51,4,Friday,12,16,Evening_Rush,0,0
2026-12-25 03:41:00,25,SNOW,"DARKNESS, LIGHTED ROAD",SIDESWIPE SAME DIRECTION,DIVIDED - W/MEDIAN,STRAIGHT AND LEVEL,WET,NO DEFECTS,Y,FAILING TO YIELD RIGHT-OF-WAY,BEAT_113,2,12,0,5,42.076199,-87.470764,52,4,Friday,12,3,Night,0,0
2026-12-25 04:55:00,30,CLEAR,"DARKNESS, LIGHTED ROAD",SIDESWIPE SAME DIRECTION,NOT DIVIDED,STRAIGHT AND LEVEL,DRY,NO DEFECTS,N,FAILING TO YIELD RIGHT-OF-WAY,BEAT_108,2,12,0,5,41.998794,-87.53738,52,4,Friday,12,4,Night,0,0
2026-12-25 07:03:00,30,CLEAR,"DARKNESS, LIGHTED ROAD",ANGLE,NOT DIVIDED,STRAIGHT AND LEVEL,DRY,NO DEFECTS,N,FOLLOWING TOO CLOSELY,BEAT_112,2,12,1,5,42.063488,-87.485177,52,4,Friday,12,7,Morning_Rush,0,1
2026-12-25 11:16:00,25,FOG/SMOKE/HAZE,DAYLIGHT,TURNING,NOT DIVIDED,STRAIGHT AND LEVEL,WET,"RUT, HOLES",N,DRIVING SKILLS/KNOWLEDGE/EXPERIENCE,BEAT_119,2,12,0,5,42.166439,-87.403473,52,4,Friday,12,11,Midday,0,0
2026-12-25 11:43:00,20,CLEAR,DAYLIGHT,SIDESWIPE SAME DIRECTION,FOUR WAY INTERSECTION,STRAIGHT AND LEVEL,DRY,NO DEFECTS,Y,FAILING TO YIELD RIGHT-OF-WAY,BEAT_113,2,12,1,5,42.075658,-87.477251,52,4,Friday,12,11,Midday,0,1
2026-12-25 11:44:00,25,CLEAR,DAYLIGHT,REAR END,NOT DIVIDED,STRAIGHT AND LEVEL,DRY,NO DEFECTS,Y,FOLLOWING TOO CLOSELY,BEAT_113,2,12,0,5,42.073242,-87.470802,52,4,Friday,12,11,Midday,0,0
2026-12-25 14:36:00,30,CLEAR,DAYLIGHT,SIDESWIPE SAME DIRECTION,NOT DIVIDED,STRAIGHT AND LEVEL,DRY,NO DEFECTS,Y,DRIVING SKILLS/KNOWLEDGE/EXPERIENCE,BEAT_108,2,12,0,5,41.999659,-87.534503,52,4,Friday,12,14,Midday,0,0
2026-12-25 15:50:00,35,CLEAR,DARKNESS,REAR END,FOUR WAY INTERSECTION,STRAIGHT AND LEVEL,WET,NO DEFECTS,N,PHYSICAL CONDITION OF DRIVER,BEAT_103,2,12,0,5,41.921735,-87.591716,52,4,Friday,12,15,Midday,0,0
2026-12-25 17:09:00,25,CLEAR,DAYLIGHT,REAR END,DIVIDED - W/MEDIAN,"CURVE, LEVEL","SAND, MUD, DIRT",NO DEFECTS,N,FOLLOWING TOO CLOSELY,BEAT_103,1,12,0,5,41.921354,-87.594332,52,4,Friday,12,17,Evening_Rush,0,0
2026-12-25 17:27:00,25,SEVERE RAIN,DAYLIGHT,TURNING,DIVIDED - W/MEDIAN,STRAIGHT AND LEVEL,WET,NO DEFECTS,Y,IMPROPER OVERTAKING/PASSING,BEAT_118,2,12,0,5,42.145905,-87.415077,52,4,Friday,12,17,Evening_Rush,0,0
2026-12-25 18:51:00,25,CLEAR,DAYLIGHT,TURNING,DIVIDED - W/MEDIAN,"CURVE, LEVEL",DRY,NO DEFECTS,Y,DISREGARDING TRAFFIC SIGNALS,BEAT_111,2,12,0,5,42.04314,-87.49784,52,4,Friday,12,18,Evening_Rush,0,0
2026-12-25 19:05:00,25,SNOW,DAYLIGHT,TURNING,ONE-WAY,STRAIGHT AND LEVEL,WET,NO DEFECTS,Y,FOLLOWING TOO CLOSELY,BEAT_109,2,12,0,5,42.010216,-87.521394,52,4,Friday,12,19,Evening_Rush,0,0
