CRASH_DATE,POSTED_SPEED_LIMIT,WEATHER_CONDITION,LIGHTING_CONDITION,FIRST_CRASH_TYPE,TRAFFICWAY_TYPE,ALIGNMENT,ROADWAY_SURFACE_COND,ROAD_DEFECT,INTERSECTION_RELATED_I,PRIM_CONTRIBUTORY_CAUSE,BEAT_OF_OCCURRENCE,NUM_UNITS,CRASH_MONTH,INJURIES_TOTAL,CRASH_DAY_OF_WEEK,LATITUDE,LONGITUDE,week,day_of_week,day_name,month,hour,time_of_day,is_weekend,incident_occurred
2026-01-05 13:35:00,25,CLEAR,"DARKNESS, LIGHTED ROAD",PARKED MOTOR VEHICLE,ONE-WAY,STRAIGHT AND LEVEL,SNOW OR SLUSH,NO DEFECTS,Y,FOLLOWING TOO CLOSELY,BEAT_117,2,1,0,1,42.139666,-87.420442,2,0,Monday,1,13,Midday,0,0
2026-01-05 15:09:00,40,SNOW,"DARKNESS, LIGHTED ROAD",PEDESTRIAN,DIVIDED - W/MEDIAN,STRAIGHT AND LEVEL,WET,NO DEFECTS,N,FOLLOWING TOO CLOSELY,BEAT_112,2,1,0,1,42.055414,-87.487899,2,0,Monday,1,15,Midday,0,0
2026-01-05 17:02:00,30,SNOW,DAYLIGHT,ANGLE,DIVIDED - W/MEDIAN,STRAIGHT AND LEVEL,WET,NO DEFECTS,N,FOLLOWING TOO CLOSELY,BEAT_117,3,1,0,1,42.129604,-87.430333,2,0,Monday,1,17,Evening_Rush,0,0
2026-01-05 18:04:00,40,CLEAR,DARKNESS,PARKED MOTOR VEHICLE,NOT DIVIDED,STRAIGHT AND LEVEL,DRY,NO DEFECTS,N,WEATHER,BEAT_118,2,1,1,1,42.14555,-87.412696,2,0,Monday,1,18,Evening_Rush,0,1
2026-01-05 18:40:00,30,CLEAR,"DARKNESS, LIGHTED ROAD",REAR END,DIVIDED - W/MEDIAN,STRAIGHT AND LEVEL,DRY,NO DEFECTS,Y,PHYSICAL CONDITION OF DRIVER,BEAT_107,1,1,0,1,41.990441,-87.547342,2,0,Monday,1,18,Evening_Rush,0,0
2026-01-05 19:12:00,35,CLEAR,"DARKNESS, LIGHTED ROAD",ANGLE,NOT DIVIDED,CURVE ON GRADE,DRY,NO DEFECTS,Y,DISREGARDING TRAFFIC SIGNALS,BEAT_117,4,1,0,1,42.133546,-87.424031,2,0,Monday,1,19,Evening_Rush,0,0
2026-01-05 21:21:00,30,CLEAR,DAYLIGHT,REAR END,FOUR WAY INTERSECTION,CURVE ON GRADE,DRY,NO DEFECTS,Y,FOLLOWING TOO CLOSELY,BEAT_117,2,1,0,1,42.131215,-87.426401,2,0,Monday,1,21,Night,0,0
2026-01-05 23:44:00,30,CLEAR,DAWN,REAR END,T-INTERSECTION,STRAIGHT AND LEVEL,DRY,NO DEFECTS,Y,FAILING TO YIELD RIGHT-OF-WAY,BEAT_113,2,1,0,1,42.072203,-87.473005,2,0,Monday,1,23,Night,0,0
2026-01-12 05:59:00,40,CLEAR,"DARKNESS, LIGHTED ROAD",PARKED MOTOR VEHICLE,NOT DIVIDED,STRAIGHT AND LEVEL,DRY,NO DEFECTS,N,WEATHER,BEAT_109,2,1,0,1,42.012683,-87.516505,3,0,Monday,1,5,Night,0,0
2026-01-12 06:26:00,25,SNOW,"DARKNESS, LIGHTED ROAD",REAR END,FOUR WAY INTERSECTION,STRAIGHT AND LEVEL,WET,NO DEFECTS,Y,FOLLOWING TOO CLOSELY,BEAT_113,2,1,0,1,42.074513,-87.478384,3,0,Monday,1,6,Morning_Rush,0,0
2026-01-12 07:08:00,25,RAIN,"DARKNESS, LIGHTED ROAD",TURNING,NOT DIVIDED,STRAIGHT AND LEVEL,WET,NO DEFECTS,N,WEATHER,BEAT_112,2,1,0,1,42.058337,-87.486711,3,0,Monday,1,7,Morning_Rush,0,0
2026-01-12 07:43:00,25,CLEAR,DARKNESS,TURNING,NOT DIVIDED,STRAIGHT AND LEVEL,DRY,WORN SURFACE,Y,FOLLOWING TOO CLOSELY,BEAT_111,2,1,0,1,42.041248,-87.495704,3,0,Monday,1,7,Morning_Rush,0,0
2026-01-12 08:55:00,25,CLEAR,DAYLIGHT,REAR END,T-INTERSECTION,STRAIGHT AND LEVEL,WET,NO DEFECTS,Y,FAILING TO YIELD RIGHT-OF-WAY,BEAT_116,1,1,0,1,42.121221,-87.438387,3,0,Monday,1,8,Morning_Rush,0,0
2026-01-12 11:28:00,40,CLEAR,DAYLIGHT,PEDESTRIAN,FOUR WAY INTERSECTION,STRAIGHT AND LEVEL,DRY,NO DEFECTS,N,FOLLOWING TOO CLOSELY,BEAT_111,2,1,0,1,42.0461,-87.490488,3,0,Monday,1,11,Midday,0,0
2026-01-12 13:48:00,25,CLEAR,"DARKNESS, LIGHTED ROAD",SIDESWIPE SAME DIRECTION,ALLEY,"CURVE, LEVEL",DRY,NO DEFECTS,Y,DRIVING SKILLS/KNOWLEDGE/EXPERIENCE,BEAT_108,2,1,0,1,41.997812,-87.532219,3,0,Monday,1,13,Midday,0,0
2026-01-12 14:38:00,25,CLEAR,DAYLIGHT,REAR END,ONE-WAY,STRAIGHT AND LEVEL,DRY,NO DEFECTS,Y,FOLLOWING TOO CLOSELY,BEAT_113,1,1,0,1,42.072912,-87.473749,3,0,Monday,1,14,Midday,0,0
2026-01-12 15:12:00,25,CLEAR,"DARKNESS, LIGHTED ROAD",REAR END,DIVIDED - W/MEDIAN,"CURVE, LEVEL",DRY,NO DEFECTS,Y,FAILING TO YIELD RIGHT-OF-WAY,BEAT_111,2,1,0,1,42.038049,-87.497393,3,0,Monday,1,15,Midday,0,0
2026-01-12 16:08:00,30,CLEAR,"DARKNESS, LIGHTED ROAD",SIDESWIPE SAME DIRECTION,FOUR WAY INTERSECTION,STRAIGHT AND LEVEL,DRY,NO DEFECTS,N,DISREGARDING TRAFFIC SIGNALS,BEAT_105,2,1,0,1,41.954291,-87.569416,3,0,Monday,1,16,Evening_Rush,0,0
2026-01-12 21:26:00,30,CLEAR,DAYLIGHT,REAR END,ONE-WAY,STRAIGHT AND LEVEL,WET,NO DEFECTS,N,FAILING TO YIELD RIGHT-OF-WAY,BEAT_115,2,1,0,1,42.101079,-87.452554,3,0,Monday,1,21,Night,0,0
2026-01-12 23:10:00,25,CLEAR,DAYLIGHT,ANGLE,ONE-WAY,STRAIGHT AND LEVEL,ICE,NO DEFECTS,Y,FOLLOWING TOO CLOSELY,BEAT_111,2,1,0,1,42.042456,-87.499551,3,0,Monday,1,23,Night,0,0
2026-01-12 23:36:00,25,CLEAR,"DARKNESS, LIGHTED ROAD",REAR END,NOT DIVIDED,"CURVE, LEVEL",DRY,NO DEFECTS,Y,FAILING TO YIELD RIGHT-OF-WAY,BEAT_111,2,1,0,1,42.041934,-87.497767,3,0,Monday,1,23,Night,0,0
2026-01-19 07:27:00,25,CLEAR,DAYLIGHT,REAR END,FOUR WAY INTERSECTION,"CURVE, LEVEL",DRY,NO DEFECTS,N,FAILING TO YIELD RIGHT-OF-WAY,BEAT_108,2,1,0,1,41.994157,-87.53142,4,0,Monday,1,7,Morning_Rush,0,0
2026-01-19 08:36:00,30,SNOW,DARKNESS,PARKED MOTOR VEHICLE,DIVIDED - W/MEDIAN,STRAIGHT AND LEVEL,WET,NO DEFECTS,N,PHYSICAL CONDITION OF DRIVER,BEAT_105,2,1,0,1,41.953849,-87.577122,4,0,Monday,1,8,Morning_Rush,0,0
2026-01-19 09:33:00,25,CLEAR,DARKNESS,TURNING,NOT DIVIDED,"CURVE, LEVEL",DRY,NO DEFECTS,N,FOLLOWING TOO CLOSELY,BEAT_114,2,1,0,1,42.086447,-87.463232,4,0,Monday,1,9,Morning_Rush,0,0
2026-01-19 10:13:00,30,CLEAR,DUSK,PEDESTRIAN,ONE-WAY,STRAIGHT AND LEVEL,DRY,NO DEFECTS,N,FOLLOWING TOO CLOSELY,BEAT_104,2,1,0,1,41.937463,-87.585232,4,0,Monday,1,10,Midday,0,0
2026-01-19 11:00:00,45,CLEAR,DAYLIGHT,PARKED MOTOR VEHICLE,DIVIDED - W/MEDIAN,STRAIGHT AND LEVEL,WET,NO DEFECTS,N,DRIVING SKILLS/KNOWLEDGE/EXPERIENCE,BEAT_109,2,1,2,1,42.010398,-87.521143,4,0,Monday,1,11,Midday,0,1
2026-01-19 13:00:00,55,CLEAR,DAYLIGHT,FIXED OBJECT,DIVIDED - W/MEDIAN,STRAIGHT AND LEVEL,DRY,"RUT, HOLES",N,DISREGARDING TRAFFIC SIGNALS,BEAT_120,2,1,0,1,42.177661,-87.389735,4,0,Monday,1,13,Midday,0,0
2026-01-19 18:15:00,30,CLEAR,DAYLIGHT,REAR END,DIVIDED - W/MEDIAN,STRAIGHT AND LEVEL,SNOW OR SLUSH,NO DEFECTS,N,FAILING TO YIELD RIGHT-OF-WAY,BEAT_104,2,1,0,1,41.935786,-87.58634,4,0,Monday,1,18,Evening_Rush,0,0
2026-01-26 01:47:00,40,CLEAR,DARKNESS,ANGLE,FOUR WAY INTERSECTION,STRAIGHT AND LEVEL,WET,NO DEFECTS,Y,DRIVING SKILLS/KNOWLEDGE/EXPERIENCE,BEAT_106,2,1,0,1,41.963731,-87.556472,5,0,Monday,1,1,Night,0,0
2026-01-26 05:34:00,40,CLEAR,"DARKNESS, LIGHTED ROAD",TURNING,DIVIDED - W/MEDIAN,STRAIGHT AND LEVEL,DRY,NO DEFECTS,Y,DRIVING SKILLS/KNOWLEDGE/EXPERIENCE,BEAT_109,2,1,1,1,42.012247,-87.525231,5,0,Monday,1,5,Night,0,1
2026-01-26 08:18:00,35,RAIN,DAYLIGHT,REAR END,ONE-WAY,STRAIGHT AND LEVEL,WET,NO DEFECTS,N,FAILING TO YIELD RIGHT-OF-WAY,BEAT_107,2,1,1,1,41.983001,-87.543953,5,0,Monday,1,8,Morning_Rush,0,1
2026-01-26 08:43:00,25,CLEAR,"DARKNESS, LIGHTED ROAD",PARKED MOTOR VEHICLE,T-INTERSECTION,STRAIGHT AND LEVEL,DRY,NO DEFECTS,N,FAILING TO YIELD RIGHT-OF-WAY,BEAT_114,2,1,0,1,42.083769,-87.461476,5,0,Monday,1,8,Morning_Rush,0,0
2026-01-26 09:26:00,35,CLEAR,"DARKNESS, LIGHTED ROAD",PARKED MOTOR VEHICLE,NOT DIVIDED,CURVE ON GRADE,DRY,NO DEFECTS,Y,PHYSICAL CONDITION OF DRIVER,BEAT_113,1,1,1,1,42.074302,-87.47141,5,0,Monday,1,9,Morning_Rush,0,1
2026-01-26 14:04:00,30,CLEAR,DAYLIGHT,ANGLE,T-INTERSECTION,STRAIGHT AND LEVEL,DRY,NO DEFECTS,N,FAILING TO YIELD RIGHT-OF-WAY,BEAT_120,2,1,0,1,42.180394,-87.393524,5,0,Monday,1,14,Midday,0,0
2026-01-26 18:29:00,35,RAIN,DAYLIGHT,SIDESWIPE SAME DIRECTION,NOT DIVIDED,STRAIGHT AND LEVEL,WET,NO DEFECTS,Y,FOLLOWING TOO CLOSELY,BEAT_107,2,1,1,1,41.981159,-87.537983,5,0,Monday,1,18,Evening_Rush,0,1
2026-01-26 20:00:00,30,CLEAR,"DARKNESS, LIGHTED ROAD",REAR END,NOT DIVIDED,STRAIGHT AND LEVEL,DRY,NO DEFECTS,N,FAILING TO YIELD RIGHT-OF-WAY,BEAT_101,2,1,0,1,41.893056,-87.61867,5,0,Monday,1,20,Night,0,0
2026-01-26 21:52:00,30,CLEAR,DAYLIGHT,SIDESWIPE SAME DIRECTION,DIVIDED - W/MEDIAN,STRAIGHT AND LEVEL,DRY,NO DEFECTS,N,PHYSICAL CONDITION OF DRIVER,BEAT_117,3,1,0,1,42.128986,-87.422776,5,0,Monday,1,21,Night,0,0
2026-01-26 22:37:00,25,RAIN,DAYLIGHT,TURNING,ONE-WAY,STRAIGHT AND LEVEL,SNOW OR SLUSH,NO DEFECTS,Y,FOLLOWING TOO CLOSELY,BEAT_105,1,1,2,1,41.951439,-87.569274,5,0,Monday,1,22,Night,0,1
2026-01-26 22:47:00,30,SEVERE RAIN,DAYLIGHT,ANGLE,NOT DIVIDED,STRAIGHT AND LEVEL,WET,NO DEFECTS,N,WEATHER,BEAT_117,1,1,0,1,42.132403,-87.425603,5,0,Monday,1,22,Night,0,0
2026-02-02 00:35:00,30,CLEAR,DAYLIGHT,REAR END,FOUR WAY INTERSECTION,STRAIGHT AND LEVEL,ICE,NO DEFECTS,N,FOLLOWING TOO CLOSELY,BEAT_117,4,2,0,1,42.130923,-87.421115,6,0,Monday,2,0,Night,0,0
2026-02-02 07:24:00,40,RAIN,DAYLIGHT,ANGLE,FOUR WAY INTERSECTION,STRAIGHT AND LEVEL,SNOW OR SLUSH,NO DEFECTS,Y,FAILING TO YIELD RIGHT-OF-WAY,BEAT_114,2,2,0,1,42.087148,-87.467849,6,0,Monday,2,7,Morning_Rush,0,0
2026-02-02 18:56:00,30,CLEAR,DAYLIGHT,SIDESWIPE SAME DIRECTION,DIVIDED - W/MEDIAN,STRAIGHT AND LEVEL,WET,NO DEFECTS,N,FOLLOWING TOO CLOSELY,BEAT_105,2,2,0,1,41.950155,-87.566895,6,0,Monday,2,18,Evening_Rush,0,0
2026-02-02 21:36:00,30,CLEAR,DAYLIGHT,REAR END,ALLEY,STRAIGHT AND LEVEL,DRY,NO DEFECTS,N,FOLLOWING TOO CLOSELY,BEAT_111,2,2,1,1,42.042841,-87.499444,6,0,Monday,2,21,Night,0,1
2026-02-02 23:15:00,40,CLEAR,DAYLIGHT,ANGLE,FOUR WAY INTERSECTION,STRAIGHT AND LEVEL,WET,NO DEFECTS,N,FAILING TO YIELD RIGHT-OF-WAY,BEAT_104,1,2,0,1,41.938937,-87.585945,6,0,Monday,2,23,Night,0,0
2026-02-09 04:03:00,25,CLEAR,DAWN,PARKED MOTOR VEHICLE,NOT DIVIDED,STRAIGHT AND LEVEL,WET,NO DEFECTS,N,FAILING TO YIELD RIGHT-OF-WAY,BEAT_117,2,2,0,1,42.132266,-87.424647,7,0,Monday,2,4,Night,0,0
2026-02-09 09:30:00,25,CLEAR,"DARKNESS, LIGHTED ROAD",SIDESWIPE SAME DIRECTION,DIVIDED - W/MEDIAN,STRAIGHT AND LEVEL,DRY,NO DEFECTS,Y,IMPROPER OVERTAKING/PASSING,BEAT_119,2,2,0,1,42.161473,-87.400478,7,0,Monday,2,9,Morning_Rush,0,0
2026-02-09 12:21:00,45,RAIN,"DARKNESS, LIGHTED ROAD",REAR END,ONE-WAY,"CURVE, LEVEL",SNOW OR SLUSH,NO DEFECTS,Y,FOLLOWING TOO CLOSELY,BEAT_115,2,2,1,1,42.104688,-87.449488,7,0,Monday,2,12,Midday,0,1
2026-02-09 13:50:00,30,CLEAR,"DARKNESS, LIGHTED ROAD",REAR END,ONE-WAY,STRAIGHT AND LEVEL,DRY,"RUT, HOLES",Y,WEATHER,BEAT_113,1,2,0,1,42.079353,-87.474402,7,0,Monday,2,13,Midday,0,0
2026-02-09 16:59:00,25,CLEAR,DAYLIGHT,REAR END,DIVIDED - W/MEDIAN,STRAIGHT AND LEVEL,WET,NO DEFECTS,Y,FAILING TO YIELD RIGHT-OF-WAY,BEAT_103,2,2,0,1,41.924055,-87.592935,7,0,Monday,2,16,Evening_Rush,0,0
2026-02-09 17:40:00,25,RAIN,DAYLIGHT,ANGLE,NOT DIVIDED,STRAIGHT AND LEVEL,ICE,NO DEFECTS,N,FOLLOWING TOO CLOSELY,BEAT_104,2,2,2,1,41.93469,-87.574129,7,0,Monday,2,17,Evening_Rush,0,1
2026-02-09 21:47:00,25,RAIN,DAYLIGHT,FIXED OBJECT,DIVIDED - W/MEDIAN,"CURVE, LEVEL",ICE,NO DEFECTS,N,FOLLOWING TOO CLOSELY,BEAT_108,4,2,1,1,41.999804,-87.536383,7,0,Monday,2,21,Night,0,1
2026-02-09 22:03:00,30,SNOW,DAYLIGHT,REAR END,FOUR WAY INTERSECTION,STRAIGHT AND LEVEL,WET,NO DEFECTS,Y,FAILING TO YIELD RIGHT-OF-WAY,BEAT_120,2,2,0,1,42.177709,-87.390986,7,0,Monday,2,22,Night,0,0
2026-02-16 01:47:00,30,RAIN,DAYLIGHT,PARKED MOTOR VEHICLE,DIVIDED - W/MEDIAN,"CURVE, LEVEL",WET,NO DEFECTS,Y,FAILING TO YIELD RIGHT-OF-WAY,BEAT_107,2,2,0,1,41.981631,-87.547812,8,0,Monday,2,1,Night,0,0
2026-02-16 03:31:00,45,CLEAR,DAYLIGHT,TURNING,DIVIDED - W/MEDIAN,STRAIGHT AND LEVEL,DRY,NO DEFECTS,Y,FAILING TO YIELD RIGHT-OF-WAY,BEAT_103,2,2,0,1,41.919728,-87.592857,8,0,Monday,2,3,Night,0,0
2026-02-16 09:43:00,30,CLEAR,DAYLIGHT,PARKED MOTOR VEHICLE,DIVIDED - W/MEDIAN,STRAIGHT AND LEVEL,DRY,NO DEFECTS,Y,DRIVING SKILLS/KNOWLEDGE/EXPERIENCE,BEAT_116,3,2,0,1,42.119736,-87.436949,8,0,Monday,2,9,Morning_Rush,0,0
2026-02-16 13:38:00,25,RAIN,DAYLIGHT,SIDESWIPE SAME DIRECTION,FOUR WAY INTERSECTION,"CURVE, LEVEL",ICE,NO DEFECTS,Y,FOLLOWING TOO CLOSELY,BEAT_103,2,2,0,1,41.922104,-87.599829,8,0,Monday,2,13,Midday,0,0
2026-02-16 14:04:00,30,RAIN,"DARKNESS, LIGHTED ROAD",PARKED MOTOR VEHICLE,T-INTERSECTION,STRAIGHT AND LEVEL,ICE,NO DEFECTS,Y,IMPROPER OVERTAKING/PASSING,BEAT_105,1,2,1,1,41.952926,-87.571213,8,0,Monday,2,14,Midday,0,1
2026-02-16 14:45:00,30,SNOW,DAWN,SIDESWIPE SAME DIRECTION,FOUR WAY INTERSECTION,STRAIGHT AND LEVEL,ICE,NO DEFECTS,Y,FAILING TO YIELD RIGHT-OF-WAY,BEAT_113,2,2,0,1,42.0719,-87.476036,8,0,Monday,2,14,Midday,0,0
2026-02-16 18:38:00,25,CLEAR,DAYLIGHT,FIXED OBJECT,ONE-WAY,STRAIGHT AND LEVEL,DRY,NO DEFECTS,Y,WEATHER,BEAT_118,2,2,0,1,42.14406,-87.411319,8,0,Monday,2,18,Evening_Rush,0,0
2026-02-16 21:33:00,35,CLEAR,DAYLIGHT,REAR END,DIVIDED - W/MEDIAN,STRAIGHT AND LEVEL,DRY,NO DEFECTS,Y,FAILING TO YIELD RIGHT-OF-WAY,BEAT_109,3,2,0,1,42.016349,-87.523095,8,0,Monday,2,21,Night,0,0
2026-02-16 21:42:00,30,CLEAR,DAYLIGHT,ANGLE,DIVIDED - W/MEDIAN,STRAIGHT AND LEVEL,DRY,NO DEFECTS,Y,FOLLOWING TOO CLOSELY,BEAT_120,2,2,0,1,42.17471,-87.387194,8,0,Monday,2,21,Night,0,0
2026-02-16 22:40:00,25,CLEAR,"DARKNESS, LIGHTED ROAD",ANGLE,NOT DIVIDED,STRAIGHT ON GRADE,DRY,NO DEFECTS,N,WEATHER,BEAT_119,2,2,0,1,42.16666,-87.40271,8,0,Monday,2,22,Night,0,0
2026-02-23 00:01:00,25,CLEAR,DAYLIGHT,REAR END,T-INTERSECTION,CURVE ON GRADE,DRY,NO DEFECTS,N,FAILING TO YIELD RIGHT-OF-WAY,BEAT_104,2,2,0,1,41.940677,-87.577813,9,0,Monday,2,0,Night,0,0
2026-02-23 00:56:00,20,CLEAR,"DARKNESS, LIGHTED ROAD",TURNING,NOT DIVIDED,STRAIGHT AND LEVEL,DRY,NO DEFECTS,N,FAILING TO YIELD RIGHT-OF-WAY,BEAT_111,2,2,0,1,42.039178,-87.499896,9,0,Monday,2,0,Night,0,0
2026-02-23 02:31:00,25,CLEAR,"DARKNESS, LIGHTED ROAD",PEDESTRIAN,ONE-WAY,STRAIGHT AND LEVEL,DRY,NO DEFECTS,N,DRIVING SKILLS/KNOWLEDGE/EXPERIENCE,BEAT_108,2,2,0,1,41.996955,-87.533,9,0,Monday,2,2,Night,0,0
2026-02-23 07:20:00,45,RAIN,DAYLIGHT,ANGLE,DIVIDED - W/MEDIAN,STRAIGHT AND LEVEL,SNOW OR SLUSH,NO DEFECTS,Y,FAILING TO YIELD RIGHT-OF-WAY,BEAT_117,2,2,0,1,42.13463,-87.422573,9,0,Monday,2,7,Morning_Rush,0,0
2026-02-23 08:22:00,50,CLEAR,DAYLIGHT,FIXED OBJECT,FOUR WAY INTERSECTION,STRAIGHT AND LEVEL,DRY,NO DEFECTS,Y,FOLLOWING TOO CLOSELY,BEAT_117,3,2,0,1,42.135847,-87.42478,9,0,Monday,2,8,Morning_Rush,0,0
2026-02-23 13:45:00,35,CLEAR,"DARKNESS, LIGHTED ROAD",PEDESTRIAN,DIVIDED - W/MEDIAN,"CURVE, LEVEL",DRY,"RUT, HOLES",N,DRIVING SKILLS/KNOWLEDGE/EXPERIENCE,BEAT_118,2,2,0,1,42.147851,-87.415846,9,0,Monday,2,13,Midday,0,0
2026-02-23 19:50:00,25,CLEAR,DAYLIGHT,TURNING,NOT DIVIDED,STRAIGHT AND LEVEL,"SAND, MUD, DIRT",NO DEFECTS,N,FOLLOWING TOO CLOSELY,BEAT_104,2,2,0,1,41.938383,-87.581136,9,0,Monday,2,19,Evening_Rush,0,0
2026-02-23 21:44:00,35,CLEAR,DARKNESS,REAR END,ONE-WAY,STRAIGHT ON GRADE,DRY,NO DEFECTS,Y,FOLLOWING TOO CLOSELY,BEAT_101,2,2,0,1,41.890561,-87.619604,9,0,Monday,2,21,Night,0,0
2026-03-02 00:40:00,25,SNOW,DAYLIGHT,TURNING,DIVIDED - W/MEDIAN,STRAIGHT AND LEVEL,SNOW OR SLUSH,WORN SURFACE,N,FAILING TO YIELD RIGHT-OF-WAY,BEAT_117,1,3,0,1,42.135508,-87.425451,10,0,Monday,3,0,Night,0,0
2026-03-02 02:00:00,25,RAIN,DAYLIGHT,PARKED MOTOR VEHICLE,T-INTERSECTION,STRAIGHT AND LEVEL,WET,NO DEFECTS,N,WEATHER,BEAT_106,3,3,0,1,41.966267,-87.560462,10,0,Monday,3,2,Night,0,0
2026-03-02 05:37:00,30,CLEAR,"DARKNESS, LIGHTED ROAD",REAR END,DIVIDED - W/MEDIAN,STRAIGHT AND LEVEL,WET,WORN SURFACE,N,DISREGARDING TRAFFIC SIGNALS,BEAT_105,2,3,0,1,41.952022,-87.567489,10,0,Monday,3,5,Night,0,0
2026-03-02 07:53:00,35,CLEAR,DAYLIGHT,REAR END,DIVIDED - W/MEDIAN,STRAIGHT AND LEVEL,DRY,NO DEFECTS,Y,FAILING TO YIELD RIGHT-OF-WAY,BEAT_114,1,3,0,1,42.084129,-87.46119,10,0,Monday,3,7,Morning_Rush,0,0
2026-03-02 09:58:00,55,RAIN,DAYLIGHT,TURNING,DIVIDED - W/MEDIAN,STRAIGHT AND LEVEL,SNOW OR SLUSH,NO DEFECTS,Y,DRIVING SKILLS/KNOWLEDGE/EXPERIENCE,BEAT_107,2,3,0,1,41.980903,-87.549163,10,0,Monday,3,9,Morning_Rush,0,0
2026-03-02 12:54:00,30,CLEAR,DAYLIGHT,REAR END,DIVIDED - W/MEDIAN,STRAIGHT AND LEVEL,WET,NO DEFECTS,N,FOLLOWING TOO CLOSELY,BEAT_111,2,3,0,1,42.039341,-87.498362,10,0,Monday,3,12,Midday,0,0
2026-03-02 13:17:00,25,SNOW,"DARKNESS, LIGHTED ROAD",ANGLE,ONE-WAY,STRAIGHT AND LEVEL,SNOW OR SLUSH,"RUT, HOLES",Y,IMPROPER OVERTAKING/PASSING,BEAT_102,1,3,1,1,41.910197,-87.603579,10,0,Monday,3,13,Midday,0,1
2026-03-02 13:51:00,30,CLEAR,"DARKNESS, LIGHTED ROAD",TURNING,NOT DIVIDED,STRAIGHT AND LEVEL,DRY,NO DEFECTS,Y,DRIVING SKILLS/KNOWLEDGE/EXPERIENCE,BEAT_106,2,3,0,1,41.96519,-87.558993,10,0,Monday,3,13,Midday,0,0
2026-03-02 16:49:00,35,SEVERE RAIN,"DARKNESS, LIGHTED ROAD",ANGLE,NOT DIVIDED,STRAIGHT AND LEVEL,WET,NO DEFECTS,Y,FOLLOWING TOO CLOSELY,BEAT_114,2,3,0,1,42.092846,-87.458164,10,0,Monday,3,16,Evening_Rush,0,0
2026-03-02 18:54:00,30,CLEAR,"DARKNESS, LIGHTED ROAD",PARKED MOTOR VEHICLE,ONE-WAY,STRAIGHT AND LEVEL,DRY,NO DEFECTS,Y,FAILING TO YIELD RIGHT-OF-WAY,BEAT_109,2,3,0,1,42.013874,-87.518895,10,0,Monday,3,18,Evening_Rush,0,0
2026-03-02 21:39:00,35,RAIN,DAWN,SIDESWIPE SAME DIRECTION,NOT DIVIDED,STRAIGHT AND LEVEL,SNOW OR SLUSH,WORN SURFACE,N,DRIVING SKILLS/KNOWLEDGE/EXPERIENCE,BEAT_116,2,3,0,1,42.117075,-87.437795,10,0,Monday,3,21,Night,0,0
2026-03-02 22:05:00,45,FOG/SMOKE/HAZE,DAYLIGHT,PARKED MOTOR VEHICLE,DIVIDED - W/MEDIAN,STRAIGHT ON GRADE,WET,SHOULDER DEFECT,Y,FOLLOWING TOO CLOSELY,BEAT_103,2,3,0,1,41.924658,-87.595642,10,0,Monday,3,22,Night,0,0
2026-03-02 22:20:00,25,CLEAR,DAYLIGHT,PARKED MOTOR VEHICLE,DIVIDED - W/MEDIAN,STRAIGHT AND LEVEL,DRY,NO DEFECTS,Y,DRIVING SKILLS/KNOWLEDGE/EXPERIENCE,BEAT_104,2,3,0,1,41.941673,-87.584256,10,0,Monday,3,22,Night,0,0
2026-03-02 22:44:00,30,CLEAR,DAYLIGHT,PEDESTRIAN,DIVIDED - W/MEDIAN,STRAIGHT ON GRADE,WET,NO DEFECTS,Y,FOLLOWING TOO CLOSELY,BEAT_112,2,3,0,1,42.058944,-87.48617,10,0,Monday,3,22,Night,0,0
2026-03-09 00:38:00,35,CLEAR,DAYLIGHT,ANGLE,DIVIDED - W/MEDIAN,STRAIGHT AND LEVEL,DRY,NO DEFECTS,Y,WEATHER,BEAT_120,1,3,0,1,42.177812,-87.3887,11,0,Monday,3,0,Night,0,0
2026-03-09 03:55:00,30,CLEAR,DAYLIGHT,REAR END,DIVIDED - W/MEDIAN,STRAIGHT AND LEVEL,DRY,NO DEFECTS,N,FOLLOWING TOO CLOSELY,BEAT_104,2,3,0,1,41.941214,-87.576378,11,0,Monday,3,3,Night,0,0
2026-03-09 04:18:00,35,CLEAR,DAYLIGHT,SIDESWIPE SAME DIRECTION,NOT DIVIDED,STRAIGHT AND LEVEL,DRY,NO DEFECTS,N,FOLLOWING TOO CLOSELY,BEAT_116,2,3,0,1,42.11749,-87.444291,11,0,Monday,3,4,Night,0,0
2026-03-09 09:10:00,35,CLEAR,DAYLIGHT,SIDESWIPE SAME DIRECTION,NOT DIVIDED,"CURVE, LEVEL",DRY,NO DEFECTS,Y,FOLLOWING TOO CLOSELY,BEAT_118,2,3,0,1,42.149427,-87.419167,11,0,Monday,3,9,Morning_Rush,0,0
2026-03-09 15:01:00,20,CLEAR,DAYLIGHT,ANGLE,NOT DIVIDED,STRAIGHT AND LEVEL,DRY,DEBRIS ON ROAD,Y,FAILING TO YIELD RIGHT-OF-WAY,BEAT_116,2,3,0,1,42.116181,-87.433894,11,0,Monday,3,15,Midday,0,0
2026-03-09 15:36:00,20,CLEAR,DAYLIGHT,SIDESWIPE SAME DIRECTION,NOT DIVIDED,STRAIGHT AND LEVEL,DRY,NO DEFECTS,Y,FOLLOWING TOO CLOSELY,BEAT_104,2,3,0,1,41.936022,-87.578473,11,0,Monday,3,15,Midday,0,0
2026-03-09 16:00:00,35,RAIN,DAYLIGHT,REAR END,DIVIDED - W/MEDIAN,STRAIGHT AND LEVEL,WET,WORN SURFACE,N,DISREGARDING TRAFFIC SIGNALS,BEAT_119,2,3,0,1,42.167031,-87.403978,11,0,Monday,3,16,Evening_Rush,0,0
2026-03-09 18:57:00,30,SNOW,DAYLIGHT,REAR END,NOT DIVIDED,STRAIGHT AND LEVEL,WET,NO DEFECTS,N,DISREGARDING TRAFFIC SIGNALS,BEAT_116,2,3,0,1,42.120938,-87.439369,11,0,Monday,3,18,Evening_Rush,0,0
2026-03-09 21:05:00,30,RAIN,DAYLIGHT,PEDESTRIAN,DIVIDED - W/MEDIAN,STRAIGHT AND LEVEL,WET,NO DEFECTS,N,DRIVING SKILLS/KNOWLEDGE/EXPERIENCE,BEAT_105,2,3,0,1,41.952898,-87.572971,11,0,Monday,3,21,Night,0,0
2026-03-16 00:48:00,30,CLEAR,"DARKNESS, LIGHTED ROAD",PEDESTRIAN,NOT DIVIDED,STRAIGHT AND LEVEL,DRY,NO DEFECTS,Y,DRIVING SKILLS/KNOWLEDGE/EXPERIENCE,BEAT_107,2,3,0,1,41.978294,-87.545168,12,0,Monday,3,0,Night,0,0
2026-03-16 01:30:00,25,RAIN,"DARKNESS, LIGHTED ROAD",REAR END,ONE-WAY,STRAIGHT AND LEVEL,WET,NO DEFECTS,N,PHYSICAL CONDITION OF DRIVER,BEAT_118,2,3,1,1,42.147318,-87.416446,12,0,Monday,3,1,Night,0,1
2026-03-16 02:00:00,25,CLEAR,DAYLIGHT,REAR END,DIVIDED - W/MEDIAN,STRAIGHT AND LEVEL,DRY,NO DEFECTS,N,FAILING TO YIELD RIGHT-OF-WAY,BEAT_103,2,3,0,1,41.92198,-87.595256,12,0,Monday,3,2,Night,0,0
2026-03-16 03:08:00,25,CLEAR,DAYLIGHT,SIDESWIPE SAME DIRECTION,DIVIDED - W/MEDIAN,STRAIGHT AND LEVEL,WET,WORN SURFACE,Y,FOLLOWING TOO CLOSELY,BEAT_106,2,3,0,1,41.9747,-87.556079,12,0,Monday,3,3,Night,0,0
2026-03-16 03:16:00,30,RAIN,DAYLIGHT,TURNING,FOUR WAY INTERSECTION,STRAIGHT AND LEVEL,WET,NO DEFECTS,N,FOLLOWING TOO CLOSELY,BEAT_115,2,3,1,1,42.099864,-87.450625,12,0,Monday,3,3,Night,0,1
2026-03-16 05:17:00,30,CLEAR,"DARKNESS, LIGHTED ROAD",PARKED MOTOR VEHICLE,FOUR WAY INTERSECTION,STRAIGHT AND LEVEL,DRY,NO DEFECTS,N,DRIVING SKILLS/KNOWLEDGE/EXPERIENCE,BEAT_110,2,3,0,1,42.023211,-87.508144,12,0,Monday,3,5,Night,0,0
2026-03-16 06:44:00,35,CLEAR,DAYLIGHT,SIDESWIPE SAME DIRECTION,DIVIDED - W/MEDIAN,STRAIGHT AND LEVEL,WET,NO DEFECTS,Y,DRIVING SKILLS/KNOWLEDGE/EXPERIENCE,BEAT_113,2,3,0,1,42.074771,-87.476239,12,0,Monday,3,6,Morning_Rush,0,0
2026-03-16 06:46:00,25,CLEAR,"DARKNESS, LIGHTED ROAD",TURNING,DIVIDED - W/MEDIAN,STRAIGHT AND LEVEL,DRY,WORN SURFACE,Y,PHYSICAL CONDITION OF DRIVER,BEAT_101,2,3,0,1,41.895105,-87.616281,12,0,Monday,3,6,Morning_Rush,0,0
2026-03-16 09:42:00,50,RAIN,DAYLIGHT,TURNING,NOT DIVIDED,STRAIGHT AND LEVEL,WET,NO DEFECTS,N,FOLLOWING TOO CLOSELY,BEAT_102,2,3,1,1,41.908185,-87.605652,12,0,Monday,3,9,Morning_Rush,0,1
2026-03-16 13:02:00,25,CLEAR,DAYLIGHT,SIDESWIPE SAME DIRECTION,FOUR WAY INTERSECTION,STRAIGHT AND LEVEL,DRY,NO DEFECTS,Y,DRIVING SKILLS/KNOWLEDGE/EXPERIENCE,BEAT_119,1,3,0,1,42.162597,-87.401232,12,0,Monday,3,13,Midday,0,0
2026-03-16 18:17:00,30,CLEAR,"DARKNESS, LIGHTED ROAD",SIDESWIPE SAME DIRECTION,FOUR WAY INTERSECTION,"CURVE, LEVEL",DRY,NO DEFECTS,N,DRIVING SKILLS/KNOWLEDGE/EXPERIENCE,BEAT_117,2,3,0,1,42.131389,-87.43062,12,0,Monday,3,18,Evening_Rush,0,0
2026-03-16 18:18:00,50,CLEAR,DAYLIGHT,SIDESWIPE SAME DIRECTION,DIVIDED - W/MEDIAN,STRAIGHT AND LEVEL,DRY,NO DEFECTS,Y,DRIVING SKILLS/KNOWLEDGE/EXPERIENCE,BEAT_112,2,3,0,1,42.058421,-87.48507,12,0,Monday,3,18,Evening_Rush,0,0
2026-03-16 18:19:00,25,CLEAR,DARKNESS,REAR END,FOUR WAY INTERSECTION,STRAIGHT ON GRADE,WET,NO DEFECTS,N,FAILING TO YIELD RIGHT-OF-WAY,BEAT_101,2,3,0,1,41.895285,-87.618226,12,0,Monday,3,18,Evening_Rush,0,0
2026-03-16 20:42:00,40,RAIN,DAYLIGHT,TURNING,ONE-WAY,STRAIGHT AND LEVEL,WET,NO DEFECTS,N,DRIVING SKILLS/KNOWLEDGE/EXPERIENCE,BEAT_105,2,3,0,1,41.948346,-87.568997,12,0,Monday,3,20,Night,0,0
2026-03-16 21:28:00,35,CLEAR,DARKNESS,PEDESTRIAN,FOUR WAY INTERSECTION,STRAIGHT AND LEVEL,DRY,NO DEFECTS,Y,IMPROPER OVERTAKING/PASSING,BEAT_114,3,3,0,1,42.090144,-87.462346,12,0,Monday,3,21,Night,0,0
2026-03-16 23:35:00,35,RAIN,DAWN,PARKED MOTOR VEHICLE,NOT DIVIDED,STRAIGHT AND LEVEL,SNOW OR SLUSH,NO DEFECTS,N,FOLLOWING TOO CLOSELY,BEAT_104,2,3,2,1,41.939755,-87.58393,12,0,Monday,3,23,Night,0,1
2026-03-16 23:42:00,25,CLEAR,"DARKNESS, LIGHTED ROAD",TURNING,NOT DIVIDED,STRAIGHT AND LEVEL,DRY,"RUT, HOLES",Y,DRIVING SKILLS/KNOWLEDGE/EXPERIENCE,BEAT_114,1,3,0,1,42.085424,-87.45972,12,0,Monday,3,23,Night,0,0
2026-03-23 02:46:00,35,SNOW,DAYLIGHT,REAR END,NOT DIVIDED,STRAIGHT AND LEVEL,SNOW OR SLUSH,WORN SURFACE,Y,FAILING TO YIELD RIGHT-OF-WAY,BEAT_102,2,3,0,1,41.909629,-87.599301,13,0,Monday,3,2,Night,0,0
2026-03-23 03:01:00,25,CLEAR,DAYLIGHT,ANGLE,DIVIDED - W/MEDIAN,STRAIGHT AND LEVEL,DRY,NO DEFECTS,Y,FAILING TO YIELD RIGHT-OF-WAY,BEAT_114,1,3,0,1,42.085668,-87.459213,13,0,Monday,3,3,Night,0,0
2026-03-23 05:01:00,20,CLEAR,DAYLIGHT,ANGLE,DIVIDED - W/MEDIAN,STRAIGHT AND LEVEL,SNOW OR SLUSH,NO DEFECTS,N,DISREGARDING TRAFFIC SIGNALS,BEAT_103,2,3,0,1,41.920274,-87.593221,13,0,Monday,3,5,Night,0,0
2026-03-23 05:13:00,30,CLEAR,"DARKNESS, LIGHTED ROAD",SIDESWIPE SAME DIRECTION,DIVIDED - W/MEDIAN,STRAIGHT AND LEVEL,DRY,NO DEFECTS,N,PHYSICAL CONDITION OF DRIVER,BEAT_118,2,3,0,1,42.148374,-87.411684,13,0,Monday,3,5,Night,0,0
2026-03-23 09:54:00,40,CLEAR,DAWN,ANGLE,FOUR WAY INTERSECTION,STRAIGHT AND LEVEL,ICE,NO DEFECTS,N,IMPROPER OVERTAKING/PASSING,BEAT_115,2,3,0,1,42.099236,-87.447696,13,0,Monday,3,9,Morning_Rush,0,0
2026-03-23 10:42:00,30,RAIN,DAYLIGHT,SIDESWIPE SAME DIRECTION,T-INTERSECTION,STRAIGHT AND LEVEL,ICE,NO DEFECTS,N,PHYSICAL CONDITION OF DRIVER,BEAT_111,2,3,0,1,42.043864,-87.499471,13,0,Monday,3,10,Midday,0,0
2026-03-23 12:06:00,30,CLEAR,DAYLIGHT,PEDESTRIAN,DIVIDED - W/MEDIAN,STRAIGHT AND LEVEL,DRY,NO DEFECTS,N,WEATHER,BEAT_102,1,3,0,1,41.909931,-87.606512,13,0,Monday,3,12,Midday,0,0
2026-03-23 17:56:00,30,CLEAR,DAYLIGHT,REAR END,DIVIDED - W/MEDIAN,STRAIGHT AND LEVEL,DRY,NO DEFECTS,N,FAILING TO YIELD RIGHT-OF-WAY,BEAT_118,2,3,0,1,42.151206,-87.413695,13,0,Monday,3,17,Evening_Rush,0,0
2026-03-23 18:04:00,30,CLEAR,DAYLIGHT,SIDESWIPE SAME DIRECTION,ONE-WAY,STRAIGHT AND LEVEL,ICE,NO DEFECTS,N,DISREGARDING TRAFFIC SIGNALS,BEAT_115,1,3,1,1,42.103526,-87.446689,13,0,Monday,3,18,Evening_Rush,0,1
2026-03-23 20:50:00,20,RAIN,DARKNESS,PARKED MOTOR VEHICLE,ONE-WAY,STRAIGHT AND LEVEL,WET,NO DEFECTS,Y,DRIVING SKILLS/KNOWLEDGE/EXPERIENCE,BEAT_118,3,3,0,1,42.150804,-87.419091,13,0,Monday,3,20,Night,0,0
2026-03-23 22:05:00,25,SNOW,DAYLIGHT,PARKED MOTOR VEHICLE,NOT DIVIDED,STRAIGHT AND LEVEL,WET,NO DEFECTS,Y,IMPROPER OVERTAKING/PASSING,BEAT_106,2,3,0,1,41.970803,-87.557229,13,0,Monday,3,22,Night,0,0
2026-03-30 00:13:00,25,RAIN,DAYLIGHT,FIXED OBJECT,FOUR WAY INTERSECTION,STRAIGHT AND LEVEL,WET,NO DEFECTS,Y,FOLLOWING TOO CLOSELY,BEAT_111,3,3,0,1,42.047262,-87.496532,14,0,Monday,3,0,Night,0,0
2026-03-30 03:29:00,30,CLEAR,"DARKNESS, LIGHTED ROAD",REAR END,ONE-WAY,STRAIGHT AND LEVEL,DRY,NO DEFECTS,Y,DRIVING SKILLS/KNOWLEDGE/EXPERIENCE,BEAT_118,3,3,0,1,42.144448,-87.410434,14,0,Monday,3,3,Night,0,0
2026-03-30 05:00:00,25,CLEAR,DAYLIGHT,REAR END,NOT DIVIDED,STRAIGHT AND LEVEL,DRY,NO DEFECTS,Y,FAILING TO YIELD RIGHT-OF-WAY,BEAT_114,2,3,0,1,42.089395,-87.460904,14,0,Monday,3,5,Night,0,0
2026-03-30 06:02:00,30,CLEAR,DAYLIGHT,PARKED MOTOR VEHICLE,T-INTERSECTION,STRAIGHT AND LEVEL,DRY,WORN SURFACE,N,DISREGARDING TRAFFIC SIGNALS,BEAT_107,2,3,0,1,41.985712,-87.546411,14,0,Monday,3,6,Morning_Rush,0,0
2026-03-30 08:03:00,25,CLEAR,DAYLIGHT,PEDESTRIAN,NOT DIVIDED,STRAIGHT AND LEVEL,WET,NO DEFECTS,Y,WEATHER,BEAT_114,2,3,1,1,42.087701,-87.458423,14,0,Monday,3,8,Morning_Rush,0,1
2026-03-30 09:29:00,25,CLEAR,DAYLIGHT,SIDESWIPE SAME DIRECTION,NOT DIVIDED,STRAIGHT AND LEVEL,DRY,NO DEFECTS,N,DISREGARDING TRAFFIC SIGNALS,BEAT_104,2,3,0,1,41.942051,-87.592108,14,0,Monday,3,9,Morning_Rush,0,0
2026-03-30 10:49:00,30,CLEAR,DAYLIGHT,REAR END,ONE-WAY,STRAIGHT AND LEVEL,DRY,NO DEFECTS,N,WEATHER,BEAT_116,2,3,0,1,42.118743,-87.437009,14,0,Monday,3,10,Midday,0,0
2026-03-30 12:54:00,30,CLEAR,DAYLIGHT,REAR END,DIVIDED - W/MEDIAN,STRAIGHT AND LEVEL,WET,SHOULDER DEFECT,N,FOLLOWING TOO CLOSELY,BEAT_118,2,3,0,1,42.14195,-87.41601,14,0,Monday,3,12,Midday,0,0
2026-03-30 13:18:00,25,RAIN,DAYLIGHT,REAR END,NOT DIVIDED,STRAIGHT AND LEVEL,WET,NO DEFECTS,Y,DRIVING SKILLS/KNOWLEDGE/EXPERIENCE,BEAT_111,2,3,0,1,42.047848,-87.494051,14,0,Monday,3,13,Midday,0,0
2026-03-30 14:16:00,25,CLEAR,DAYLIGHT,REAR END,NOT DIVIDED,STRAIGHT AND LEVEL,ICE,NO DEFECTS,N,FOLLOWING TOO CLOSELY,BEAT_102,2,3,0,1,41.906502,-87.607173,14,0,Monday,3,14,Midday,0,0
2026-03-30 18:40:00,25,RAIN,DAYLIGHT,REAR END,ALLEY,STRAIGHT AND LEVEL,WET,NO DEFECTS,N,IMPROPER OVERTAKING/PASSING,BEAT_106,1,3,2,1,41.965397,-87.554637,14,0,Monday,3,18,Evening_Rush,0,1
2026-03-30 19:05:00,25,CLEAR,DAYLIGHT,TURNING,NOT DIVIDED,STRAIGHT AND LEVEL,DRY,NO DEFECTS,Y,FOLLOWING TOO CLOSELY,BEAT_104,2,3,0,1,41.942253,-87.577797,14,0,Monday,3,19,Evening_Rush,0,0
2026-03-30 19:30:00,25,RAIN,DAYLIGHT,TURNING,DIVIDED - W/MEDIAN,STRAIGHT AND LEVEL,ICE,"RUT, HOLES",N,FAILING TO YIELD RIGHT-OF-WAY,BEAT_104,2,3,1,1,41.933633,-87.578755,14,0,Monday,3,19,Evening_Rush,0,1
2026-03-30 21:05:00,30,CLEAR,"DARKNESS, LIGHTED ROAD",REAR END,NOT DIVIDED,STRAIGHT AND LEVEL,SNOW OR SLUSH,NO DEFECTS,N,DRIVING SKILLS/KNOWLEDGE/EXPERIENCE,BEAT_105,2,3,0,1,41.952162,-87.569808,14,0,Monday,3,21,Night,0,0
2026-03-30 21:46:00,25,RAIN,"DARKNESS, LIGHTED ROAD",TURNING,NOT DIVIDED,STRAIGHT AND LEVEL,SNOW OR SLUSH,NO DEFECTS,Y,DISREGARDING TRAFFIC SIGNALS,BEAT_108,2,3,2,1,42.002055,-87.533412,14,0,Monday,3,21,Night,0,1
2026-03-30 22:32:00,25,SNOW,DAYLIGHT,REAR END,DIVIDED - W/MEDIAN,STRAIGHT AND LEVEL,WET,NO DEFECTS,Y,FOLLOWING TOO CLOSELY,BEAT_109,3,3,0,1,42.013457,-87.521417,14,0,Monday,3,22,Night,0,0
2026-03-30 22:43:00,25,CLEAR,DARKNESS,TURNING,DIVIDED - W/MEDIAN,STRAIGHT AND LEVEL,WET,NO DEFECTS,N,FAILING TO YIELD RIGHT-OF-WAY,BEAT_109,2,3,0,1,42.014298,-87.517599,14,0,Monday,3,22,Night,0,0
2026-03-30 22:43:00,50,RAIN,"DARKNESS, LIGHTED ROAD",SIDESWIPE SAME DIRECTION,FOUR WAY INTERSECTION,STRAIGHT AND LEVEL,WET,NO DEFECTS,Y,WEATHER,BEAT_106,3,3,0,1,41.967552,-87.553997,14,0,Monday,3,22,Night,0,0
2026-04-06 00:26:00,25,CLEAR,DAYLIGHT,REAR END,DIVIDED - W/MEDIAN,STRAIGHT AND LEVEL,DRY,NO DEFECTS,Y,FAILING TO YIELD RIGHT-OF-WAY,BEAT_112,2,4,2,1,42.054492,-87.486354,15,0,Monday,4,0,Night,0,1
2026-04-06 02:30:00,25,CLEAR,DAYLIGHT,SIDESWIPE SAME DIRECTION,NOT DIVIDED,STRAIGHT AND LEVEL,WET,NO DEFECTS,N,FAILING TO YIELD RIGHT-OF-WAY,BEAT_113,3,4,0,1,42.075991,-87.470906,15,0,Monday,4,2,Night,0,0
2026-04-06 05:07:00,25,CLEAR,DARKNESS,FIXED OBJECT,FOUR WAY INTERSECTION,STRAIGHT AND LEVEL,WET,NO DEFECTS,Y,FAILING TO YIELD RIGHT-OF-WAY,BEAT_108,2,4,0,1,42.001839,-87.535486,15,0,Monday,4,5,Night,0,0
2026-04-06 06:37:00,40,CLEAR,DAYLIGHT,TURNING,DIVIDED - W/MEDIAN,STRAIGHT AND LEVEL,DRY,NO DEFECTS,N,FOLLOWING TOO CLOSELY,BEAT_120,3,4,0,1,42.181723,-87.389032,15,0,Monday,4,6,Morning_Rush,0,0
2026-04-06 09:04:00,35,CLEAR,DUSK,REAR END,NOT DIVIDED,STRAIGHT AND LEVEL,DRY,NO DEFECTS,Y,DRIVING SKILLS/KNOWLEDGE/EXPERIENCE,BEAT_114,1,4,0,1,42.088627,-87.466454,15,0,Monday,4,9,Morning_Rush,0,0
2026-04-06 09:29:00,30,CLEAR,DAYLIGHT,SIDESWIPE SAME DIRECTION,ONE-WAY,"CURVE, LEVEL",DRY,DEBRIS ON ROAD,Y,DISREGARDING TRAFFIC SIGNALS,BEAT_118,2,4,0,1,42.149827,-87.409748,15,0,Monday,4,9,Morning_Rush,0,0
2026-04-06 12:54:00,45,CLEAR,DAYLIGHT,SIDESWIPE SAME DIRECTION,DIVIDED - W/MEDIAN,CURVE ON GRADE,SNOW OR SLUSH,NO DEFECTS,Y,FOLLOWING TOO CLOSELY,BEAT_112,2,4,0,1,42.059266,-87.487279,15,0,Monday,4,12,Midday,0,0
2026-04-06 15:09:00,25,CLEAR,"DARKNESS, LIGHTED ROAD",SIDESWIPE SAME DIRECTION,ONE-WAY,STRAIGHT AND LEVEL,DRY,"RUT, HOLES",N,IMPROPER OVERTAKING/PASSING,BEAT_112,2,4,0,1,42.058423,-87.485738,15,0,Monday,4,15,Midday,0,0
2026-04-06 18:31:00,55,CLEAR,DARKNESS,SIDESWIPE SAME DIRECTION,DIVIDED - W/MEDIAN,STRAIGHT AND LEVEL,DRY,NO DEFECTS,N,FOLLOWING TOO CLOSELY,BEAT_119,2,4,0,1,42.163278,-87.399577,15,0,Monday,4,18,Evening_Rush,0,0
2026-04-06 19:47:00,40,CLEAR,DAYLIGHT,PARKED MOTOR VEHICLE,ONE-WAY,"CURVE, LEVEL",DRY,"RUT, HOLES",Y,FOLLOWING TOO CLOSELY,BEAT_102,2,4,0,1,41.90841,-87.609001,15,0,Monday,4,19,Evening_Rush,0,0
2026-04-06 22:01:00,25,RAIN,DAYLIGHT,REAR END,ONE-WAY,STRAIGHT AND LEVEL,WET,DEBRIS ON ROAD,N,FAILING TO YIELD RIGHT-OF-WAY,BEAT_107,2,4,0,1,41.978624,-87.541914,15,0,Monday,4,22,Night,0,0
2026-04-06 22:15:00,35,CLEAR,DAYLIGHT,TURNING,NOT DIVIDED,STRAIGHT AND LEVEL,WET,NO DEFECTS,N,DRIVING SKILLS/KNOWLEDGE/EXPERIENCE,BEAT_103,2,4,1,1,41.925705,-87.592735,15,0,Monday,4,22,Night,0,1
2026-04-13 00:48:00,25,CLEAR,DAYLIGHT,REAR END,ONE-WAY,STRAIGHT ON GRADE,DRY,"RUT, HOLES",Y,DRIVING SKILLS/KNOWLEDGE/EXPERIENCE,BEAT_105,3,4,0,1,41.953959,-87.572641,16,0,Monday,4,0,Night,0,0
2026-04-13 00:54:00,25,RAIN,"DARKNESS, LIGHTED ROAD",REAR END,DIVIDED - W/MEDIAN,STRAIGHT AND LEVEL,WET,NO DEFECTS,Y,FOLLOWING TOO CLOSELY,BEAT_101,2,4,1,1,41.889901,-87.610663,16,0,Monday,4,0,Night,0,1
2026-04-13 01:51:00,25,RAIN,DAYLIGHT,SIDESWIPE SAME DIRECTION,DIVIDED - W/MEDIAN,STRAIGHT AND LEVEL,WET,WORN SURFACE,Y,WEATHER,BEAT_120,1,4,0,1,42.176826,-87.388425,16,0,Monday,4,1,Night,0,0
2026-04-13 05:20:00,45,RAIN,"DARKNESS, LIGHTED ROAD",REAR END,NOT DIVIDED,STRAIGHT AND LEVEL,WET,NO DEFECTS,N,FOLLOWING TOO CLOSELY,BEAT_120,2,4,0,1,42.180138,-87.393246,16,0,Monday,4,5,Night,0,0
2026-04-13 07:25:00,30,CLEAR,DAYLIGHT,TURNING,NOT DIVIDED,STRAIGHT AND LEVEL,DRY,"RUT, HOLES",Y,IMPROPER OVERTAKING/PASSING,BEAT_110,2,4,0,1,42.021051,-87.50925,16,0,Monday,4,7,Morning_Rush,0,0
2026-04-13 09:33:00,25,RAIN,DAYLIGHT,PARKED MOTOR VEHICLE,DIVIDED - W/MEDIAN,STRAIGHT AND LEVEL,WET,SHOULDER DEFECT,N,DISREGARDING TRAFFIC SIGNALS,BEAT_115,2,4,0,1,42.102591,-87.45508,16,0,Monday,4,9,Morning_Rush,0,0
2026-04-13 11:25:00,25,SNOW,DAYLIGHT,REAR END,DIVIDED - W/MEDIAN,STRAIGHT AND LEVEL,SNOW OR SLUSH,"RUT, HOLES",Y,FOLLOWING TOO CLOSELY,BEAT_105,2,4,1,1,41.957506,-87.568655,16,0,Monday,4,11,Midday,0,1
2026-04-13 17:22:00,30,CLEAR,DAYLIGHT,REAR END,DIVIDED - W/MEDIAN,STRAIGHT AND LEVEL,DRY,NO DEFECTS,N,PHYSICAL CONDITION OF DRIVER,BEAT_119,2,4,0,1,42.158998,-87.406939,16,0,Monday,4,17,Evening_Rush,0,0
2026-04-13 18:50:00,25,CLEAR,DAYLIGHT,SIDESWIPE SAME DIRECTION,DIVIDED - W/MEDIAN,STRAIGHT AND LEVEL,DRY,NO DEFECTS,Y,FOLLOWING TOO CLOSELY,BEAT_119,2,4,0,1,42.164637,-87.40116,16,0,Monday,4,18,Evening_Rush,0,0
2026-04-13 18:58:00,20,RAIN,DARKNESS,TURNING,NOT DIVIDED,STRAIGHT AND LEVEL,WET,NO DEFECTS,N,DRIVING SKILLS/KNOWLEDGE/EXPERIENCE,BEAT_116,2,4,0,1,42.117866,-87.441676,16,0,Monday,4,18,Evening_Rush,0,0
2026-04-13 19:28:00,25,CLEAR,DAYLIGHT,PEDESTRIAN,DIVIDED - W/MEDIAN,"CURVE, LEVEL",DRY,NO DEFECTS,Y,DISREGARDING TRAFFIC SIGNALS,BEAT_115,2,4,1,1,42.105043,-87.445231,16,0,Monday,4,19,Evening_Rush,0,1
2026-04-13 19:36:00,40,CLEAR,DAYLIGHT,TURNING,DIVIDED - W/MEDIAN,STRAIGHT AND LEVEL,DRY,NO DEFECTS,Y,FAILING TO YIELD RIGHT-OF-WAY,BEAT_112,3,4,0,1,42.056068,-87.486504,16,0,Monday,4,19,Evening_Rush,0,0
2026-04-13 21:36:00,30,RAIN,DAYLIGHT,ANGLE,DIVIDED - W/MEDIAN,STRAIGHT AND LEVEL,WET,NO DEFECTS,Y,FOLLOWING TOO CLOSELY,BEAT_120,2,4,0,1,42.178099,-87.392147,16,0,Monday,4,21,Night,0,0
2026-04-20 01:09:00,25,CLEAR,DAWN,TURNING,NOT DIVIDED,STRAIGHT AND LEVEL,DRY,NO DEFECTS,N,WEATHER,BEAT_116,2,4,0,1,42.119293,-87.441742,17,0,Monday,4,1,Night,0,0
2026-04-20 02:36:00,20,SNOW,DARKNESS,REAR END,DIVIDED - W/MEDIAN,STRAIGHT AND LEVEL,WET,NO DEFECTS,N,WEATHER,BEAT_107,2,4,0,1,41.983108,-87.540373,17,0,Monday,4,2,Night,0,0
2026-04-20 03:56:00,25,CLEAR,DAYLIGHT,SIDESWIPE SAME DIRECTION,DIVIDED - W/MEDIAN,STRAIGHT AND LEVEL,DRY,NO DEFECTS,N,DRIVING SKILLS/KNOWLEDGE/EXPERIENCE,BEAT_111,2,4,1,1,42.047313,-87.500618,17,0,Monday,4,3,Night,0,1
2026-04-20 04:40:00,25,CLEAR,DAYLIGHT,REAR END,ONE-WAY,STRAIGHT AND LEVEL,DRY,"RUT, HOLES",Y,FAILING TO YIELD RIGHT-OF-WAY,BEAT_107,2,4,0,1,41.983121,-87.547709,17,0,Monday,4,4,Night,0,0
2026-04-20 06:32:00,40,CLEAR,"DARKNESS, LIGHTED ROAD",PARKED MOTOR VEHICLE,FOUR WAY INTERSECTION,STRAIGHT AND LEVEL,DRY,NO DEFECTS,Y,FAILING TO YIELD RIGHT-OF-WAY,BEAT_113,1,4,1,1,42.07546,-87.476318,17,0,Monday,4,6,Morning_Rush,0,1
2026-04-20 10:36:00,30,CLEAR,DAYLIGHT,TURNING,T-INTERSECTION,STRAIGHT AND LEVEL,DRY,NO DEFECTS,Y,FOLLOWING TOO CLOSELY,BEAT_102,2,4,1,1,41.908888,-87.607583,17,0,Monday,4,10,Midday,0,1
2026-04-20 15:14:00,25,CLEAR,"DARKNESS, LIGHTED ROAD",FIXED OBJECT,T-INTERSECTION,STRAIGHT AND LEVEL,DRY,NO DEFECTS,N,WEATHER,BEAT_113,2,4,0,1,42.074211,-87.477395,17,0,Monday,4,15,Midday,0,0
2026-04-20 17:50:00,20,FOG/SMOKE/HAZE,DAYLIGHT,ANGLE,NOT DIVIDED,STRAIGHT AND LEVEL,WET,NO DEFECTS,N,FAILING TO YIELD RIGHT-OF-WAY,BEAT_114,2,4,0,1,42.087431,-87.460954,17,0,Monday,4,17,Evening_Rush,0,0
2026-04-20 18:10:00,25,CLEAR,DARKNESS,SIDESWIPE SAME DIRECTION,DIVIDED - W/MEDIAN,STRAIGHT AND LEVEL,DRY,"RUT, HOLES",Y,WEATHER,BEAT_112,2,4,0,1,42.058812,-87.482483,17,0,Monday,4,18,Evening_Rush,0,0
2026-04-20 19:37:00,25,CLEAR,DAYLIGHT,TURNING,FOUR WAY INTERSECTION,STRAIGHT AND LEVEL,DRY,NO DEFECTS,N,DISREGARDING TRAFFIC SIGNALS,BEAT_104,2,4,0,1,41.940106,-87.582262,17,0,Monday,4,19,Evening_Rush,0,0
2026-04-20 23:00:00,30,RAIN,DARKNESS,REAR END,NOT DIVIDED,STRAIGHT AND LEVEL,WET,"RUT, HOLES",N,FAILING TO YIELD RIGHT-OF-WAY,BEAT_112,2,4,1,1,42.059363,-87.486273,17,0,Monday,4,23,Night,0,1
2026-04-27 06:33:00,30,CLEAR,DAYLIGHT,ANGLE,DIVIDED - W/MEDIAN,STRAIGHT AND LEVEL,WET,NO DEFECTS,N,FOLLOWING TOO CLOSELY,BEAT_118,2,4,0,1,42.143944,-87.412692,18,0,Monday,4,6,Morning_Rush,0,0
2026-04-27 06:37:00,35,SEVERE RAIN,DAYLIGHT,SIDESWIPE SAME DIRECTION,DIVIDED - W/MEDIAN,CURVE ON GRADE,WET,NO DEFECTS,N,FAILING TO YIELD RIGHT-OF-WAY,BEAT_113,2,4,0,1,42.077327,-87.474518,18,0,Monday,4,6,Morning_Rush,0,0
2026-04-27 07:39:00,30,RAIN,DAWN,REAR END,NOT DIVIDED,STRAIGHT AND LEVEL,WET,WORN SURFACE,Y,DRIVING SKILLS/KNOWLEDGE/EXPERIENCE,BEAT_119,1,4,0,1,42.163804,-87.401659,18,0,Monday,4,7,Morning_Rush,0,0
2026-04-27 08:34:00,40,SNOW,DAYLIGHT,SIDESWIPE SAME DIRECTION,DIVIDED - W/MEDIAN,STRAIGHT AND LEVEL,WET,NO DEFECTS,Y,DISREGARDING TRAFFIC SIGNALS,BEAT_117,2,4,1,1,42.132897,-87.425954,18,0,Monday,4,8,Morning_Rush,0,1
2026-04-27 11:36:00,20,RAIN,"DARKNESS, LIGHTED ROAD",TURNING,DIVIDED - W/MEDIAN,STRAIGHT AND LEVEL,WET,NO DEFECTS,Y,FOLLOWING TOO CLOSELY,BEAT_114,2,4,0,1,42.086674,-87.45922,18,0,Monday,4,11,Midday,0,0
2026-04-27 14:01:00,40,RAIN,DAYLIGHT,ANGLE,DIVIDED - W/MEDIAN,STRAIGHT AND LEVEL,WET,NO DEFECTS,N,FOLLOWING TOO CLOSELY,BEAT_111,2,4,1,1,42.036943,-87.494017,18,0,Monday,4,14,Midday,0,1
2026-04-27 15:09:00,30,RAIN,DAYLIGHT,PARKED MOTOR VEHICLE,DIVIDED - W/MEDIAN,STRAIGHT AND LEVEL,WET,NO DEFECTS,Y,FOLLOWING TOO CLOSELY,BEAT_107,2,4,1,1,41.98431,-87.543099,18,0,Monday,4,15,Midday,0,1
2026-04-27 15:43:00,25,CLEAR,"DARKNESS, LIGHTED ROAD",PARKED MOTOR VEHICLE,DIVIDED - W/MEDIAN,STRAIGHT AND LEVEL,DRY,NO DEFECTS,N,FOLLOWING TOO CLOSELY,BEAT_103,3,4,0,1,41.919012,-87.592491,18,0,Monday,4,15,Midday,0,0
2026-04-27 16:30:00,50,SNOW,DAYLIGHT,SIDESWIPE SAME DIRECTION,DIVIDED - W/MEDIAN,STRAIGHT AND LEVEL,WET,NO DEFECTS,Y,FAILING TO YIELD RIGHT-OF-WAY,BEAT_114,2,4,1,1,42.087471,-87.452113,18,0,Monday,4,16,Evening_Rush,0,1
2026-04-27 17:37:00,45,CLEAR,DAYLIGHT,SIDESWIPE SAME DIRECTION,DIVIDED - W/MEDIAN,STRAIGHT AND LEVEL,DRY,NO DEFECTS,N,DRIVING SKILLS/KNOWLEDGE/EXPERIENCE,BEAT_111,2,4,1,1,42.045359,-87.497666,18,0,Monday,4,17,Evening_Rush,0,1
2026-04-27 18:28:00,30,CLEAR,DAYLIGHT,ANGLE,ONE-WAY,STRAIGHT AND LEVEL,DRY,NO DEFECTS,N,FOLLOWING TOO CLOSELY,BEAT_114,2,4,0,1,42.089762,-87.467703,18,0,Monday,4,18,Evening_Rush,0,0
2026-04-27 20:26:00,25,RAIN,DARKNESS,PARKED MOTOR VEHICLE,FOUR WAY INTERSECTION,STRAIGHT AND LEVEL,ICE,NO DEFECTS,Y,FAILING TO YIELD RIGHT-OF-WAY,BEAT_114,2,4,0,1,42.088627,-87.458347,18,0,Monday,4,20,Night,0,0
2026-05-04 00:11:00,30,CLEAR,DAYLIGHT,REAR END,ONE-WAY,STRAIGHT AND LEVEL,WET,WORN SURFACE,N,FOLLOWING TOO CLOSELY,BEAT_104,2,5,0,1,41.936387,-87.587481,19,0,Monday,5,0,Night,0,0
2026-05-04 04:22:00,30,CLEAR,DAYLIGHT,ANGLE,ONE-WAY,STRAIGHT AND LEVEL,SNOW OR SLUSH,NO DEFECTS,Y,DRIVING SKILLS/KNOWLEDGE/EXPERIENCE,BEAT_109,2,5,1,1,42.011445,-87.523427,19,0,Monday,5,4,Night,0,1
2026-05-04 06:40:00,25,CLEAR,DAYLIGHT,TURNING,ONE-WAY,STRAIGHT AND LEVEL,DRY,NO DEFECTS,Y,FAILING TO YIELD RIGHT-OF-WAY,BEAT_105,4,5,0,1,41.955882,-87.573219,19,0,Monday,5,6,Morning_Rush,0,0
2026-05-04 13:02:00,25,SEVERE RAIN,DAYLIGHT,TURNING,ONE-WAY,STRAIGHT AND LEVEL,WET,NO DEFECTS,Y,DISREGARDING TRAFFIC SIGNALS,BEAT_107,2,5,0,1,41.984201,-87.547263,19,0,Monday,5,13,Midday,0,0
2026-05-04 14:08:00,35,CLEAR,DAYLIGHT,ANGLE,NOT DIVIDED,STRAIGHT AND LEVEL,DRY,NO DEFECTS,N,FAILING TO YIELD RIGHT-OF-WAY,BEAT_108,2,5,0,1,42.00008,-87.532352,19,0,Monday,5,14,Midday,0,0
2026-05-04 16:11:00,25,RAIN,DAYLIGHT,PARKED MOTOR VEHICLE,DIVIDED - W/MEDIAN,STRAIGHT ON GRADE,WET,NO DEFECTS,Y,FOLLOWING TOO CLOSELY,BEAT_104,2,5,2,1,41.937351,-87.580844,19,0,Monday,5,16,Evening_Rush,0,1
2026-05-04 16:23:00,55,CLEAR,DARKNESS,TURNING,NOT DIVIDED,STRAIGHT AND LEVEL,DRY,NO DEFECTS,N,FAILING TO YIELD RIGHT-OF-WAY,BEAT_113,2,5,0,1,42.07065,-87.47432,19,0,Monday,5,16,Evening_Rush,0,0
2026-05-04 19:17:00,25,CLEAR,"DARKNESS, LIGHTED ROAD",REAR END,ONE-WAY,STRAIGHT AND LEVEL,WET,NO DEFECTS,N,FOLLOWING TOO CLOSELY,BEAT_108,1,5,0,1,41.996306,-87.53403,19,0,Monday,5,19,Evening_Rush,0,0
2026-05-04 20:35:00,25,RAIN,DAYLIGHT,REAR END,NOT DIVIDED,"CURVE, LEVEL",WET,NO DEFECTS,Y,DISREGARDING TRAFFIC SIGNALS,BEAT_110,2,5,0,1,42.026327,-87.50751,19,0,Monday,5,20,Night,0,0
2026-05-04 20:53:00,25,CLEAR,DARKNESS,ANGLE,NOT DIVIDED,"CURVE, LEVEL",DRY,SHOULDER DEFECT,Y,FOLLOWING TOO CLOSELY,BEAT_107,2,5,0,1,41.980627,-87.54648,19,0,Monday,5,20,Night,0,0
2026-05-04 22:32:00,55,CLEAR,DAYLIGHT,REAR END,NOT DIVIDED,STRAIGHT AND LEVEL,DRY,NO DEFECTS,Y,FOLLOWING TOO CLOSELY,BEAT_108,2,5,0,1,41.997838,-87.532946,19,0,Monday,5,22,Night,0,0
2026-05-04 23:10:00,25,CLEAR,DAYLIGHT,TURNING,FOUR WAY INTERSECTION,STRAIGHT AND LEVEL,DRY,NO DEFECTS,N,WEATHER,BEAT_103,2,5,0,1,41.92831,-87.595418,19,0,Monday,5,23,Night,0,0
2026-05-04 23:39:00,25,CLEAR,DAYLIGHT,TURNING,DIVIDED - W/MEDIAN,CURVE ON GRADE,DRY,NO DEFECTS,Y,FAILING TO YIELD RIGHT-OF-WAY,BEAT_101,4,5,0,1,41.892516,-87.620106,19,0,Monday,5,23,Night,0,0
2026-05-11 02:06:00,30,CLEAR,"DARKNESS, LIGHTED ROAD",PARKED MOTOR VEHICLE,ONE-WAY,STRAIGHT AND LEVEL,DRY,"RUT, HOLES",Y,FAILING TO YIELD RIGHT-OF-WAY,BEAT_104,3,5,0,1,41.937004,-87.574636,20,0,Monday,5,2,Night,0,0
2026-05-11 04:19:00,25,RAIN,DAYLIGHT,ANGLE,T-INTERSECTION,STRAIGHT AND LEVEL,WET,NO DEFECTS,N,FOLLOWING TOO CLOSELY,BEAT_115,2,5,0,1,42.106216,-87.455777,20,0,Monday,5,4,Night,0,0
2026-05-11 07:09:00,20,CLEAR,DAYLIGHT,TURNING,ONE-WAY,STRAIGHT AND LEVEL,DRY,NO DEFECTS,N,WEATHER,BEAT_112,4,5,0,1,42.057639,-87.483429,20,0,Monday,5,7,Morning_Rush,0,0
2026-05-11 08:10:00,25,CLEAR,DAYLIGHT,REAR END,ONE-WAY,STRAIGHT AND LEVEL,WET,NO DEFECTS,N,FAILING TO YIELD RIGHT-OF-WAY,BEAT_111,2,5,0,1,42.041803,-87.497105,20,0,Monday,5,8,Morning_Rush,0,0
2026-05-11 08:19:00,25,CLEAR,DAYLIGHT,TURNING,FOUR WAY INTERSECTION,STRAIGHT AND LEVEL,DRY,NO DEFECTS,N,WEATHER,BEAT_118,3,5,0,1,42.146576,-87.415313,20,0,Monday,5,8,Morning_Rush,0,0
2026-05-11 14:39:00,25,CLEAR,"DARKNESS, LIGHTED ROAD",PARKED MOTOR VEHICLE,FOUR WAY INTERSECTION,STRAIGHT AND LEVEL,DRY,NO DEFECTS,Y,WEATHER,BEAT_104,3,5,1,1,41.936603,-87.574825,20,0,Monday,5,14,Midday,0,1
2026-05-11 14:58:00,30,RAIN,"DARKNESS, LIGHTED ROAD",REAR END,DIVIDED - W/MEDIAN,"CURVE, LEVEL",SNOW OR SLUSH,NO DEFECTS,Y,FAILING TO YIELD RIGHT-OF-WAY,BEAT_114,2,5,0,1,42.09026,-87.462044,20,0,Monday,5,14,Midday,0,0
2026-05-11 14:59:00,30,CLEAR,DAYLIGHT,ANGLE,FOUR WAY INTERSECTION,STRAIGHT AND LEVEL,WET,NO DEFECTS,Y,DISREGARDING TRAFFIC SIGNALS,BEAT_101,1,5,0,1,41.896847,-87.618712,20,0,Monday,5,14,Midday,0,0
2026-05-11 15:42:00,25,CLEAR,DAYLIGHT,SIDESWIPE SAME DIRECTION,NOT DIVIDED,STRAIGHT AND LEVEL,WET,NO DEFECTS,N,DRIVING SKILLS/KNOWLEDGE/EXPERIENCE,BEAT_104,2,5,0,1,41.937038,-87.5795,20,0,Monday,5,15,Midday,0,0
2026-05-11 17:20:00,30,CLEAR,"DARKNESS, LIGHTED ROAD",PARKED MOTOR VEHICLE,T-INTERSECTION,STRAIGHT AND LEVEL,DRY,NO DEFECTS,Y,WEATHER,BEAT_120,2,5,0,1,42.178761,-87.387841,20,0,Monday,5,17,Evening_Rush,0,0
2026-05-18 05:05:00,50,CLEAR,DAYLIGHT,SIDESWIPE SAME DIRECTION,FOUR WAY INTERSECTION,CURVE ON GRADE,DRY,NO DEFECTS,Y,FOLLOWING TOO CLOSELY,BEAT_105,2,5,0,1,41.955862,-87.572204,21,0,Monday,5,5,Night,0,0
2026-05-18 08:02:00,25,CLEAR,"DARKNESS, LIGHTED ROAD",SIDESWIPE SAME DIRECTION,NOT DIVIDED,STRAIGHT AND LEVEL,DRY,NO DEFECTS,Y,FOLLOWING TOO CLOSELY,BEAT_106,2,5,0,1,41.968844,-87.554867,21,0,Monday,5,8,Morning_Rush,0,0
2026-05-18 09:44:00,30,CLEAR,DAYLIGHT,REAR END,DIVIDED - W/MEDIAN,STRAIGHT AND LEVEL,DRY,NO DEFECTS,Y,FAILING TO YIELD RIGHT-OF-WAY,BEAT_105,2,5,0,1,41.954942,-87.571382,21,0,Monday,5,9,Morning_Rush,0,0
2026-05-18 10:39:00,45,CLEAR,"DARKNESS, LIGHTED ROAD",SIDESWIPE SAME DIRECTION,FOUR WAY INTERSECTION,STRAIGHT AND LEVEL,DRY,NO DEFECTS,N,DISREGARDING TRAFFIC SIGNALS,BEAT_106,2,5,0,1,41.967815,-87.56064,21,0,Monday,5,10,Midday,0,0
2026-05-18 12:35:00,25,CLEAR,DARKNESS,REAR END,DIVIDED - W/MEDIAN,STRAIGHT AND LEVEL,WET,NO DEFECTS,Y,DISREGARDING TRAFFIC SIGNALS,BEAT_109,3,5,0,1,42.014788,-87.52511,21,0,Monday,5,12,Midday,0,0
2026-05-18 16:29:00,35,CLEAR,"DARKNESS, LIGHTED ROAD",PARKED MOTOR VEHICLE,FOUR WAY INTERSECTION,STRAIGHT AND LEVEL,DRY,NO DEFECTS,N,WEATHER,BEAT_109,2,5,0,1,42.009827,-87.522552,21,0,Monday,5,16,Evening_Rush,0,0
2026-05-18 17:09:00,45,CLEAR,"DARKNESS, LIGHTED ROAD",REAR END,DIVIDED - W/MEDIAN,STRAIGHT AND LEVEL,DRY,NO DEFECTS,N,DRIVING SKILLS/KNOWLEDGE/EXPERIENCE,BEAT_109,2,5,0,1,42.00855,-87.522848,21,0,Monday,5,17,Evening_Rush,0,0
2026-05-18 18:39:00,30,FOG/SMOKE/HAZE,DAYLIGHT,REAR END,NOT DIVIDED,STRAIGHT AND LEVEL,WET,NO DEFECTS,N,FOLLOWING TOO CLOSELY,BEAT_111,2,5,0,1,42.049341,-87.490586,21,0,Monday,5,18,Evening_Rush,0,0
2026-05-18 20:37:00,20,CLEAR,DAYLIGHT,REAR END,DIVIDED - W/MEDIAN,STRAIGHT AND LEVEL,DRY,NO DEFECTS,Y,FAILING TO YIELD RIGHT-OF-WAY,BEAT_106,2,5,1,1,41.973475,-87.556261,21,0,Monday,5,20,Night,0,1
2026-05-18 20:45:00,25,CLEAR,DAYLIGHT,FIXED OBJECT,DIVIDED - W/MEDIAN,STRAIGHT AND LEVEL,WET,NO DEFECTS,Y,WEATHER,BEAT_120,2,5,0,1,42.176591,-87.38663,21,0,Monday,5,20,Night,0,0
2026-05-18 22:57:00,25,RAIN,"DARKNESS, LIGHTED ROAD",TURNING,DIVIDED - W/MEDIAN,STRAIGHT AND LEVEL,WET,NO DEFECTS,Y,FOLLOWING TOO CLOSELY,BEAT_107,2,5,2,1,41.978502,-87.542701,21,0,Monday,5,22,Night,0,1
2026-05-25 00:57:00,25,CLEAR,DAYLIGHT,TURNING,ONE-WAY,STRAIGHT AND LEVEL,DRY,NO DEFECTS,N,WEATHER,BEAT_118,2,5,0,1,42.150422,-87.411946,22,0,Monday,5,0,Night,0,0
2026-05-25 01:25:00,25,RAIN,DAYLIGHT,SIDESWIPE SAME DIRECTION,DIVIDED - W/MEDIAN,STRAIGHT AND LEVEL,WET,NO DEFECTS,Y,FOLLOWING TOO CLOSELY,BEAT_112,2,5,0,1,42.059123,-87.482016,22,0,Monday,5,1,Night,0,0
2026-05-25 08:45:00,45,CLEAR,DAYLIGHT,PARKED MOTOR VEHICLE,DIVIDED - W/MEDIAN,STRAIGHT AND LEVEL,DRY,NO DEFECTS,N,DRIVING SKILLS/KNOWLEDGE/EXPERIENCE,BEAT_120,2,5,1,1,42.175652,-87.392624,22,0,Monday,5,8,Morning_Rush,0,1
2026-05-25 13:19:00,25,CLEAR,DAYLIGHT,SIDESWIPE SAME DIRECTION,NOT DIVIDED,STRAIGHT AND LEVEL,DRY,NO DEFECTS,N,FAILING TO YIELD RIGHT-OF-WAY,BEAT_112,2,5,0,1,42.055534,-87.486621,22,0,Monday,5,13,Midday,0,0
2026-05-25 14:06:00,35,CLEAR,"DARKNESS, LIGHTED ROAD",SIDESWIPE SAME DIRECTION,ALLEY,STRAIGHT AND LEVEL,SNOW OR SLUSH,NO DEFECTS,Y,FAILING TO YIELD RIGHT-OF-WAY,BEAT_119,2,5,0,1,42.164522,-87.405039,22,0,Monday,5,14,Midday,0,0
2026-05-25 15:09:00,30,CLEAR,"DARKNESS, LIGHTED ROAD",REAR END,NOT DIVIDED,STRAIGHT AND LEVEL,DRY,WORN SURFACE,N,FAILING TO YIELD RIGHT-OF-WAY,BEAT_117,4,5,0,1,42.137993,-87.429487,22,0,Monday,5,15,Midday,0,0
2026-05-25 15:53:00,20,CLEAR,DAYLIGHT,REAR END,DIVIDED - W/MEDIAN,STRAIGHT AND LEVEL,WET,NO DEFECTS,Y,DRIVING SKILLS/KNOWLEDGE/EXPERIENCE,BEAT_117,2,5,0,1,42.140776,-87.425949,22,0,Monday,5,15,Midday,0,0
2026-05-25 17:16:00,25,RAIN,DAYLIGHT,PEDESTRIAN,NOT DIVIDED,STRAIGHT AND LEVEL,WET,NO DEFECTS,N,DISREGARDING TRAFFIC SIGNALS,BEAT_102,2,5,1,1,41.902278,-87.606639,22,0,Monday,5,17,Evening_Rush,0,1
2026-05-25 17:16:00,30,CLEAR,DAYLIGHT,TURNING,T-INTERSECTION,STRAIGHT AND LEVEL,DRY,"RUT, HOLES",N,FAILING TO YIELD RIGHT-OF-WAY,BEAT_119,3,5,0,1,42.162634,-87.400729,22,0,Monday,5,17,Evening_Rush,0,0
2026-05-25 18:36:00,25,CLEAR,DAWN,PARKED MOTOR VEHICLE,NOT DIVIDED,STRAIGHT AND LEVEL,DRY,NO DEFECTS,N,FAILING TO YIELD RIGHT-OF-WAY,BEAT_103,2,5,0,1,41.920861,-87.592183,22,0,Monday,5,18,Evening_Rush,0,0
2026-05-25 21:29:00,50,CLEAR,"DARKNESS, LIGHTED ROAD",TURNING,DIVIDED - W/MEDIAN,STRAIGHT AND LEVEL,DRY,NO DEFECTS,N,DISREGARDING TRAFFIC SIGNALS,BEAT_111,2,5,0,1,42.045542,-87.496832,22,0,Monday,5,21,Night,0,0
2026-05-25 23:55:00,25,SNOW,"DARKNESS, LIGHTED ROAD",PARKED MOTOR VEHICLE,NOT DIVIDED,STRAIGHT AND LEVEL,WET,WORN SURFACE,N,DRIVING SKILLS/KNOWLEDGE/EXPERIENCE,BEAT_105,2,5,0,1,41.955688,-87.570741,22,0,Monday,5,23,Night,0,0
2026-06-01 00:29:00,35,CLEAR,"DARKNESS, LIGHTED ROAD",TURNING,DIVIDED - W/MEDIAN,STRAIGHT AND LEVEL,DRY,NO DEFECTS,Y,FAILING TO YIELD RIGHT-OF-WAY,BEAT_115,2,6,2,1,42.096158,-87.449738,23,0,Monday,6,0,Night,0,1
2026-06-01 01:46:00,25,CLEAR,"DARKNESS, LIGHTED ROAD",TURNING,DIVIDED - W/MEDIAN,STRAIGHT AND LEVEL,DRY,NO DEFECTS,N,DRIVING SKILLS/KNOWLEDGE/EXPERIENCE,BEAT_120,2,6,0,1,42.175927,-87.38623,23,0,Monday,6,1,Night,0,0
2026-06-01 05:35:00,25,CLEAR,DAYLIGHT,REAR END,ONE-WAY,STRAIGHT AND LEVEL,WET,NO DEFECTS,N,FOLLOWING TOO CLOSELY,BEAT_101,2,6,0,1,41.894739,-87.612336,23,0,Monday,6,5,Night,0,0
2026-06-01 06:17:00,30,SNOW,DARKNESS,ANGLE,DIVIDED - W/MEDIAN,"CURVE, LEVEL",WET,NO DEFECTS,N,FOLLOWING TOO CLOSELY,BEAT_116,2,6,2,1,42.120271,-87.433593,23,0,Monday,6,6,Morning_Rush,0,1
2026-06-01 06:42:00,40,RAIN,DAYLIGHT,REAR END,ONE-WAY,STRAIGHT AND LEVEL,WET,NO DEFECTS,N,DRIVING SKILLS/KNOWLEDGE/EXPERIENCE,BEAT_115,3,6,2,1,42.102338,-87.448002,23,0,Monday,6,6,Morning_Rush,0,1
2026-06-01 07:42:00,25,CLEAR,"DARKNESS, LIGHTED ROAD",TURNING,ONE-WAY,STRAIGHT AND LEVEL,DRY,NO DEFECTS,N,DRIVING SKILLS/KNOWLEDGE/EXPERIENCE,BEAT_109,2,6,1,1,42.008342,-87.52744,23,0,Monday,6,7,Morning_Rush,0,1
2026-06-01 09:14:00,25,CLEAR,DUSK,ANGLE,FOUR WAY INTERSECTION,STRAIGHT AND LEVEL,WET,NO DEFECTS,Y,IMPROPER OVERTAKING/PASSING,BEAT_106,2,6,0,1,41.971321,-87.555412,23,0,Monday,6,9,Morning_Rush,0,0
2026-06-01 12:35:00,35,CLEAR,DAYLIGHT,REAR END,DIVIDED - W/MEDIAN,STRAIGHT AND LEVEL,DRY,NO DEFECTS,N,FOLLOWING TOO CLOSELY,BEAT_101,2,6,0,1,41.892134,-87.617703,23,0,Monday,6,12,Midday,0,0
2026-06-01 12:59:00,30,CLEAR,"DARKNESS, LIGHTED ROAD",TURNING,ONE-WAY,STRAIGHT AND LEVEL,DRY,NO DEFECTS,Y,FAILING TO YIELD RIGHT-OF-WAY,BEAT_108,1,6,0,1,41.997624,-87.535378,23,0,Monday,6,12,Midday,0,0
2026-06-01 13:04:00,30,CLEAR,"DARKNESS, LIGHTED ROAD",REAR END,FOUR WAY INTERSECTION,STRAIGHT AND LEVEL,WET,NO DEFECTS,Y,FOLLOWING TOO CLOSELY,BEAT_118,2,6,0,1,42.148896,-87.415739,23,0,Monday,6,13,Midday,0,0
2026-06-01 13:54:00,50,CLEAR,"DARKNESS, LIGHTED ROAD",PEDESTRIAN,NOT DIVIDED,STRAIGHT AND LEVEL,WET,NO DEFECTS,N,IMPROPER OVERTAKING/PASSING,BEAT_106,2,6,1,1,41.968996,-87.555305,23,0,Monday,6,13,Midday,0,1
2026-06-01 16:04:00,25,CLEAR,DAYLIGHT,TURNING,ONE-WAY,STRAIGHT AND LEVEL,DRY,NO DEFECTS,Y,WEATHER,BEAT_120,1,6,3,1,42.175693,-87.385904,23,0,Monday,6,16,Evening_Rush,0,1
2026-06-01 20:01:00,30,FOG/SMOKE/HAZE,"DARKNESS, LIGHTED ROAD",ANGLE,ALLEY,"CURVE, LEVEL",WET,NO DEFECTS,N,DRIVING SKILLS/KNOWLEDGE/EXPERIENCE,BEAT_119,2,6,0,1,42.162473,-87.406432,23,0,Monday,6,20,Night,0,0
2026-06-01 23:39:00,25,RAIN,"DARKNESS, LIGHTED ROAD",TURNING,DIVIDED - W/MEDIAN,STRAIGHT AND LEVEL,SNOW OR SLUSH,NO DEFECTS,N,FOLLOWING TOO CLOSELY,BEAT_116,2,6,1,1,42.11401,-87.433565,23,0,Monday,6,23,Night,0,1
2026-06-08 01:52:00,25,CLEAR,DAYLIGHT,ANGLE,DIVIDED - W/MEDIAN,STRAIGHT AND LEVEL,WET,NO DEFECTS,N,DISREGARDING TRAFFIC SIGNALS,BEAT_118,2,6,0,1,42.150688,-87.411239,24,0,Monday,6,1,Night,0,0
2026-06-08 06:39:00,30,CLEAR,"DARKNESS, LIGHTED ROAD",PARKED MOTOR VEHICLE,ALLEY,STRAIGHT AND LEVEL,SNOW OR SLUSH,NO DEFECTS,N,DRIVING SKILLS/KNOWLEDGE/EXPERIENCE,BEAT_117,4,6,0,1,42.134469,-87.424985,24,0,Monday,6,6,Morning_Rush,0,0
2026-06-08 06:55:00,40,FOG/SMOKE/HAZE,DAYLIGHT,TURNING,FOUR WAY INTERSECTION,STRAIGHT AND LEVEL,WET,NO DEFECTS,N,WEATHER,BEAT_117,2,6,0,1,42.128321,-87.424479,24,0,Monday,6,6,Morning_Rush,0,0
2026-06-08 07:29:00,35,CLEAR,"DARKNESS, LIGHTED ROAD",SIDESWIPE SAME DIRECTION,NOT DIVIDED,"CURVE, LEVEL",DRY,NO DEFECTS,N,WEATHER,BEAT_113,3,6,1,1,42.07068,-87.474897,24,0,Monday,6,7,Morning_Rush,0,1
2026-06-08 12:18:00,25,CLEAR,DAYLIGHT,SIDESWIPE SAME DIRECTION,DIVIDED - W/MEDIAN,STRAIGHT AND LEVEL,DRY,NO DEFECTS,N,FAILING TO YIELD RIGHT-OF-WAY,BEAT_112,2,6,0,1,42.05606,-87.48197,24,0,Monday,6,12,Midday,0,0
2026-06-08 13:08:00,25,RAIN,DARKNESS,REAR END,ONE-WAY,"CURVE, LEVEL",WET,NO DEFECTS,Y,FAILING TO YIELD RIGHT-OF-WAY,BEAT_106,2,6,1,1,41.971865,-87.55574,24,0,Monday,6,13,Midday,0,1
2026-06-08 14:11:00,25,CLEAR,DAYLIGHT,SIDESWIPE SAME DIRECTION,NOT DIVIDED,"CURVE, LEVEL",DRY,NO DEFECTS,N,WEATHER,BEAT_115,2,6,0,1,42.105436,-87.451432,24,0,Monday,6,14,Midday,0,0
2026-06-08 22:47:00,35,RAIN,DAYLIGHT,ANGLE,ONE-WAY,STRAIGHT AND LEVEL,ICE,NO DEFECTS,Y,FOLLOWING TOO CLOSELY,BEAT_120,2,6,0,1,42.177029,-87.390534,24,0,Monday,6,22,Night,0,0
2026-06-15 08:02:00,25,RAIN,DAYLIGHT,TURNING,DIVIDED - W/MEDIAN,STRAIGHT AND LEVEL,WET,NO DEFECTS,N,DRIVING SKILLS/KNOWLEDGE/EXPERIENCE,BEAT_109,2,6,0,1,42.01739,-87.521227,25,0,Monday,6,8,Morning_Rush,0,0
2026-06-15 08:07:00,30,CLEAR,DAYLIGHT,ANGLE,DIVIDED - W/MEDIAN,STRAIGHT AND LEVEL,DRY,NO DEFECTS,N,FOLLOWING TOO CLOSELY,BEAT_102,2,6,0,1,41.909443,-87.610228,25,0,Monday,6,8,Morning_Rush,0,0
2026-06-15 10:28:00,25,SNOW,"DARKNESS, LIGHTED ROAD",SIDESWIPE SAME DIRECTION,DIVIDED - W/MEDIAN,STRAIGHT AND LEVEL,WET,NO DEFECTS,Y,FOLLOWING TOO CLOSELY,BEAT_110,3,6,0,1,42.031985,-87.510681,25,0,Monday,6,10,Midday,0,0
2026-06-15 11:18:00,30,CLEAR,DAYLIGHT,SIDESWIPE SAME DIRECTION,ALLEY,STRAIGHT ON GRADE,DRY,"RUT, HOLES",Y,WEATHER,BEAT_118,2,6,0,1,42.147412,-87.417349,25,0,Monday,6,11,Midday,0,0
2026-06-15 11:23:00,40,CLEAR,DAYLIGHT,SIDESWIPE SAME DIRECTION,NOT DIVIDED,STRAIGHT AND LEVEL,DRY,NO DEFECTS,Y,WEATHER,BEAT_113,2,6,0,1,42.066733,-87.474109,25,0,Monday,6,11,Midday,0,0
2026-06-15 13:10:00,35,RAIN,DAYLIGHT,REAR END,T-INTERSECTION,STRAIGHT AND LEVEL,WET,NO DEFECTS,N,DRIVING SKILLS/KNOWLEDGE/EXPERIENCE,BEAT_111,2,6,0,1,42.041787,-87.494624,25,0,Monday,6,13,Midday,0,0
2026-06-15 13:52:00,25,SEVERE RAIN,DUSK,PARKED MOTOR VEHICLE,NOT DIVIDED,STRAIGHT AND LEVEL,SNOW OR SLUSH,NO DEFECTS,N,DRIVING SKILLS/KNOWLEDGE/EXPERIENCE,BEAT_101,2,6,0,1,41.887759,-87.616777,25,0,Monday,6,13,Midday,0,0
2026-06-15 23:06:00,25,CLEAR,DAWN,ANGLE,DIVIDED - W/MEDIAN,STRAIGHT AND LEVEL,WET,NO DEFECTS,N,FOLLOWING TOO CLOSELY,BEAT_118,1,6,0,1,42.146287,-87.412702,25,0,Monday,6,23,Night,0,0
2026-06-15 23:54:00,30,RAIN,DAYLIGHT,TURNING,NOT DIVIDED,STRAIGHT AND LEVEL,WET,"RUT, HOLES",Y,FAILING TO YIELD RIGHT-OF-WAY,BEAT_102,2,6,1,1,41.910525,-87.604138,25,0,Monday,6,23,Night,0,1
2026-06-22 05:02:00,35,CLEAR,DAYLIGHT,REAR END,NOT DIVIDED,STRAIGHT AND LEVEL,DRY,WORN SURFACE,N,FAILING TO YIELD RIGHT-OF-WAY,BEAT_106,2,6,0,1,41.969505,-87.557341,26,0,Monday,6,5,Night,0,0
2026-06-22 06:13:00,25,CLEAR,DARKNESS,REAR END,DIVIDED - W/MEDIAN,STRAIGHT AND LEVEL,DRY,NO DEFECTS,Y,FOLLOWING TOO CLOSELY,BEAT_109,2,6,0,1,42.015766,-87.52338,26,0,Monday,6,6,Morning_Rush,0,0
2026-06-22 07:51:00,55,CLEAR,DAYLIGHT,SIDESWIPE SAME DIRECTION,DIVIDED - W/MEDIAN,STRAIGHT AND LEVEL,DRY,NO DEFECTS,Y,PHYSICAL CONDITION OF DRIVER,BEAT_111,2,6,1,1,42.040536,-87.493792,26,0,Monday,6,7,Morning_Rush,0,1
2026-06-22 09:26:00,30,CLEAR,DAYLIGHT,TURNING,FOUR WAY INTERSECTION,STRAIGHT AND LEVEL,WET,NO DEFECTS,N,FOLLOWING TOO CLOSELY,BEAT_116,2,6,0,1,42.11316,-87.442385,26,0,Monday,6,9,Morning_Rush,0,0
2026-06-22 10:12:00,25,RAIN,DAYLIGHT,TURNING,DIVIDED - W/MEDIAN,STRAIGHT ON GRADE,WET,NO DEFECTS,N,FAILING TO YIELD RIGHT-OF-WAY,BEAT_113,1,6,0,1,42.079358,-87.476844,26,0,Monday,6,10,Midday,0,0
2026-06-22 13:40:00,30,SNOW,DAYLIGHT,ANGLE,NOT DIVIDED,STRAIGHT AND LEVEL,WET,NO DEFECTS,N,WEATHER,BEAT_115,1,6,0,1,42.097548,-87.450784,26,0,Monday,6,13,Midday,0,0
2026-06-22 14:00:00,25,CLEAR,"DARKNESS, LIGHTED ROAD",REAR END,NOT DIVIDED,STRAIGHT AND LEVEL,DRY,NO DEFECTS,Y,FOLLOWING TOO CLOSELY,BEAT_115,2,6,0,1,42.101333,-87.44904,26,0,Monday,6,14,Midday,0,0
2026-06-22 16:18:00,20,CLEAR,"DARKNESS, LIGHTED ROAD",PEDESTRIAN,ONE-WAY,STRAIGHT AND LEVEL,DRY,NO DEFECTS,Y,FOLLOWING TOO CLOSELY,BEAT_108,2,6,1,1,41.993789,-87.53113,26,0,Monday,6,16,Evening_Rush,0,1
2026-06-22 16:25:00,30,CLEAR,DAYLIGHT,TURNING,NOT DIVIDED,STRAIGHT AND LEVEL,DRY,NO DEFECTS,Y,FOLLOWING TOO CLOSELY,BEAT_114,3,6,0,1,42.087056,-87.461204,26,0,Monday,6,16,Evening_Rush,0,0
2026-06-22 17:23:00,25,CLEAR,DAYLIGHT,TURNING,DIVIDED - W/MEDIAN,STRAIGHT AND LEVEL,SNOW OR SLUSH,NO DEFECTS,N,FAILING TO YIELD RIGHT-OF-WAY,BEAT_111,2,6,0,1,42.046234,-87.499641,26,0,Monday,6,17,Evening_Rush,0,0
2026-06-22 20:13:00,30,CLEAR,DAWN,REAR END,T-INTERSECTION,STRAIGHT AND LEVEL,"SAND, MUD, DIRT",NO DEFECTS,Y,IMPROPER OVERTAKING/PASSING,BEAT_105,2,6,0,1,41.950528,-87.571135,26,0,Monday,6,20,Night,0,0
2026-06-22 22:51:00,25,RAIN,"DARKNESS, LIGHTED ROAD",REAR END,T-INTERSECTION,STRAIGHT AND LEVEL,WET,NO DEFECTS,Y,DRIVING SKILLS/KNOWLEDGE/EXPERIENCE,BEAT_117,1,6,2,1,42.138096,-87.426336,26,0,Monday,6,22,Night,0,1
2026-06-29 00:06:00,35,CLEAR,DAYLIGHT,SIDESWIPE SAME DIRECTION,DIVIDED - W/MEDIAN,STRAIGHT AND LEVEL,DRY,NO DEFECTS,Y,FOLLOWING TOO CLOSELY,BEAT_108,1,6,1,1,41.999514,-87.535289,27,0,Monday,6,0,Night,0,1
2026-06-29 03:14:00,30,CLEAR,"DARKNESS, LIGHTED ROAD",PARKED MOTOR VEHICLE,ONE-WAY,STRAIGHT AND LEVEL,DRY,NO DEFECTS,Y,WEATHER,BEAT_109,2,6,0,1,42.011066,-87.52388,27,0,Monday,6,3,Night,0,0
2026-06-29 05:05:00,35,CLEAR,"DARKNESS, LIGHTED ROAD",SIDESWIPE SAME DIRECTION,NOT DIVIDED,STRAIGHT AND LEVEL,WET,NO DEFECTS,Y,FOLLOWING TOO CLOSELY,BEAT_108,2,6,0,1,41.996826,-87.530337,27,0,Monday,6,5,Night,0,0
2026-06-29 07:27:00,45,CLEAR,DAYLIGHT,SIDESWIPE SAME DIRECTION,FOUR WAY INTERSECTION,STRAIGHT ON GRADE,DRY,NO DEFECTS,N,DRIVING SKILLS/KNOWLEDGE/EXPERIENCE,BEAT_115,2,6,1,1,42.101084,-87.452241,27,0,Monday,6,7,Morning_Rush,0,1
2026-06-29 07:54:00,25,RAIN,DAYLIGHT,ANGLE,DIVIDED - W/MEDIAN,STRAIGHT AND LEVEL,WET,"RUT, HOLES",Y,FAILING TO YIELD RIGHT-OF-WAY,BEAT_102,2,6,0,1,41.906123,-87.609298,27,0,Monday,6,7,Morning_Rush,0,0
2026-06-29 08:22:00,35,FOG/SMOKE/HAZE,"DARKNESS, LIGHTED ROAD",TURNING,DIVIDED - W/MEDIAN,STRAIGHT AND LEVEL,SNOW OR SLUSH,NO DEFECTS,Y,FOLLOWING TOO CLOSELY,BEAT_105,2,6,0,1,41.94882,-87.568303,27,0,Monday,6,8,Morning_Rush,0,0
2026-06-29 09:43:00,25,SNOW,DAWN,ANGLE,ONE-WAY,STRAIGHT AND LEVEL,WET,NO DEFECTS,Y,IMPROPER OVERTAKING/PASSING,BEAT_120,3,6,0,1,42.180269,-87.391161,27,0,Monday,6,9,Morning_Rush,0,0
2026-06-29 09:43:00,30,RAIN,DAYLIGHT,TURNING,NOT DIVIDED,STRAIGHT AND LEVEL,WET,WORN SURFACE,N,FOLLOWING TOO CLOSELY,BEAT_119,2,6,0,1,42.161509,-87.398229,27,0,Monday,6,9,Morning_Rush,0,0
2026-06-29 09:50:00,40,RAIN,DAYLIGHT,REAR END,DIVIDED - W/MEDIAN,STRAIGHT AND LEVEL,WET,NO DEFECTS,N,FAILING TO YIELD RIGHT-OF-WAY,BEAT_105,1,6,1,1,41.956513,-87.570551,27,0,Monday,6,9,Morning_Rush,0,1
2026-06-29 11:41:00,40,RAIN,DAYLIGHT,REAR END,NOT DIVIDED,STRAIGHT AND LEVEL,WET,"RUT, HOLES",N,WEATHER,BEAT_103,2,6,0,1,41.925703,-87.593568,27,0,Monday,6,11,Midday,0,0
2026-06-29 11:53:00,45,CLEAR,DAYLIGHT,FIXED OBJECT,NOT DIVIDED,STRAIGHT AND LEVEL,DRY,NO DEFECTS,Y,DRIVING SKILLS/KNOWLEDGE/EXPERIENCE,BEAT_106,2,6,0,1,41.969144,-87.555647,27,0,Monday,6,11,Midday,0,0
2026-06-29 15:11:00,25,CLEAR,"DARKNESS, LIGHTED ROAD",PEDESTRIAN,DIVIDED - W/MEDIAN,STRAIGHT AND LEVEL,WET,NO DEFECTS,Y,FOLLOWING TOO CLOSELY,BEAT_109,2,6,0,1,42.013098,-87.51821,27,0,Monday,6,15,Midday,0,0
2026-06-29 17:09:00,30,CLEAR,DAYLIGHT,REAR END,NOT DIVIDED,STRAIGHT AND LEVEL,WET,NO DEFECTS,Y,FAILING TO YIELD RIGHT-OF-WAY,BEAT_119,2,6,2,1,42.161117,-87.398578,27,0,Monday,6,17,Evening_Rush,0,1
2026-06-29 17:31:00,40,RAIN,DAYLIGHT,REAR END,ONE-WAY,STRAIGHT AND LEVEL,WET,NO DEFECTS,Y,WEATHER,BEAT_112,2,6,0,1,42.057561,-87.487975,27,0,Monday,6,17,Evening_Rush,0,0
2026-06-29 17:52:00,30,CLEAR,DAYLIGHT,PARKED MOTOR VEHICLE,ONE-WAY,"CURVE, LEVEL",WET,NO DEFECTS,N,IMPROPER OVERTAKING/PASSING,BEAT_110,2,6,0,1,42.026268,-87.510966,27,0,Monday,6,17,Evening_Rush,0,0
2026-07-06 00:29:00,30,RAIN,DAYLIGHT,SIDESWIPE SAME DIRECTION,ALLEY,STRAIGHT AND LEVEL,WET,NO DEFECTS,Y,WEATHER,BEAT_111,2,7,0,1,42.048027,-87.497332,28,0,Monday,7,0,Night,0,0
2026-07-06 03:56:00,40,RAIN,DAYLIGHT,REAR END,DIVIDED - W/MEDIAN,STRAIGHT AND LEVEL,WET,WORN SURFACE,Y,FAILING TO YIELD RIGHT-OF-WAY,BEAT_116,2,7,0,1,42.117314,-87.434286,28,0,Monday,7,3,Night,0,0
2026-07-06 06:42:00,30,CLEAR,DAYLIGHT,SIDESWIPE SAME DIRECTION,FOUR WAY INTERSECTION,STRAIGHT AND LEVEL,DRY,NO DEFECTS,N,FOLLOWING TOO CLOSELY,BEAT_112,2,7,0,1,42.062121,-87.485048,28,0,Monday,7,6,Morning_Rush,0,0
2026-07-06 07:36:00,35,CLEAR,DAYLIGHT,REAR END,ONE-WAY,STRAIGHT AND LEVEL,WET,WORN SURFACE,N,FAILING TO YIELD RIGHT-OF-WAY,BEAT_114,1,7,0,1,42.093506,-87.459972,28,0,Monday,7,7,Morning_Rush,0,0
2026-07-06 08:36:00,30,CLEAR,DAYLIGHT,REAR END,NOT DIVIDED,STRAIGHT AND LEVEL,DRY,NO DEFECTS,Y,IMPROPER OVERTAKING/PASSING,BEAT_104,2,7,0,1,41.938675,-87.581158,28,0,Monday,7,8,Morning_Rush,0,0
2026-07-06 13:34:00,30,CLEAR,DAWN,ANGLE,NOT DIVIDED,STRAIGHT AND LEVEL,SNOW OR SLUSH,"RUT, HOLES",Y,FAILING TO YIELD RIGHT-OF-WAY,BEAT_104,2,7,1,1,41.935029,-87.582657,28,0,Monday,7,13,Midday,0,1
2026-07-06 14:24:00,30,SNOW,DAYLIGHT,TURNING,ONE-WAY,STRAIGHT AND LEVEL,SNOW OR SLUSH,NO DEFECTS,N,FOLLOWING TOO CLOSELY,BEAT_119,2,7,0,1,42.159968,-87.400022,28,0,Monday,7,14,Midday,0,0
2026-07-06 16:17:00,55,CLEAR,DAYLIGHT,PARKED MOTOR VEHICLE,FOUR WAY INTERSECTION,STRAIGHT AND LEVEL,DRY,NO DEFECTS,N,FAILING TO YIELD RIGHT-OF-WAY,BEAT_108,2,7,0,1,42.000767,-87.530225,28,0,Monday,7,16,Evening_Rush,0,0
2026-07-06 22:13:00,30,CLEAR,DAYLIGHT,SIDESWIPE SAME DIRECTION,NOT DIVIDED,STRAIGHT AND LEVEL,SNOW OR SLUSH,NO DEFECTS,N,WEATHER,BEAT_111,3,7,0,1,42.043829,-87.497771,28,0,Monday,7,22,Night,0,0
2026-07-06 23:57:00,30,CLEAR,DAYLIGHT,SIDESWIPE SAME DIRECTION,ALLEY,"CURVE, LEVEL",DRY,NO DEFECTS,N,DRIVING SKILLS/KNOWLEDGE/EXPERIENCE,BEAT_108,2,7,0,1,41.995903,-87.532385,28,0,Monday,7,23,Night,0,0
2026-07-13 00:22:00,35,CLEAR,DAYLIGHT,TURNING,DIVIDED - W/MEDIAN,STRAIGHT AND LEVEL,DRY,NO DEFECTS,N,FAILING TO YIELD RIGHT-OF-WAY,BEAT_118,2,7,0,1,42.150642,-87.413107,29,0,Monday,7,0,Night,0,0
2026-07-13 01:00:00,45,RAIN,DAYLIGHT,SIDESWIPE SAME DIRECTION,DIVIDED - W/MEDIAN,STRAIGHT AND LEVEL,SNOW OR SLUSH,NO DEFECTS,Y,DISREGARDING TRAFFIC SIGNALS,BEAT_111,2,7,0,1,42.045319,-87.504339,29,0,Monday,7,1,Night,0,0
2026-07-13 01:34:00,30,SNOW,DAYLIGHT,REAR END,NOT DIVIDED,"CURVE, LEVEL",ICE,NO DEFECTS,N,FAILING TO YIELD RIGHT-OF-WAY,BEAT_102,4,7,0,1,41.904615,-87.604544,29,0,Monday,7,1,Night,0,0
2026-07-13 03:15:00,35,CLEAR,DARKNESS,SIDESWIPE SAME DIRECTION,DIVIDED - W/MEDIAN,STRAIGHT ON GRADE,DRY,NO DEFECTS,Y,DRIVING SKILLS/KNOWLEDGE/EXPERIENCE,BEAT_104,2,7,0,1,41.939034,-87.580391,29,0,Monday,7,3,Night,0,0
2026-07-13 03:49:00,25,CLEAR,DAYLIGHT,ANGLE,NOT DIVIDED,STRAIGHT AND LEVEL,DRY,NO DEFECTS,N,FOLLOWING TOO CLOSELY,BEAT_101,2,7,0,1,41.890316,-87.614481,29,0,Monday,7,3,Night,0,0
2026-07-13 05:28:00,25,CLEAR,DAYLIGHT,TURNING,NOT DIVIDED,STRAIGHT AND LEVEL,WET,"RUT, HOLES",N,WEATHER,BEAT_105,2,7,0,1,41.954224,-87.575982,29,0,Monday,7,5,Night,0,0
2026-07-13 05:47:00,30,RAIN,DAYLIGHT,REAR END,ONE-WAY,STRAIGHT AND LEVEL,WET,NO DEFECTS,Y,IMPROPER OVERTAKING/PASSING,BEAT_109,2,7,0,1,42.012056,-87.519398,29,0,Monday,7,5,Night,0,0
2026-07-13 06:52:00,30,CLEAR,"DARKNESS, LIGHTED ROAD",SIDESWIPE SAME DIRECTION,DIVIDED - W/MEDIAN,STRAIGHT AND LEVEL,DRY,NO DEFECTS,Y,FAILING TO YIELD RIGHT-OF-WAY,BEAT_117,1,7,0,1,42.13504,-87.427635,29,0,Monday,7,6,Morning_Rush,0,0
2026-07-13 06:55:00,35,CLEAR,DAYLIGHT,ANGLE,ONE-WAY,STRAIGHT AND LEVEL,DRY,NO DEFECTS,Y,IMPROPER OVERTAKING/PASSING,BEAT_114,2,7,0,1,42.086927,-87.465768,29,0,Monday,7,6,Morning_Rush,0,0
2026-07-13 08:01:00,25,SNOW,DAYLIGHT,PEDESTRIAN,ALLEY,STRAIGHT AND LEVEL,WET,NO DEFECTS,Y,DRIVING SKILLS/KNOWLEDGE/EXPERIENCE,BEAT_105,2,7,0,1,41.95282,-87.571057,29,0,Monday,7,8,Morning_Rush,0,0
2026-07-13 12:39:00,25,RAIN,"DARKNESS, LIGHTED ROAD",SIDESWIPE SAME DIRECTION,DIVIDED - W/MEDIAN,STRAIGHT AND LEVEL,ICE,NO DEFECTS,Y,FAILING TO YIELD RIGHT-OF-WAY,BEAT_112,2,7,0,1,42.061837,-87.484675,29,0,Monday,7,12,Midday,0,0
2026-07-13 15:36:00,50,CLEAR,DUSK,ANGLE,ONE-WAY,STRAIGHT AND LEVEL,ICE,NO DEFECTS,N,FAILING TO YIELD RIGHT-OF-WAY,BEAT_111,2,7,0,1,42.047208,-87.503635,29,0,Monday,7,15,Midday,0,0
2026-07-13 19:13:00,25,CLEAR,DAYLIGHT,REAR END,DIVIDED - W/MEDIAN,STRAIGHT ON GRADE,DRY,NO DEFECTS,N,DISREGARDING TRAFFIC SIGNALS,BEAT_107,2,7,0,1,41.981641,-87.543883,29,0,Monday,7,19,Evening_Rush,0,0
2026-07-13 22:56:00,40,RAIN,DAYLIGHT,SIDESWIPE SAME DIRECTION,FOUR WAY INTERSECTION,STRAIGHT AND LEVEL,WET,NO DEFECTS,N,DISREGARDING TRAFFIC SIGNALS,BEAT_109,2,7,0,1,42.012859,-87.523379,29,0,Monday,7,22,Night,0,0
2026-07-13 23:18:00,25,CLEAR,"DARKNESS, LIGHTED ROAD",PARKED MOTOR VEHICLE,NOT DIVIDED,"CURVE, LEVEL",WET,NO DEFECTS,Y,IMPROPER OVERTAKING/PASSING,BEAT_107,2,7,0,1,41.973824,-87.540488,29,0,Monday,7,23,Night,0,0
2026-07-20 01:57:00,30,SNOW,"DARKNESS, LIGHTED ROAD",SIDESWIPE SAME DIRECTION,T-INTERSECTION,STRAIGHT AND LEVEL,WET,NO DEFECTS,N,FOLLOWING TOO CLOSELY,BEAT_119,3,7,1,1,42.161225,-87.40374,30,0,Monday,7,1,Night,0,1
2026-07-20 02:51:00,30,CLEAR,DAYLIGHT,REAR END,ONE-WAY,STRAIGHT AND LEVEL,DRY,"RUT, HOLES",Y,FAILING TO YIELD RIGHT-OF-WAY,BEAT_107,2,7,0,1,41.982129,-87.542199,30,0,Monday,7,2,Night,0,0
2026-07-20 08:03:00,30,CLEAR,DAYLIGHT,TURNING,NOT DIVIDED,STRAIGHT AND LEVEL,DRY,"RUT, HOLES",Y,DRIVING SKILLS/KNOWLEDGE/EXPERIENCE,BEAT_103,2,7,0,1,41.92506,-87.585737,30,0,Monday,7,8,Morning_Rush,0,0
2026-07-20 10:57:00,35,CLEAR,DAYLIGHT,TURNING,DIVIDED - W/MEDIAN,STRAIGHT AND LEVEL,DRY,NO DEFECTS,Y,FOLLOWING TOO CLOSELY,BEAT_117,2,7,0,1,42.137708,-87.424007,30,0,Monday,7,10,Midday,0,0
2026-07-20 11:08:00,20,CLEAR,DAYLIGHT,REAR END,ONE-WAY,STRAIGHT AND LEVEL,DRY,NO DEFECTS,N,DRIVING SKILLS/KNOWLEDGE/EXPERIENCE,BEAT_101,2,7,0,1,41.891501,-87.616677,30,0,Monday,7,11,Midday,0,0
2026-07-20 21:40:00,25,CLEAR,"DARKNESS, LIGHTED ROAD",FIXED OBJECT,NOT DIVIDED,STRAIGHT AND LEVEL,DRY,NO DEFECTS,Y,FOLLOWING TOO CLOSELY,BEAT_118,1,7,0,1,42.144389,-87.413956,30,0,Monday,7,21,Night,0,0
2026-07-20 21:54:00,30,CLEAR,"DARKNESS, LIGHTED ROAD",TURNING,DIVIDED - W/MEDIAN,CURVE ON GRADE,WET,NO DEFECTS,Y,FAILING TO YIELD RIGHT-OF-WAY,BEAT_112,2,7,0,1,42.061859,-87.486071,30,0,Monday,7,21,Night,0,0
2026-07-27 06:28:00,30,SEVERE RAIN,DAYLIGHT,REAR END,NOT DIVIDED,STRAIGHT AND LEVEL,WET,NO DEFECTS,Y,FAILING TO YIELD RIGHT-OF-WAY,BEAT_113,2,7,0,1,42.068575,-87.474554,31,0,Monday,7,6,Morning_Rush,0,0
2026-07-27 06:34:00,35,RAIN,DAYLIGHT,SIDESWIPE SAME DIRECTION,T-INTERSECTION,STRAIGHT AND LEVEL,WET,WORN SURFACE,N,FAILING TO YIELD RIGHT-OF-WAY,BEAT_110,3,7,0,1,42.028515,-87.510478,31,0,Monday,7,6,Morning_Rush,0,0
2026-07-27 07:25:00,30,CLEAR,"DARKNESS, LIGHTED ROAD",ANGLE,ONE-WAY,STRAIGHT AND LEVEL,DRY,NO DEFECTS,N,DRIVING SKILLS/KNOWLEDGE/EXPERIENCE,BEAT_107,4,7,3,1,41.981396,-87.547697,31,0,Monday,7,7,Morning_Rush,0,1
2026-07-27 08:02:00,20,SNOW,DAYLIGHT,REAR END,ONE-WAY,STRAIGHT AND LEVEL,WET,NO DEFECTS,N,WEATHER,BEAT_105,2,7,0,1,41.95986,-87.571191,31,0,Monday,7,8,Morning_Rush,0,0
2026-07-27 09:09:00,40,CLEAR,"DARKNESS, LIGHTED ROAD",REAR END,NOT DIVIDED,"CURVE, LEVEL",DRY,NO DEFECTS,Y,FOLLOWING TOO CLOSELY,BEAT_104,2,7,2,1,41.939308,-87.581751,31,0,Monday,7,9,Morning_Rush,0,1
2026-07-27 09:33:00,35,CLEAR,DAYLIGHT,REAR END,T-INTERSECTION,STRAIGHT AND LEVEL,DRY,NO DEFECTS,N,FAILING TO YIELD RIGHT-OF-WAY,BEAT_115,2,7,0,1,42.100896,-87.451922,31,0,Monday,7,9,Morning_Rush,0,0
2026-07-27 12:46:00,55,CLEAR,DAYLIGHT,PARKED MOTOR VEHICLE,DIVIDED - W/MEDIAN,STRAIGHT AND LEVEL,WET,NO DEFECTS,N,DRIVING SKILLS/KNOWLEDGE/EXPERIENCE,BEAT_119,2,7,0,1,42.164761,-87.399725,31,0,Monday,7,12,Midday,0,0
2026-07-27 13:47:00,30,CLEAR,"DARKNESS, LIGHTED ROAD",PARKED MOTOR VEHICLE,DIVIDED - W/MEDIAN,STRAIGHT AND LEVEL,DRY,"RUT, HOLES",N,DRIVING SKILLS/KNOWLEDGE/EXPERIENCE,BEAT_115,2,7,0,1,42.10175,-87.450516,31,0,Monday,7,13,Midday,0,0
2026-07-27 14:48:00,25,FOG/SMOKE/HAZE,"DARKNESS, LIGHTED ROAD",REAR END,DIVIDED - W/MEDIAN,STRAIGHT AND LEVEL,WET,NO DEFECTS,Y,FAILING TO YIELD RIGHT-OF-WAY,BEAT_118,2,7,0,1,42.14426,-87.408626,31,0,Monday,7,14,Midday,0,0
2026-07-27 17:02:00,40,CLEAR,DAYLIGHT,PARKED MOTOR VEHICLE,DIVIDED - W/MEDIAN,STRAIGHT AND LEVEL,DRY,NO DEFECTS,Y,DISREGARDING TRAFFIC SIGNALS,BEAT_114,2,7,0,1,42.086773,-87.45803,31,0,Monday,7,17,Evening_Rush,0,0
2026-07-27 18:46:00,25,CLEAR,DAYLIGHT,ANGLE,ALLEY,STRAIGHT AND LEVEL,WET,NO DEFECTS,N,WEATHER,BEAT_116,2,7,0,1,42.118133,-87.441587,31,0,Monday,7,18,Evening_Rush,0,0
2026-07-27 20:24:00,35,CLEAR,DAYLIGHT,PEDESTRIAN,ALLEY,STRAIGHT AND LEVEL,DRY,NO DEFECTS,N,DISREGARDING TRAFFIC SIGNALS,BEAT_106,3,7,0,1,41.965629,-87.559945,31,0,Monday,7,20,Night,0,0
2026-08-03 03:51:00,35,CLEAR,DAYLIGHT,SIDESWIPE SAME DIRECTION,NOT DIVIDED,STRAIGHT AND LEVEL,DRY,NO DEFECTS,Y,WEATHER,BEAT_117,3,8,0,1,42.124332,-87.429232,32,0,Monday,8,3,Night,0,0
2026-08-03 05:18:00,35,CLEAR,DAYLIGHT,PEDESTRIAN,DIVIDED - W/MEDIAN,STRAIGHT AND LEVEL,DRY,NO DEFECTS,Y,FAILING TO YIELD RIGHT-OF-WAY,BEAT_112,2,8,0,1,42.058684,-87.487478,32,0,Monday,8,5,Night,0,0
2026-08-03 11:33:00,25,RAIN,"DARKNESS, LIGHTED ROAD",REAR END,NOT DIVIDED,STRAIGHT AND LEVEL,WET,NO DEFECTS,N,FAILING TO YIELD RIGHT-OF-WAY,BEAT_104,3,8,1,1,41.942441,-87.577815,32,0,Monday,8,11,Midday,0,1
2026-08-03 12:11:00,30,CLEAR,DAYLIGHT,PARKED MOTOR VEHICLE,NOT DIVIDED,STRAIGHT AND LEVEL,DRY,NO DEFECTS,Y,FOLLOWING TOO CLOSELY,BEAT_111,2,8,0,1,42.039881,-87.493602,32,0,Monday,8,12,Midday,0,0
2026-08-03 12:22:00,30,CLEAR,DAYLIGHT,SIDESWIPE SAME DIRECTION,DIVIDED - W/MEDIAN,STRAIGHT AND LEVEL,DRY,NO DEFECTS,N,FOLLOWING TOO CLOSELY,BEAT_118,1,8,0,1,42.149385,-87.413569,32,0,Monday,8,12,Midday,0,0
2026-08-03 14:18:00,35,SNOW,"DARKNESS, LIGHTED ROAD",TURNING,FOUR WAY INTERSECTION,STRAIGHT AND LEVEL,WET,NO DEFECTS,Y,DISREGARDING TRAFFIC SIGNALS,BEAT_110,2,8,0,1,42.029136,-87.507523,32,0,Monday,8,14,Midday,0,0
2026-08-03 15:54:00,30,SEVERE RAIN,DAYLIGHT,REAR END,NOT DIVIDED,STRAIGHT AND LEVEL,WET,NO DEFECTS,N,FAILING TO YIELD RIGHT-OF-WAY,BEAT_108,2,8,1,1,41.997867,-87.530824,32,0,Monday,8,15,Midday,0,1
2026-08-03 16:20:00,45,FOG/SMOKE/HAZE,DAYLIGHT,PARKED MOTOR VEHICLE,FOUR WAY INTERSECTION,STRAIGHT AND LEVEL,SNOW OR SLUSH,NO DEFECTS,N,DRIVING SKILLS/KNOWLEDGE/EXPERIENCE,BEAT_103,2,8,0,1,41.921643,-87.594996,32,0,Monday,8,16,Evening_Rush,0,0
2026-08-03 17:41:00,55,CLEAR,"DARKNESS, LIGHTED ROAD",PARKED MOTOR VEHICLE,ONE-WAY,STRAIGHT AND LEVEL,DRY,NO DEFECTS,N,DRIVING SKILLS/KNOWLEDGE/EXPERIENCE,BEAT_118,1,8,0,1,42.148297,-87.411317,32,0,Monday,8,17,Evening_Rush,0,0
2026-08-03 22:48:00,40,CLEAR,DAYLIGHT,SIDESWIPE SAME DIRECTION,FOUR WAY INTERSECTION,STRAIGHT AND LEVEL,DRY,NO DEFECTS,Y,FOLLOWING TOO CLOSELY,BEAT_108,2,8,0,1,41.99632,-87.532133,32,0,Monday,8,22,Night,0,0
2026-08-03 23:11:00,40,CLEAR,DAYLIGHT,FIXED OBJECT,NOT DIVIDED,STRAIGHT AND LEVEL,DRY,SHOULDER DEFECT,Y,DRIVING SKILLS/KNOWLEDGE/EXPERIENCE,BEAT_112,2,8,0,1,42.060589,-87.48186,32,0,Monday,8,23,Night,0,0
2026-08-03 23:28:00,25,RAIN,"DARKNESS, LIGHTED ROAD",FIXED OBJECT,DIVIDED - W/MEDIAN,STRAIGHT AND LEVEL,WET,DEBRIS ON ROAD,Y,FOLLOWING TOO CLOSELY,BEAT_106,2,8,0,1,41.967896,-87.56075,32,0,Monday,8,23,Night,0,0
2026-08-10 04:22:00,25,CLEAR,DAYLIGHT,PARKED MOTOR VEHICLE,DIVIDED - W/MEDIAN,STRAIGHT AND LEVEL,SNOW OR SLUSH,NO DEFECTS,N,WEATHER,BEAT_107,3,8,0,1,41.987534,-87.547355,33,0,Monday,8,4,Night,0,0
2026-08-10 06:53:00,25,CLEAR,DAYLIGHT,REAR END,ONE-WAY,"CURVE, LEVEL",ICE,NO DEFECTS,Y,DISREGARDING TRAFFIC SIGNALS,BEAT_119,1,8,0,1,42.167699,-87.398162,33,0,Monday,8,6,Morning_Rush,0,0
2026-08-10 07:49:00,25,CLEAR,"DARKNESS, LIGHTED ROAD",ANGLE,FOUR WAY INTERSECTION,STRAIGHT AND LEVEL,WET,NO DEFECTS,N,FOLLOWING TOO CLOSELY,BEAT_107,1,8,0,1,41.982403,-87.542703,33,0,Monday,8,7,Morning_Rush,0,0
2026-08-10 07:50:00,50,RAIN,DAWN,SIDESWIPE SAME DIRECTION,NOT DIVIDED,STRAIGHT AND LEVEL,WET,NO DEFECTS,N,DISREGARDING TRAFFIC SIGNALS,BEAT_120,2,8,1,1,42.180942,-87.391913,33,0,Monday,8,7,Morning_Rush,0,1
2026-08-10 10:32:00,40,RAIN,"DARKNESS, LIGHTED ROAD",ANGLE,DIVIDED - W/MEDIAN,STRAIGHT AND LEVEL,SNOW OR SLUSH,NO DEFECTS,N,DRIVING SKILLS/KNOWLEDGE/EXPERIENCE,BEAT_106,2,8,0,1,41.96793,-87.555322,33,0,Monday,8,10,Midday,0,0
2026-08-10 10:40:00,25,CLEAR,DAYLIGHT,SIDESWIPE SAME DIRECTION,FOUR WAY INTERSECTION,STRAIGHT AND LEVEL,DRY,"RUT, HOLES",Y,FOLLOWING TOO CLOSELY,BEAT_120,3,8,0,1,42.176646,-87.38937,33,0,Monday,8,10,Midday,0,0
2026-08-10 15:18:00,20,SNOW,DAYLIGHT,FIXED OBJECT,DIVIDED - W/MEDIAN,STRAIGHT AND LEVEL,WET,NO DEFECTS,N,FOLLOWING TOO CLOSELY,BEAT_116,2,8,0,1,42.123142,-87.433246,33,0,Monday,8,15,Midday,0,0
2026-08-10 16:15:00,25,CLEAR,DAYLIGHT,SIDESWIPE SAME DIRECTION,NOT DIVIDED,STRAIGHT ON GRADE,DRY,NO DEFECTS,Y,WEATHER,BEAT_107,2,8,1,1,41.984559,-87.551648,33,0,Monday,8,16,Evening_Rush,0,1
2026-08-10 19:54:00,25,CLEAR,DAYLIGHT,TURNING,NOT DIVIDED,STRAIGHT AND LEVEL,SNOW OR SLUSH,WORN SURFACE,N,FAILING TO YIELD RIGHT-OF-WAY,BEAT_104,3,8,0,1,41.934862,-87.586221,33,0,Monday,8,19,Evening_Rush,0,0
2026-08-10 20:50:00,30,CLEAR,DARKNESS,REAR END,DIVIDED - W/MEDIAN,STRAIGHT AND LEVEL,WET,NO DEFECTS,Y,WEATHER,BEAT_108,2,8,1,1,42.001594,-87.534062,33,0,Monday,8,20,Night,0,1
2026-08-10 20:54:00,30,CLEAR,DAYLIGHT,PARKED MOTOR VEHICLE,FOUR WAY INTERSECTION,STRAIGHT AND LEVEL,DRY,NO DEFECTS,Y,DRIVING SKILLS/KNOWLEDGE/EXPERIENCE,BEAT_111,2,8,0,1,42.040987,-87.495835,33,0,Monday,8,20,Night,0,0
2026-08-17 01:02:00,40,RAIN,DAYLIGHT,REAR END,DIVIDED - W/MEDIAN,STRAIGHT AND LEVEL,WET,NO DEFECTS,N,IMPROPER OVERTAKING/PASSING,BEAT_111,2,8,1,1,42.044664,-87.497548,34,0,Monday,8,1,Night,0,1
2026-08-17 01:40:00,25,CLEAR,DARKNESS,REAR END,NOT DIVIDED,STRAIGHT AND LEVEL,DRY,NO DEFECTS,N,FOLLOWING TOO CLOSELY,BEAT_111,2,8,0,1,42.042727,-87.498434,34,0,Monday,8,1,Night,0,0
2026-08-17 03:51:00,30,CLEAR,DARKNESS,TURNING,ONE-WAY,STRAIGHT AND LEVEL,DRY,NO DEFECTS,Y,DRIVING SKILLS/KNOWLEDGE/EXPERIENCE,BEAT_104,2,8,1,1,41.936887,-87.579857,34,0,Monday,8,3,Night,0,1
2026-08-17 05:18:00,25,CLEAR,DAYLIGHT,REAR END,NOT DIVIDED,STRAIGHT AND LEVEL,DRY,NO DEFECTS,N,FAILING TO YIELD RIGHT-OF-WAY,BEAT_113,2,8,0,1,42.072046,-87.465746,34,0,Monday,8,5,Night,0,0
2026-08-17 08:17:00,25,RAIN,DAYLIGHT,REAR END,NOT DIVIDED,STRAIGHT AND LEVEL,WET,NO DEFECTS,N,DRIVING SKILLS/KNOWLEDGE/EXPERIENCE,BEAT_109,2,8,0,1,42.007492,-87.517282,34,0,Monday,8,8,Morning_Rush,0,0
2026-08-17 11:06:00,45,RAIN,DAYLIGHT,ANGLE,FOUR WAY INTERSECTION,STRAIGHT AND LEVEL,WET,NO DEFECTS,N,IMPROPER OVERTAKING/PASSING,BEAT_115,2,8,1,1,42.104574,-87.454441,34,0,Monday,8,11,Midday,0,1
2026-08-17 11:08:00,25,RAIN,DAYLIGHT,TURNING,NOT DIVIDED,STRAIGHT AND LEVEL,WET,NO DEFECTS,Y,FAILING TO YIELD RIGHT-OF-WAY,BEAT_109,2,8,0,1,42.013209,-87.523975,34,0,Monday,8,11,Midday,0,0
2026-08-17 11:24:00,30,RAIN,DAYLIGHT,REAR END,DIVIDED - W/MEDIAN,STRAIGHT ON GRADE,WET,NO DEFECTS,Y,FOLLOWING TOO CLOSELY,BEAT_115,2,8,1,1,42.103528,-87.449008,34,0,Monday,8,11,Midday,0,1
2026-08-17 12:43:00,55,RAIN,DAYLIGHT,PARKED MOTOR VEHICLE,NOT DIVIDED,STRAIGHT AND LEVEL,SNOW OR SLUSH,NO DEFECTS,Y,IMPROPER OVERTAKING/PASSING,BEAT_110,2,8,0,1,42.031181,-87.507375,34,0,Monday,8,12,Midday,0,0
2026-08-17 13:05:00,30,RAIN,"DARKNESS, LIGHTED ROAD",PEDESTRIAN,ONE-WAY,STRAIGHT AND LEVEL,SNOW OR SLUSH,NO DEFECTS,Y,PHYSICAL CONDITION OF DRIVER,BEAT_109,2,8,0,1,42.011594,-87.526434,34,0,Monday,8,13,Midday,0,0
2026-08-17 15:54:00,40,CLEAR,"DARKNESS, LIGHTED ROAD",ANGLE,DIVIDED - W/MEDIAN,STRAIGHT AND LEVEL,DRY,NO DEFECTS,Y,FAILING TO YIELD RIGHT-OF-WAY,BEAT_112,2,8,0,1,42.054575,-87.491153,34,0,Monday,8,15,Midday,0,0
2026-08-17 16:27:00,30,CLEAR,"DARKNESS, LIGHTED ROAD",ANGLE,T-INTERSECTION,STRAIGHT AND LEVEL,DRY,NO DEFECTS,N,FAILING TO YIELD RIGHT-OF-WAY,BEAT_116,2,8,0,1,42.122216,-87.435978,34,0,Monday,8,16,Evening_Rush,0,0
2026-08-17 21:16:00,25,RAIN,DAYLIGHT,REAR END,FOUR WAY INTERSECTION,STRAIGHT AND LEVEL,SNOW OR SLUSH,NO DEFECTS,Y,WEATHER,BEAT_104,2,8,0,1,41.94404,-87.582328,34,0,Monday,8,21,Night,0,0
2026-08-17 21:56:00,45,CLEAR,"DARKNESS, LIGHTED ROAD",FIXED OBJECT,ONE-WAY,STRAIGHT AND LEVEL,DRY,NO DEFECTS,Y,FOLLOWING TOO CLOSELY,BEAT_119,3,8,0,1,42.160557,-87.400872,34,0,Monday,8,21,Night,0,0
2026-08-24 01:16:00,40,RAIN,DAYLIGHT,PEDESTRIAN,ONE-WAY,STRAIGHT AND LEVEL,WET,SHOULDER DEFECT,N,DRIVING SKILLS/KNOWLEDGE/EXPERIENCE,BEAT_113,2,8,1,1,42.074865,-87.476977,35,0,Monday,8,1,Night,0,1
2026-08-24 01:25:00,25,CLEAR,DARKNESS,REAR END,DIVIDED - W/MEDIAN,STRAIGHT AND LEVEL,DRY,NO DEFECTS,N,WEATHER,BEAT_115,2,8,0,1,42.104892,-87.444268,35,0,Monday,8,1,Night,0,0
2026-08-24 04:04:00,25,CLEAR,"DARKNESS, LIGHTED ROAD",SIDESWIPE SAME DIRECTION,NOT DIVIDED,STRAIGHT AND LEVEL,DRY,NO DEFECTS,N,DRIVING SKILLS/KNOWLEDGE/EXPERIENCE,BEAT_114,2,8,2,1,42.085202,-87.46244,35,0,Monday,8,4,Night,0,1
2026-08-24 07:36:00,25,SNOW,DUSK,PEDESTRIAN,ONE-WAY,STRAIGHT AND LEVEL,WET,NO DEFECTS,Y,DRIVING SKILLS/KNOWLEDGE/EXPERIENCE,BEAT_117,2,8,1,1,42.128539,-87.42719,35,0,Monday,8,7,Morning_Rush,0,1
2026-08-24 19:28:00,25,CLEAR,DAYLIGHT,REAR END,DIVIDED - W/MEDIAN,STRAIGHT AND LEVEL,DRY,NO DEFECTS,Y,IMPROPER OVERTAKING/PASSING,BEAT_105,2,8,0,1,41.961086,-87.568405,35,0,Monday,8,19,Evening_Rush,0,0
2026-08-24 19:35:00,30,CLEAR,"DARKNESS, LIGHTED ROAD",REAR END,DIVIDED - W/MEDIAN,STRAIGHT AND LEVEL,DRY,NO DEFECTS,Y,FOLLOWING TOO CLOSELY,BEAT_109,2,8,0,1,42.01298,-87.526092,35,0,Monday,8,19,Evening_Rush,0,0
2026-08-24 20:59:00,30,CLEAR,DAYLIGHT,REAR END,DIVIDED - W/MEDIAN,STRAIGHT AND LEVEL,DRY,NO DEFECTS,Y,DRIVING SKILLS/KNOWLEDGE/EXPERIENCE,BEAT_102,2,8,1,1,41.908426,-87.607054,35,0,Monday,8,20,Night,0,1
2026-08-31 05:20:00,35,CLEAR,"DARKNESS, LIGHTED ROAD",SIDESWIPE SAME DIRECTION,FOUR WAY INTERSECTION,STRAIGHT AND LEVEL,DRY,"RUT, HOLES",N,DRIVING SKILLS/KNOWLEDGE/EXPERIENCE,BEAT_108,2,8,0,1,41.997373,-87.532244,36,0,Monday,8,5,Night,0,0
2026-08-31 06:24:00,40,CLEAR,DAYLIGHT,REAR END,DIVIDED - W/MEDIAN,STRAIGHT AND LEVEL,WET,DEBRIS ON ROAD,N,FOLLOWING TOO CLOSELY,BEAT_104,2,8,0,1,41.93387,-87.578951,36,0,Monday,8,6,Morning_Rush,0,0
2026-08-31 10:03:00,25,SEVERE RAIN,DAYLIGHT,REAR END,NOT DIVIDED,STRAIGHT AND LEVEL,SNOW OR SLUSH,NO DEFECTS,N,FOLLOWING TOO CLOSELY,BEAT_115,3,8,1,1,42.106087,-87.444922,36,0,Monday,8,10,Midday,0,1
2026-08-31 12:26:00,25,CLEAR,DAYLIGHT,TURNING,DIVIDED - W/MEDIAN,STRAIGHT AND LEVEL,WET,NO DEFECTS,N,DISREGARDING TRAFFIC SIGNALS,BEAT_106,2,8,0,1,41.967815,-87.560073,36,0,Monday,8,12,Midday,0,0
2026-08-31 13:42:00,35,CLEAR,DAYLIGHT,SIDESWIPE SAME DIRECTION,DIVIDED - W/MEDIAN,STRAIGHT AND LEVEL,DRY,NO DEFECTS,Y,FOLLOWING TOO CLOSELY,BEAT_111,2,8,0,1,42.047317,-87.493687,36,0,Monday,8,13,Midday,0,0
2026-08-31 14:29:00,30,SNOW,DAYLIGHT,REAR END,ONE-WAY,STRAIGHT AND LEVEL,SNOW OR SLUSH,"RUT, HOLES",N,FAILING TO YIELD RIGHT-OF-WAY,BEAT_117,2,8,0,1,42.129744,-87.428538,36,0,Monday,8,14,Midday,0,0
2026-08-31 17:34:00,30,CLEAR,DAYLIGHT,PARKED MOTOR VEHICLE,ALLEY,STRAIGHT AND LEVEL,DRY,NO DEFECTS,Y,FOLLOWING TOO CLOSELY,BEAT_116,1,8,0,1,42.117832,-87.437913,36,0,Monday,8,17,Evening_Rush,0,0
2026-08-31 19:00:00,30,RAIN,"DARKNESS, LIGHTED ROAD",SIDESWIPE SAME DIRECTION,NOT DIVIDED,STRAIGHT AND LEVEL,WET,DEBRIS ON ROAD,N,WEATHER,BEAT_104,2,8,0,1,41.937524,-87.579448,36,0,Monday,8,19,Evening_Rush,0,0
2026-08-31 19:55:00,35,CLEAR,DARKNESS,TURNING,NOT DIVIDED,STRAIGHT AND LEVEL,DRY,SHOULDER DEFECT,N,DISREGARDING TRAFFIC SIGNALS,BEAT_113,3,8,0,1,42.079343,-87.470297,36,0,Monday,8,19,Evening_Rush,0,0
2026-08-31 20:17:00,25,CLEAR,DAYLIGHT,REAR END,ONE-WAY,STRAIGHT AND LEVEL,DRY,NO DEFECTS,N,DISREGARDING TRAFFIC SIGNALS,BEAT_107,2,8,0,1,41.984548,-87.546143,36,0,Monday,8,20,Night,0,0
2026-08-31 21:53:00,35,CLEAR,DARKNESS,TURNING,NOT DIVIDED,STRAIGHT AND LEVEL,DRY,NO DEFECTS,N,FAILING TO YIELD RIGHT-OF-WAY,BEAT_111,2,8,0,1,42.043999,-87.495269,36,0,Monday,8,21,Night,0,0
2026-08-31 21:56:00,25,SNOW,"DARKNESS, LIGHTED ROAD",PEDESTRIAN,DIVIDED - W/MEDIAN,STRAIGHT AND LEVEL,ICE,"RUT, HOLES",Y,PHYSICAL CONDITION OF DRIVER,BEAT_112,3,8,0,1,42.050118,-87.486006,36,0,Monday,8,21,Night,0,0
2026-09-07 01:34:00,30,CLEAR,DAYLIGHT,REAR END,DIVIDED - W/MEDIAN,STRAIGHT AND LEVEL,DRY,NO DEFECTS,N,DRIVING SKILLS/KNOWLEDGE/EXPERIENCE,BEAT_104,2,9,0,1,41.937501,-87.578164,37,0,Monday,9,1,Night,0,0
2026-09-07 02:13:00,25,CLEAR,DAYLIGHT,REAR END,DIVIDED - W/MEDIAN,STRAIGHT AND LEVEL,WET,NO DEFECTS,N,FAILING TO YIELD RIGHT-OF-WAY,BEAT_110,2,9,0,1,42.027649,-87.512335,37,0,Monday,9,2,Night,0,0
2026-09-07 04:56:00,30,RAIN,DAYLIGHT,ANGLE,NOT DIVIDED,STRAIGHT ON GRADE,WET,"RUT, HOLES",Y,FOLLOWING TOO CLOSELY,BEAT_113,2,9,0,1,42.072559,-87.470343,37,0,Monday,9,4,Night,0,0
2026-09-07 05:16:00,30,CLEAR,"DARKNESS, LIGHTED ROAD",ANGLE,FOUR WAY INTERSECTION,STRAIGHT AND LEVEL,WET,NO DEFECTS,Y,FAILING TO YIELD RIGHT-OF-WAY,BEAT_117,2,9,0,1,42.13347,-87.429087,37,0,Monday,9,5,Night,0,0
2026-09-07 10:17:00,30,CLEAR,"DARKNESS, LIGHTED ROAD",SIDESWIPE SAME DIRECTION,NOT DIVIDED,"CURVE, LEVEL",DRY,NO DEFECTS,N,FAILING TO YIELD RIGHT-OF-WAY,BEAT_113,2,9,1,1,42.074392,-87.478227,37,0,Monday,9,10,Midday,0,1
2026-09-07 11:19:00,55,CLEAR,DAYLIGHT,SIDESWIPE SAME DIRECTION,FOUR WAY INTERSECTION,STRAIGHT AND LEVEL,ICE,NO DEFECTS,N,DRIVING SKILLS/KNOWLEDGE/EXPERIENCE,BEAT_119,2,9,0,1,42.15654,-87.398185,37,0,Monday,9,11,Midday,0,0
2026-09-07 12:33:00,25,CLEAR,DAYLIGHT,REAR END,FOUR WAY INTERSECTION,STRAIGHT AND LEVEL,DRY,"RUT, HOLES",Y,WEATHER,BEAT_114,2,9,1,1,42.08682,-87.464608,37,0,Monday,9,12,Midday,0,1
2026-09-07 13:15:00,25,CLEAR,"DARKNESS, LIGHTED ROAD",TURNING,ONE-WAY,STRAIGHT AND LEVEL,WET,NO DEFECTS,N,FAILING TO YIELD RIGHT-OF-WAY,BEAT_114,2,9,0,1,42.093342,-87.469092,37,0,Monday,9,13,Midday,0,0
2026-09-07 13:45:00,35,CLEAR,DAYLIGHT,SIDESWIPE SAME DIRECTION,T-INTERSECTION,STRAIGHT ON GRADE,DRY,NO DEFECTS,N,FAILING TO YIELD RIGHT-OF-WAY,BEAT_118,2,9,0,1,42.146876,-87.416104,37,0,Monday,9,13,Midday,0,0
2026-09-07 13:55:00,25,CLEAR,"DARKNESS, LIGHTED ROAD",REAR END,NOT DIVIDED,"CURVE, LEVEL",WET,NO DEFECTS,Y,FAILING TO YIELD RIGHT-OF-WAY,BEAT_107,1,9,0,1,41.983677,-87.544538,37,0,Monday,9,13,Midday,0,0
2026-09-07 13:57:00,25,RAIN,"DARKNESS, LIGHTED ROAD",SIDESWIPE SAME DIRECTION,NOT DIVIDED,STRAIGHT AND LEVEL,WET,SHOULDER DEFECT,Y,WEATHER,BEAT_103,2,9,1,1,41.926127,-87.592216,37,0,Monday,9,13,Midday,0,1
2026-09-07 16:52:00,25,RAIN,DAYLIGHT,TURNING,DIVIDED - W/MEDIAN,CURVE ON GRADE,WET,NO DEFECTS,Y,WEATHER,BEAT_113,2,9,0,1,42.070006,-87.471795,37,0,Monday,9,16,Evening_Rush,0,0
2026-09-07 18:06:00,35,CLEAR,"DARKNESS, LIGHTED ROAD",ANGLE,DIVIDED - W/MEDIAN,STRAIGHT AND LEVEL,"SAND, MUD, DIRT","RUT, HOLES",Y,DRIVING SKILLS/KNOWLEDGE/EXPERIENCE,BEAT_115,2,9,0,1,42.099791,-87.453875,37,0,Monday,9,18,Evening_Rush,0,0
2026-09-07 18:15:00,25,RAIN,DAYLIGHT,REAR END,NOT DIVIDED,STRAIGHT AND LEVEL,WET,NO DEFECTS,N,DRIVING SKILLS/KNOWLEDGE/EXPERIENCE,BEAT_102,2,9,1,1,41.908257,-87.60554,37,0,Monday,9,18,Evening_Rush,0,1
2026-09-07 20:07:00,30,CLEAR,DARKNESS,FIXED OBJECT,ONE-WAY,STRAIGHT AND LEVEL,SNOW OR SLUSH,NO DEFECTS,Y,DISREGARDING TRAFFIC SIGNALS,BEAT_109,2,9,0,1,42.011586,-87.521265,37,0,Monday,9,20,Night,0,0
2026-09-07 21:28:00,20,CLEAR,DAYLIGHT,SIDESWIPE SAME DIRECTION,ONE-WAY,STRAIGHT AND LEVEL,DRY,NO DEFECTS,N,DRIVING SKILLS/KNOWLEDGE/EXPERIENCE,BEAT_114,2,9,0,1,42.088199,-87.458884,37,0,Monday,9,21,Night,0,0
2026-09-07 22:32:00,30,CLEAR,DAYLIGHT,SIDESWIPE SAME DIRECTION,NOT DIVIDED,STRAIGHT AND LEVEL,DRY,NO DEFECTS,Y,FAILING TO YIELD RIGHT-OF-WAY,BEAT_118,2,9,0,1,42.148023,-87.417634,37,0,Monday,9,22,Night,0,0
2026-09-14 00:03:00,25,CLEAR,DAYLIGHT,ANGLE,DIVIDED - W/MEDIAN,"CURVE, LEVEL",DRY,NO DEFECTS,N,DRIVING SKILLS/KNOWLEDGE/EXPERIENCE,BEAT_114,1,9,0,1,42.086708,-87.46273,38,0,Monday,9,0,Night,0,0
2026-09-14 00:48:00,30,CLEAR,"DARKNESS, LIGHTED ROAD",REAR END,DIVIDED - W/MEDIAN,"CURVE, LEVEL",DRY,NO DEFECTS,N,FOLLOWING TOO CLOSELY,BEAT_115,2,9,1,1,42.098269,-87.445915,38,0,Monday,9,0,Night,0,1
2026-09-14 06:20:00,30,CLEAR,"DARKNESS, LIGHTED ROAD",REAR END,T-INTERSECTION,"CURVE, LEVEL",DRY,NO DEFECTS,Y,FAILING TO YIELD RIGHT-OF-WAY,BEAT_101,2,9,0,1,41.888476,-87.615773,38,0,Monday,9,6,Morning_Rush,0,0
2026-09-14 16:04:00,45,CLEAR,"DARKNESS, LIGHTED ROAD",ANGLE,DIVIDED - W/MEDIAN,STRAIGHT AND LEVEL,DRY,NO DEFECTS,N,IMPROPER OVERTAKING/PASSING,BEAT_118,2,9,0,1,42.14718,-87.411366,38,0,Monday,9,16,Evening_Rush,0,0
2026-09-14 16:15:00,35,CLEAR,DAWN,FIXED OBJECT,T-INTERSECTION,"CURVE, LEVEL",DRY,NO DEFECTS,N,FAILING TO YIELD RIGHT-OF-WAY,BEAT_109,2,9,0,1,42.01536,-87.521399,38,0,Monday,9,16,Evening_Rush,0,0
2026-09-14 21:00:00,25,RAIN,DAYLIGHT,PEDESTRIAN,DIVIDED - W/MEDIAN,STRAIGHT AND LEVEL,WET,NO DEFECTS,Y,FOLLOWING TOO CLOSELY,BEAT_119,2,9,1,1,42.161099,-87.406131,38,0,Monday,9,21,Night,0,1
2026-09-14 23:23:00,25,RAIN,"DARKNESS, LIGHTED ROAD",ANGLE,NOT DIVIDED,STRAIGHT AND LEVEL,WET,"RUT, HOLES",N,FOLLOWING TOO CLOSELY,BEAT_104,2,9,0,1,41.9361,-87.586904,38,0,Monday,9,23,Night,0,0
2026-09-14 23:32:00,55,CLEAR,DAYLIGHT,REAR END,NOT DIVIDED,STRAIGHT AND LEVEL,DRY,"RUT, HOLES",Y,FOLLOWING TOO CLOSELY,BEAT_105,2,9,1,1,41.955157,-87.568649,38,0,Monday,9,23,Night,0,1
2026-09-14 23:53:00,50,CLEAR,"DARKNESS, LIGHTED ROAD",SIDESWIPE SAME DIRECTION,FOUR WAY INTERSECTION,"CURVE, LEVEL",DRY,NO DEFECTS,N,FOLLOWING TOO CLOSELY,BEAT_120,2,9,0,1,42.174656,-87.387278,38,0,Monday,9,23,Night,0,0
2026-09-21 06:36:00,25,FOG/SMOKE/HAZE,DAYLIGHT,ANGLE,NOT DIVIDED,CURVE ON GRADE,WET,NO DEFECTS,Y,FOLLOWING TOO CLOSELY,BEAT_105,3,9,0,1,41.948382,-87.567528,39,0,Monday,9,6,Morning_Rush,0,0
2026-09-21 09:33:00,30,FOG/SMOKE/HAZE,DAYLIGHT,SIDESWIPE SAME DIRECTION,FOUR WAY INTERSECTION,"CURVE, LEVEL",WET,NO DEFECTS,N,WEATHER,BEAT_109,2,9,0,1,42.012144,-87.524889,39,0,Monday,9,9,Morning_Rush,0,0
2026-09-21 09:45:00,25,CLEAR,DAYLIGHT,REAR END,FOUR WAY INTERSECTION,STRAIGHT AND LEVEL,DRY,NO DEFECTS,N,FAILING TO YIELD RIGHT-OF-WAY,BEAT_119,1,9,0,1,42.16264,-87.402064,39,0,Monday,9,9,Morning_Rush,0,0
2026-09-21 12:07:00,30,CLEAR,"DARKNESS, LIGHTED ROAD",REAR END,FOUR WAY INTERSECTION,STRAIGHT AND LEVEL,DRY,NO DEFECTS,N,DISREGARDING TRAFFIC SIGNALS,BEAT_102,2,9,0,1,41.904014,-87.604602,39,0,Monday,9,12,Midday,0,0
2026-09-21 20:59:00,25,RAIN,DAYLIGHT,ANGLE,NOT DIVIDED,STRAIGHT AND LEVEL,WET,NO DEFECTS,N,FAILING TO YIELD RIGHT-OF-WAY,BEAT_112,2,9,0,1,42.057957,-87.484244,39,0,Monday,9,20,Night,0,0
2026-09-28 00:06:00,50,CLEAR,"DARKNESS, LIGHTED ROAD",SIDESWIPE SAME DIRECTION,ONE-WAY,STRAIGHT AND LEVEL,DRY,NO DEFECTS,N,DISREGARDING TRAFFIC SIGNALS,BEAT_119,2,9,0,1,42.161225,-87.40264,40,0,Monday,9,0,Night,0,0
2026-09-28 00:15:00,25,SEVERE RAIN,DAYLIGHT,SIDESWIPE SAME DIRECTION,ONE-WAY,STRAIGHT AND LEVEL,ICE,NO DEFECTS,N,WEATHER,BEAT_111,2,9,1,1,42.04134,-87.498358,40,0,Monday,9,0,Night,0,1
2026-09-28 01:03:00,20,FOG/SMOKE/HAZE,DAYLIGHT,SIDESWIPE SAME DIRECTION,ONE-WAY,STRAIGHT AND LEVEL,WET,NO DEFECTS,Y,FAILING TO YIELD RIGHT-OF-WAY,BEAT_117,2,9,0,1,42.131805,-87.41937,40,0,Monday,9,1,Night,0,0
2026-09-28 01:10:00,25,CLEAR,DAYLIGHT,REAR END,ALLEY,STRAIGHT AND LEVEL,DRY,NO DEFECTS,N,IMPROPER OVERTAKING/PASSING,BEAT_101,3,9,1,1,41.890684,-87.614569,40,0,Monday,9,1,Night,0,1
2026-09-28 03:17:00,40,CLEAR,DAYLIGHT,REAR END,ONE-WAY,STRAIGHT AND LEVEL,DRY,NO DEFECTS,Y,FAILING TO YIELD RIGHT-OF-WAY,BEAT_115,2,9,1,1,42.101793,-87.456167,40,0,Monday,9,3,Night,0,1
2026-09-28 03:33:00,25,CLEAR,"DARKNESS, LIGHTED ROAD",TURNING,NOT DIVIDED,STRAIGHT AND LEVEL,DRY,NO DEFECTS,Y,FAILING TO YIELD RIGHT-OF-WAY,BEAT_103,2,9,0,1,41.921148,-87.595134,40,0,Monday,9,3,Night,0,0
2026-09-28 09:33:00,40,RAIN,"DARKNESS, LIGHTED ROAD",REAR END,ONE-WAY,STRAIGHT AND LEVEL,ICE,NO DEFECTS,Y,WEATHER,BEAT_115,2,9,1,1,42.102068,-87.446547,40,0,Monday,9,9,Morning_Rush,0,1
2026-09-28 10:23:00,25,RAIN,DAYLIGHT,PARKED MOTOR VEHICLE,DIVIDED - W/MEDIAN,STRAIGHT AND LEVEL,WET,NO DEFECTS,Y,FAILING TO YIELD RIGHT-OF-WAY,BEAT_103,3,9,0,1,41.921099,-87.594426,40,0,Monday,9,10,Midday,0,0
2026-09-28 10:51:00,50,CLEAR,DAYLIGHT,SIDESWIPE SAME DIRECTION,FOUR WAY INTERSECTION,STRAIGHT AND LEVEL,DRY,DEBRIS ON ROAD,N,DISREGARDING TRAFFIC SIGNALS,BEAT_105,3,9,0,1,41.952029,-87.568991,40,0,Monday,9,10,Midday,0,0
2026-09-28 11:15:00,25,CLEAR,DAYLIGHT,PARKED MOTOR VEHICLE,NOT DIVIDED,STRAIGHT AND LEVEL,DRY,NO DEFECTS,Y,PHYSICAL CONDITION OF DRIVER,BEAT_108,2,9,1,1,41.996843,-87.535245,40,0,Monday,9,11,Midday,0,1
2026-09-28 11:45:00,25,CLEAR,DAYLIGHT,PARKED MOTOR VEHICLE,NOT DIVIDED,STRAIGHT AND LEVEL,DRY,NO DEFECTS,N,FOLLOWING TOO CLOSELY,BEAT_111,2,9,0,1,42.041648,-87.495386,40,0,Monday,9,11,Midday,0,0
2026-09-28 12:33:00,30,CLEAR,DAYLIGHT,PARKED MOTOR VEHICLE,DIVIDED - W/MEDIAN,STRAIGHT AND LEVEL,DRY,NO DEFECTS,N,FOLLOWING TOO CLOSELY,BEAT_106,2,9,0,1,41.965146,-87.555705,40,0,Monday,9,12,Midday,0,0
2026-09-28 12:45:00,30,RAIN,"DARKNESS, LIGHTED ROAD",TURNING,FOUR WAY INTERSECTION,STRAIGHT AND LEVEL,SNOW OR SLUSH,WORN SURFACE,N,FOLLOWING TOO CLOSELY,BEAT_105,2,9,1,1,41.952309,-87.569579,40,0,Monday,9,12,Midday,0,1
2026-09-28 12:51:00,25,CLEAR,DAYLIGHT,ANGLE,NOT DIVIDED,STRAIGHT AND LEVEL,DRY,NO DEFECTS,Y,DRIVING SKILLS/KNOWLEDGE/EXPERIENCE,BEAT_110,2,9,0,1,42.024053,-87.510725,40,0,Monday,9,12,Midday,0,0
2026-09-28 16:53:00,30,CLEAR,"DARKNESS, LIGHTED ROAD",SIDESWIPE SAME DIRECTION,T-INTERSECTION,STRAIGHT AND LEVEL,DRY,NO DEFECTS,Y,FAILING TO YIELD RIGHT-OF-WAY,BEAT_113,2,9,1,1,42.073844,-87.472079,40,0,Monday,9,16,Evening_Rush,0,1
2026-09-28 19:19:00,45,CLEAR,"DARKNESS, LIGHTED ROAD",TURNING,DIVIDED - W/MEDIAN,STRAIGHT AND LEVEL,WET,NO DEFECTS,Y,FAILING TO YIELD RIGHT-OF-WAY,BEAT_117,2,9,1,1,42.133767,-87.424639,40,0,Monday,9,19,Evening_Rush,0,1
2026-09-28 22:20:00,55,CLEAR,DUSK,TURNING,ONE-WAY,STRAIGHT AND LEVEL,DRY,WORN SURFACE,Y,FAILING TO YIELD RIGHT-OF-WAY,BEAT_107,2,9,0,1,41.982706,-87.544552,40,0,Monday,9,22,Night,0,0
2026-09-28 23:39:00,25,CLEAR,DAYLIGHT,REAR END,DIVIDED - W/MEDIAN,STRAIGHT AND LEVEL,DRY,NO DEFECTS,N,DRIVING SKILLS/KNOWLEDGE/EXPERIENCE,BEAT_116,2,9,0,1,42.118658,-87.435891,40,0,Monday,9,23,Night,0,0
2026-10-05 02:19:00,25,RAIN,DAYLIGHT,SIDESWIPE SAME DIRECTION,DIVIDED - W/MEDIAN,STRAIGHT AND LEVEL,WET,NO DEFECTS,Y,DRIVING SKILLS/KNOWLEDGE/EXPERIENCE,BEAT_105,2,10,0,1,41.954966,-87.573633,41,0,Monday,10,2,Night,0,0
2026-10-05 02:54:00,40,SEVERE RAIN,"DARKNESS, LIGHTED ROAD",PARKED MOTOR VEHICLE,ONE-WAY,CURVE ON GRADE,WET,NO DEFECTS,N,DISREGARDING TRAFFIC SIGNALS,BEAT_120,3,10,0,1,42.179233,-87.388469,41,0,Monday,10,2,Night,0,0
2026-10-05 03:04:00,25,CLEAR,DAYLIGHT,SIDESWIPE SAME DIRECTION,FOUR WAY INTERSECTION,STRAIGHT AND LEVEL,WET,NO DEFECTS,Y,DRIVING SKILLS/KNOWLEDGE/EXPERIENCE,BEAT_105,2,10,0,1,41.960999,-87.575217,41,0,Monday,10,3,Night,0,0
2026-10-05 03:33:00,25,CLEAR,DAYLIGHT,TURNING,NOT DIVIDED,STRAIGHT ON GRADE,DRY,"RUT, HOLES",Y,PHYSICAL CONDITION OF DRIVER,BEAT_113,1,10,0,1,42.072412,-87.47393,41,0,Monday,10,3,Night,0,0
2026-10-05 05:55:00,30,RAIN,DAYLIGHT,ANGLE,NOT DIVIDED,CURVE ON GRADE,WET,NO DEFECTS,N,FAILING TO YIELD RIGHT-OF-WAY,BEAT_105,1,10,0,1,41.951007,-87.57296,41,0,Monday,10,5,Night,0,0
2026-10-05 07:55:00,25,CLEAR,DAYLIGHT,TURNING,NOT DIVIDED,STRAIGHT AND LEVEL,SNOW OR SLUSH,NO DEFECTS,Y,DRIVING SKILLS/KNOWLEDGE/EXPERIENCE,BEAT_118,4,10,0,1,42.151253,-87.414244,41,0,Monday,10,7,Morning_Rush,0,0
2026-10-05 10:20:00,30,SEVERE RAIN,DAYLIGHT,TURNING,ONE-WAY,STRAIGHT AND LEVEL,WET,WORN SURFACE,N,DRIVING SKILLS/KNOWLEDGE/EXPERIENCE,BEAT_108,2,10,0,1,41.994431,-87.53364,41,0,Monday,10,10,Midday,0,0
2026-10-05 13:38:00,25,CLEAR,DAYLIGHT,SIDESWIPE SAME DIRECTION,DIVIDED - W/MEDIAN,STRAIGHT AND LEVEL,DRY,NO DEFECTS,Y,WEATHER,BEAT_106,1,10,1,1,41.971117,-87.557927,41,0,Monday,10,13,Midday,0,1
2026-10-05 13:42:00,35,CLEAR,DAYLIGHT,SIDESWIPE SAME DIRECTION,T-INTERSECTION,STRAIGHT AND LEVEL,DRY,NO DEFECTS,Y,DRIVING SKILLS/KNOWLEDGE/EXPERIENCE,BEAT_119,3,10,0,1,42.166322,-87.405881,41,0,Monday,10,13,Midday,0,0
2026-10-05 14:01:00,25,RAIN,DAYLIGHT,SIDESWIPE SAME DIRECTION,ONE-WAY,STRAIGHT ON GRADE,WET,NO DEFECTS,N,FOLLOWING TOO CLOSELY,BEAT_120,2,10,0,1,42.178097,-87.391107,41,0,Monday,10,14,Midday,0,0
2026-10-05 17:21:00,30,CLEAR,DAYLIGHT,PARKED MOTOR VEHICLE,ALLEY,STRAIGHT AND LEVEL,DRY,NO DEFECTS,N,WEATHER,BEAT_103,2,10,0,1,41.922979,-87.593895,41,0,Monday,10,17,Evening_Rush,0,0
2026-10-05 18:22:00,30,CLEAR,DAYLIGHT,ANGLE,ONE-WAY,STRAIGHT AND LEVEL,DRY,NO DEFECTS,N,FOLLOWING TOO CLOSELY,BEAT_116,1,10,0,1,42.115701,-87.438543,41,0,Monday,10,18,Evening_Rush,0,0
2026-10-05 21:45:00,25,SEVERE RAIN,DAYLIGHT,SIDESWIPE SAME DIRECTION,ONE-WAY,STRAIGHT AND LEVEL,SNOW OR SLUSH,NO DEFECTS,Y,DRIVING SKILLS/KNOWLEDGE/EXPERIENCE,BEAT_104,3,10,2,1,41.942015,-87.581394,41,0,Monday,10,21,Night,0,1
2026-10-05 22:03:00,30,CLEAR,DAYLIGHT,SIDESWIPE SAME DIRECTION,ONE-WAY,CURVE ON GRADE,SNOW OR SLUSH,NO DEFECTS,Y,FAILING TO YIELD RIGHT-OF-WAY,BEAT_113,2,10,0,1,42.078641,-87.470914,41,0,Monday,10,22,Night,0,0
2026-10-05 22:16:00,30,CLEAR,DAYLIGHT,ANGLE,DIVIDED - W/MEDIAN,STRAIGHT AND LEVEL,DRY,NO DEFECTS,N,PHYSICAL CONDITION OF DRIVER,BEAT_106,2,10,0,1,41.969156,-87.559732,41,0,Monday,10,22,Night,0,0
2026-10-12 00:43:00,30,CLEAR,DAYLIGHT,ANGLE,NOT DIVIDED,STRAIGHT AND LEVEL,DRY,NO DEFECTS,Y,WEATHER,BEAT_114,2,10,0,1,42.088024,-87.459682,42,0,Monday,10,0,Night,0,0
2026-10-12 00:59:00,25,CLEAR,DAWN,REAR END,DIVIDED - W/MEDIAN,STRAIGHT AND LEVEL,DRY,NO DEFECTS,Y,FOLLOWING TOO CLOSELY,BEAT_118,2,10,0,1,42.146945,-87.409493,42,0,Monday,10,0,Night,0,0
2026-10-12 01:13:00,30,CLEAR,"DARKNESS, LIGHTED ROAD",ANGLE,DIVIDED - W/MEDIAN,STRAIGHT AND LEVEL,DRY,NO DEFECTS,N,FAILING TO YIELD RIGHT-OF-WAY,BEAT_101,1,10,0,1,41.891282,-87.621159,42,0,Monday,10,1,Night,0,0
2026-10-12 01:27:00,25,CLEAR,DAYLIGHT,REAR END,NOT DIVIDED,STRAIGHT AND LEVEL,SNOW OR SLUSH,NO DEFECTS,N,FOLLOWING TOO CLOSELY,BEAT_104,2,10,1,1,41.932557,-87.57584,42,0,Monday,10,1,Night,0,1
2026-10-12 03:13:00,30,CLEAR,DAYLIGHT,TURNING,FOUR WAY INTERSECTION,STRAIGHT AND LEVEL,WET,NO DEFECTS,N,FAILING TO YIELD RIGHT-OF-WAY,BEAT_110,2,10,0,1,42.024089,-87.509835,42,0,Monday,10,3,Night,0,0
2026-10-12 03:49:00,25,CLEAR,DAYLIGHT,REAR END,DIVIDED - W/MEDIAN,"CURVE, LEVEL",DRY,NO DEFECTS,Y,FOLLOWING TOO CLOSELY,BEAT_108,1,10,1,1,41.996046,-87.532974,42,0,Monday,10,3,Night,0,1
2026-10-12 06:03:00,25,CLEAR,DARKNESS,ANGLE,NOT DIVIDED,STRAIGHT ON GRADE,DRY,NO DEFECTS,N,FAILING TO YIELD RIGHT-OF-WAY,BEAT_107,1,10,0,1,41.980985,-87.548665,42,0,Monday,10,6,Morning_Rush,0,0
2026-10-12 07:33:00,30,CLEAR,"DARKNESS, LIGHTED ROAD",PARKED MOTOR VEHICLE,NOT DIVIDED,STRAIGHT AND LEVEL,DRY,"RUT, HOLES",Y,DISREGARDING TRAFFIC SIGNALS,BEAT_116,2,10,0,1,42.11758,-87.437277,42,0,Monday,10,7,Morning_Rush,0,0
2026-10-12 09:17:00,25,CLEAR,DAYLIGHT,REAR END,T-INTERSECTION,STRAIGHT AND LEVEL,DRY,WORN SURFACE,N,WEATHER,BEAT_104,2,10,0,1,41.932851,-87.585433,42,0,Monday,10,9,Morning_Rush,0,0
2026-10-12 09:49:00,35,FOG/SMOKE/HAZE,"DARKNESS, LIGHTED ROAD",SIDESWIPE SAME DIRECTION,DIVIDED - W/MEDIAN,STRAIGHT AND LEVEL,WET,NO DEFECTS,N,WEATHER,BEAT_116,2,10,0,1,42.116177,-87.436545,42,0,Monday,10,9,Morning_Rush,0,0
2026-10-12 17:13:00,25,CLEAR,DAYLIGHT,TURNING,ONE-WAY,STRAIGHT AND LEVEL,DRY,NO DEFECTS,N,FAILING TO YIELD RIGHT-OF-WAY,BEAT_102,2,10,0,1,41.912983,-87.605951,42,0,Monday,10,17,Evening_Rush,0,0
2026-10-12 18:01:00,30,CLEAR,"DARKNESS, LIGHTED ROAD",ANGLE,NOT DIVIDED,STRAIGHT AND LEVEL,WET,NO DEFECTS,Y,FAILING TO YIELD RIGHT-OF-WAY,BEAT_109,2,10,0,1,42.014365,-87.528589,42,0,Monday,10,18,Evening_Rush,0,0
2026-10-12 18:20:00,30,CLEAR,DAWN,REAR END,ONE-WAY,STRAIGHT AND LEVEL,DRY,NO DEFECTS,N,DRIVING SKILLS/KNOWLEDGE/EXPERIENCE,BEAT_119,2,10,0,1,42.164359,-87.403006,42,0,Monday,10,18,Evening_Rush,0,0
2026-10-19 00:01:00,25,CLEAR,DAYLIGHT,REAR END,DIVIDED - W/MEDIAN,STRAIGHT AND LEVEL,DRY,NO DEFECTS,N,FAILING TO YIELD RIGHT-OF-WAY,BEAT_106,2,10,0,1,41.96253,-87.559312,43,0,Monday,10,0,Night,0,0
2026-10-19 00:28:00,30,CLEAR,"DARKNESS, LIGHTED ROAD",SIDESWIPE SAME DIRECTION,DIVIDED - W/MEDIAN,STRAIGHT AND LEVEL,DRY,NO DEFECTS,N,DRIVING SKILLS/KNOWLEDGE/EXPERIENCE,BEAT_108,4,10,0,1,41.999789,-87.531297,43,0,Monday,10,0,Night,0,0
2026-10-19 00:29:00,35,CLEAR,DAYLIGHT,PARKED MOTOR VEHICLE,FOUR WAY INTERSECTION,STRAIGHT AND LEVEL,DRY,NO DEFECTS,N,FAILING TO YIELD RIGHT-OF-WAY,BEAT_111,2,10,0,1,42.045133,-87.499732,43,0,Monday,10,0,Night,0,0
2026-10-19 01:34:00,30,CLEAR,"DARKNESS, LIGHTED ROAD",ANGLE,NOT DIVIDED,STRAIGHT AND LEVEL,DRY,WORN SURFACE,Y,FAILING TO YIELD RIGHT-OF-WAY,BEAT_107,2,10,1,1,41.984691,-87.542825,43,0,Monday,10,1,Night,0,1
2026-10-19 06:15:00,40,CLEAR,DAYLIGHT,TURNING,DIVIDED - W/MEDIAN,STRAIGHT AND LEVEL,SNOW OR SLUSH,NO DEFECTS,Y,FOLLOWING TOO CLOSELY,BEAT_106,2,10,0,1,41.963582,-87.554233,43,0,Monday,10,6,Morning_Rush,0,0
2026-10-19 06:35:00,40,SEVERE RAIN,DAYLIGHT,ANGLE,FOUR WAY INTERSECTION,STRAIGHT AND LEVEL,WET,"RUT, HOLES",Y,FOLLOWING TOO CLOSELY,BEAT_111,2,10,1,1,42.043154,-87.489706,43,0,Monday,10,6,Morning_Rush,0,1
2026-10-19 06:58:00,30,CLEAR,DAYLIGHT,SIDESWIPE SAME DIRECTION,NOT DIVIDED,STRAIGHT AND LEVEL,DRY,"RUT, HOLES",N,WEATHER,BEAT_118,1,10,0,1,42.145639,-87.411131,43,0,Monday,10,6,Morning_Rush,0,0
2026-10-19 07:39:00,35,CLEAR,DAYLIGHT,ANGLE,FOUR WAY INTERSECTION,STRAIGHT AND LEVEL,DRY,NO DEFECTS,Y,FOLLOWING TOO CLOSELY,BEAT_116,3,10,0,1,42.11912,-87.438683,43,0,Monday,10,7,Morning_Rush,0,0
2026-10-19 09:06:00,25,CLEAR,DARKNESS,TURNING,NOT DIVIDED,STRAIGHT AND LEVEL,DRY,NO DEFECTS,N,FAILING TO YIELD RIGHT-OF-WAY,BEAT_104,1,10,0,1,41.938941,-87.583758,43,0,Monday,10,9,Morning_Rush,0,0
2026-10-19 09:38:00,30,RAIN,"DARKNESS, LIGHTED ROAD",REAR END,NOT DIVIDED,STRAIGHT AND LEVEL,SNOW OR SLUSH,NO DEFECTS,N,FOLLOWING TOO CLOSELY,BEAT_101,2,10,0,1,41.895419,-87.616523,43,0,Monday,10,9,Morning_Rush,0,0
2026-10-19 09:54:00,25,CLEAR,DAYLIGHT,TURNING,FOUR WAY INTERSECTION,STRAIGHT AND LEVEL,DRY,NO DEFECTS,N,DISREGARDING TRAFFIC SIGNALS,BEAT_103,3,10,0,1,41.922548,-87.592283,43,0,Monday,10,9,Morning_Rush,0,0
2026-10-19 09:55:00,40,CLEAR,DAYLIGHT,PEDESTRIAN,NOT DIVIDED,"CURVE, LEVEL",DRY,NO DEFECTS,N,WEATHER,BEAT_111,2,10,0,1,42.042494,-87.498198,43,0,Monday,10,9,Morning_Rush,0,0
2026-10-19 11:46:00,25,RAIN,DAYLIGHT,REAR END,ONE-WAY,STRAIGHT AND LEVEL,WET,NO DEFECTS,N,FOLLOWING TOO CLOSELY,BEAT_113,3,10,0,1,42.067941,-87.474693,43,0,Monday,10,11,Midday,0,0
2026-10-19 20:25:00,30,CLEAR,DAYLIGHT,SIDESWIPE SAME DIRECTION,DIVIDED - W/MEDIAN,STRAIGHT AND LEVEL,DRY,SHOULDER DEFECT,N,WEATHER,BEAT_115,2,10,0,1,42.103356,-87.448721,43,0,Monday,10,20,Night,0,0
2026-10-19 23:40:00,25,CLEAR,DAYLIGHT,REAR END,DIVIDED - W/MEDIAN,STRAIGHT AND LEVEL,WET,WORN SURFACE,Y,PHYSICAL CONDITION OF DRIVER,BEAT_118,2,10,0,1,42.147581,-87.413456,43,0,Monday,10,23,Night,0,0
2026-10-19 23:52:00,25,RAIN,"DARKNESS, LIGHTED ROAD",REAR END,DIVIDED - W/MEDIAN,STRAIGHT ON GRADE,WET,NO DEFECTS,Y,FOLLOWING TOO CLOSELY,BEAT_106,4,10,0,1,41.965419,-87.560036,43,0,Monday,10,23,Night,0,0
2026-10-26 00:43:00,35,CLEAR,DAYLIGHT,TURNING,DIVIDED - W/MEDIAN,STRAIGHT AND LEVEL,DRY,"RUT, HOLES",N,DRIVING SKILLS/KNOWLEDGE/EXPERIENCE,BEAT_105,2,10,0,1,41.950615,-87.563952,44,0,Monday,10,0,Night,0,0
2026-10-26 00:44:00,40,CLEAR,DAWN,REAR END,DIVIDED - W/MEDIAN,"CURVE, LEVEL",DRY,NO DEFECTS,N,WEATHER,BEAT_120,2,10,0,1,42.174027,-87.387934,44,0,Monday,10,0,Night,0,0
2026-10-26 03:35:00,25,CLEAR,DAYLIGHT,REAR END,T-INTERSECTION,STRAIGHT AND LEVEL,DRY,NO DEFECTS,N,FAILING TO YIELD RIGHT-OF-WAY,BEAT_105,2,10,0,1,41.951016,-87.572557,44,0,Monday,10,3,Night,0,0
2026-10-26 03:41:00,30,RAIN,DAYLIGHT,TURNING,ONE-WAY,STRAIGHT AND LEVEL,WET,NO DEFECTS,N,DRIVING SKILLS/KNOWLEDGE/EXPERIENCE,BEAT_101,2,10,0,1,41.893925,-87.617187,44,0,Monday,10,3,Night,0,0
2026-10-26 05:19:00,25,CLEAR,DAYLIGHT,SIDESWIPE SAME DIRECTION,NOT DIVIDED,STRAIGHT AND LEVEL,DRY,NO DEFECTS,Y,DRIVING SKILLS/KNOWLEDGE/EXPERIENCE,BEAT_113,2,10,1,1,42.071185,-87.479374,44,0,Monday,10,5,Night,0,1
2026-10-26 06:08:00,25,CLEAR,DAYLIGHT,REAR END,ONE-WAY,STRAIGHT AND LEVEL,WET,NO DEFECTS,N,FOLLOWING TOO CLOSELY,BEAT_106,3,10,0,1,41.967713,-87.560355,44,0,Monday,10,6,Morning_Rush,0,0
2026-10-26 06:08:00,25,RAIN,"DARKNESS, LIGHTED ROAD",REAR END,DIVIDED - W/MEDIAN,STRAIGHT AND LEVEL,SNOW OR SLUSH,"RUT, HOLES",N,FOLLOWING TOO CLOSELY,BEAT_114,2,10,1,1,42.094118,-87.460525,44,0,Monday,10,6,Morning_Rush,0,1
2026-10-26 06:48:00,35,RAIN,DAYLIGHT,ANGLE,DIVIDED - W/MEDIAN,STRAIGHT AND LEVEL,WET,NO DEFECTS,N,FOLLOWING TOO CLOSELY,BEAT_109,2,10,0,1,42.015532,-87.519098,44,0,Monday,10,6,Morning_Rush,0,0
2026-10-26 07:53:00,25,RAIN,DAYLIGHT,ANGLE,NOT DIVIDED,STRAIGHT AND LEVEL,WET,NO DEFECTS,N,FAILING TO YIELD RIGHT-OF-WAY,BEAT_110,2,10,0,1,42.029118,-87.507601,44,0,Monday,10,7,Morning_Rush,0,0
2026-10-26 09:16:00,30,CLEAR,DAYLIGHT,PARKED MOTOR VEHICLE,ONE-WAY,STRAIGHT AND LEVEL,DRY,NO DEFECTS,N,DRIVING SKILLS/KNOWLEDGE/EXPERIENCE,BEAT_102,2,10,0,1,41.904114,-87.6033,44,0,Monday,10,9,Morning_Rush,0,0
2026-10-26 12:42:00,40,CLEAR,DAYLIGHT,REAR END,DIVIDED - W/MEDIAN,STRAIGHT AND LEVEL,DRY,NO DEFECTS,N,PHYSICAL CONDITION OF DRIVER,BEAT_109,2,10,0,1,42.015187,-87.524104,44,0,Monday,10,12,Midday,0,0
2026-10-26 16:04:00,25,CLEAR,DAYLIGHT,ANGLE,DIVIDED - W/MEDIAN,STRAIGHT AND LEVEL,SNOW OR SLUSH,NO DEFECTS,N,FAILING TO YIELD RIGHT-OF-WAY,BEAT_101,2,10,0,1,41.89806,-87.619712,44,0,Monday,10,16,Evening_Rush,0,0
2026-10-26 16:58:00,25,CLEAR,"DARKNESS, LIGHTED ROAD",ANGLE,DIVIDED - W/MEDIAN,STRAIGHT AND LEVEL,DRY,NO DEFECTS,N,IMPROPER OVERTAKING/PASSING,BEAT_112,3,10,0,1,42.054448,-87.480072,44,0,Monday,10,16,Evening_Rush,0,0
2026-10-26 17:24:00,40,CLEAR,DAYLIGHT,TURNING,NOT DIVIDED,STRAIGHT AND LEVEL,DRY,NO DEFECTS,Y,FAILING TO YIELD RIGHT-OF-WAY,BEAT_119,2,10,0,1,42.167607,-87.402085,44,0,Monday,10,17,Evening_Rush,0,0
2026-10-26 18:38:00,55,CLEAR,"DARKNESS, LIGHTED ROAD",REAR END,NOT DIVIDED,STRAIGHT AND LEVEL,DRY,NO DEFECTS,Y,DRIVING SKILLS/KNOWLEDGE/EXPERIENCE,BEAT_102,2,10,0,1,41.908994,-87.603463,44,0,Monday,10,18,Evening_Rush,0,0
2026-10-26 22:17:00,40,CLEAR,"DARKNESS, LIGHTED ROAD",REAR END,ONE-WAY,STRAIGHT AND LEVEL,DRY,NO DEFECTS,N,FAILING TO YIELD RIGHT-OF-WAY,BEAT_104,2,10,0,1,41.937686,-87.582645,44,0,Monday,10,22,Night,0,0
2026-11-02 00:28:00,40,CLEAR,DAYLIGHT,TURNING,FOUR WAY INTERSECTION,STRAIGHT AND LEVEL,WET,WORN SURFACE,Y,DISREGARDING TRAFFIC SIGNALS,BEAT_119,2,11,0,1,42.161365,-87.399527,45,0,Monday,11,0,Night,0,0
2026-11-02 01:05:00,30,FOG/SMOKE/HAZE,DAYLIGHT,TURNING,T-INTERSECTION,STRAIGHT AND LEVEL,WET,NO DEFECTS,Y,FAILING TO YIELD RIGHT-OF-WAY,BEAT_113,1,11,0,1,42.074568,-87.475439,45,0,Monday,11,1,Night,0,0
2026-11-02 02:25:00,40,SEVERE RAIN,DARKNESS,REAR END,NOT DIVIDED,STRAIGHT AND LEVEL,WET,DEBRIS ON ROAD,N,FAILING TO YIELD RIGHT-OF-WAY,BEAT_107,1,11,0,1,41.978354,-87.547341,45,0,Monday,11,2,Night,0,0
2026-11-02 03:07:00,45,CLEAR,DAYLIGHT,ANGLE,NOT DIVIDED,STRAIGHT AND LEVEL,DRY,NO DEFECTS,N,FOLLOWING TOO CLOSELY,BEAT_117,3,11,0,1,42.133924,-87.428268,45,0,Monday,11,3,Night,0,0
2026-11-02 03:50:00,25,CLEAR,DAYLIGHT,PEDESTRIAN,FOUR WAY INTERSECTION,STRAIGHT AND LEVEL,ICE,"RUT, HOLES",N,WEATHER,BEAT_120,2,11,1,1,42.180088,-87.392269,45,0,Monday,11,3,Night,0,1
2026-11-02 06:31:00,30,FOG/SMOKE/HAZE,DAYLIGHT,PARKED MOTOR VEHICLE,DIVIDED - W/MEDIAN,STRAIGHT AND LEVEL,WET,NO DEFECTS,N,FOLLOWING TOO CLOSELY,BEAT_115,2,11,0,1,42.095722,-87.451723,45,0,Monday,11,6,Morning_Rush,0,0
2026-11-02 11:30:00,30,CLEAR,"DARKNESS, LIGHTED ROAD",SIDESWIPE SAME DIRECTION,ONE-WAY,STRAIGHT AND LEVEL,DRY,NO DEFECTS,N,WEATHER,BEAT_117,2,11,0,1,42.132079,-87.426477,45,0,Monday,11,11,Midday,0,0
2026-11-02 12:14:00,30,CLEAR,DAYLIGHT,PARKED MOTOR VEHICLE,T-INTERSECTION,"CURVE, LEVEL",DRY,NO DEFECTS,Y,FAILING TO YIELD RIGHT-OF-WAY,BEAT_112,2,11,0,1,42.0569,-87.48889,45,0,Monday,11,12,Midday,0,0
2026-11-02 22:05:00,35,SNOW,DAYLIGHT,REAR END,NOT DIVIDED,STRAIGHT AND LEVEL,WET,NO DEFECTS,N,PHYSICAL CONDITION OF DRIVER,BEAT_114,2,11,0,1,42.092422,-87.461001,45,0,Monday,11,22,Night,0,0
2026-11-02 22:12:00,30,CLEAR,DAWN,PARKED MOTOR VEHICLE,DIVIDED - W/MEDIAN,STRAIGHT AND LEVEL,DRY,NO DEFECTS,Y,FOLLOWING TOO CLOSELY,BEAT_105,2,11,1,1,41.952872,-87.574854,45,0,Monday,11,22,Night,0,1
2026-11-09 03:24:00,30,RAIN,"DARKNESS, LIGHTED ROAD",REAR END,DIVIDED - W/MEDIAN,STRAIGHT AND LEVEL,SNOW OR SLUSH,NO DEFECTS,N,FOLLOWING TOO CLOSELY,BEAT_116,2,11,0,1,42.121612,-87.442331,46,0,Monday,11,3,Night,0,0
2026-11-09 04:10:00,25,CLEAR,"DARKNESS, LIGHTED ROAD",ANGLE,FOUR WAY INTERSECTION,STRAIGHT AND LEVEL,DRY,NO DEFECTS,N,FOLLOWING TOO CLOSELY,BEAT_114,2,11,0,1,42.091231,-87.463754,46,0,Monday,11,4,Night,0,0
2026-11-09 07:16:00,25,RAIN,"DARKNESS, LIGHTED ROAD",TURNING,NOT DIVIDED,STRAIGHT AND LEVEL,WET,NO DEFECTS,N,FAILING TO YIELD RIGHT-OF-WAY,BEAT_111,2,11,1,1,42.040509,-87.494931,46,0,Monday,11,7,Morning_Rush,0,1
2026-11-09 08:39:00,30,CLEAR,DAYLIGHT,TURNING,DIVIDED - W/MEDIAN,STRAIGHT AND LEVEL,DRY,NO DEFECTS,Y,FOLLOWING TOO CLOSELY,BEAT_104,2,11,0,1,41.936912,-87.580928,46,0,Monday,11,8,Morning_Rush,0,0
2026-11-09 10:25:00,40,RAIN,DAYLIGHT,SIDESWIPE SAME DIRECTION,FOUR WAY INTERSECTION,STRAIGHT AND LEVEL,SNOW OR SLUSH,NO DEFECTS,N,FOLLOWING TOO CLOSELY,BEAT_116,1,11,0,1,42.119553,-87.439773,46,0,Monday,11,10,Midday,0,0
2026-11-09 11:02:00,35,CLEAR,DAYLIGHT,TURNING,FOUR WAY INTERSECTION,STRAIGHT AND LEVEL,DRY,NO DEFECTS,Y,FAILING TO YIELD RIGHT-OF-WAY,BEAT_116,2,11,1,1,42.120451,-87.440034,46,0,Monday,11,11,Midday,0,1
2026-11-09 16:38:00,20,CLEAR,"DARKNESS, LIGHTED ROAD",REAR END,NOT DIVIDED,STRAIGHT AND LEVEL,WET,NO DEFECTS,N,DISREGARDING TRAFFIC SIGNALS,BEAT_103,2,11,0,1,41.919152,-87.595976,46,0,Monday,11,16,Evening_Rush,0,0
2026-11-09 21:35:00,25,CLEAR,"DARKNESS, LIGHTED ROAD",SIDESWIPE SAME DIRECTION,DIVIDED - W/MEDIAN,STRAIGHT AND LEVEL,SNOW OR SLUSH,NO DEFECTS,N,FAILING TO YIELD RIGHT-OF-WAY,BEAT_101,2,11,0,1,41.897291,-87.608539,46,0,Monday,11,21,Night,0,0
2026-11-09 21:37:00,45,CLEAR,"DARKNESS, LIGHTED ROAD",SIDESWIPE SAME DIRECTION,DIVIDED - W/MEDIAN,STRAIGHT AND LEVEL,DRY,NO DEFECTS,N,FOLLOWING TOO CLOSELY,BEAT_120,2,11,0,1,42.17666,-87.391004,46,0,Monday,11,21,Night,0,0
2026-11-16 02:23:00,40,CLEAR,DAYLIGHT,REAR END,DIVIDED - W/MEDIAN,STRAIGHT AND LEVEL,DRY,NO DEFECTS,N,FAILING TO YIELD RIGHT-OF-WAY,BEAT_115,1,11,0,1,42.10782,-87.446941,47,0,Monday,11,2,Night,0,0
2026-11-16 02:58:00,45,CLEAR,"DARKNESS, LIGHTED ROAD",PARKED MOTOR VEHICLE,FOUR WAY INTERSECTION,STRAIGHT AND LEVEL,DRY,NO DEFECTS,Y,FAILING TO YIELD RIGHT-OF-WAY,BEAT_101,2,11,0,1,41.891078,-87.614779,47,0,Monday,11,2,Night,0,0
2026-11-16 06:32:00,20,SNOW,DAYLIGHT,PARKED MOTOR VEHICLE,ONE-WAY,"CURVE, LEVEL",WET,"RUT, HOLES",N,FOLLOWING TOO CLOSELY,BEAT_112,2,11,0,1,42.055817,-87.485243,47,0,Monday,11,6,Morning_Rush,0,0
2026-11-16 06:54:00,30,CLEAR,"DARKNESS, LIGHTED ROAD",SIDESWIPE SAME DIRECTION,FOUR WAY INTERSECTION,STRAIGHT AND LEVEL,WET,NO DEFECTS,N,PHYSICAL CONDITION OF DRIVER,BEAT_116,2,11,0,1,42.114737,-87.4395,47,0,Monday,11,6,Morning_Rush,0,0
2026-11-16 06:56:00,25,FOG/SMOKE/HAZE,"DARKNESS, LIGHTED ROAD",ANGLE,T-INTERSECTION,"CURVE, LEVEL",WET,NO DEFECTS,N,WEATHER,BEAT_117,2,11,0,1,42.131078,-87.42091,47,0,Monday,11,6,Morning_Rush,0,0
2026-11-16 07:00:00,40,RAIN,DAYLIGHT,ANGLE,DIVIDED - W/MEDIAN,STRAIGHT AND LEVEL,WET,NO DEFECTS,Y,FAILING TO YIELD RIGHT-OF-WAY,BEAT_109,2,11,1,1,42.014045,-87.519928,47,0,Monday,11,7,Morning_Rush,0,1
2026-11-16 07:05:00,25,CLEAR,"DARKNESS, LIGHTED ROAD",REAR END,DIVIDED - W/MEDIAN,STRAIGHT AND LEVEL,DRY,NO DEFECTS,Y,WEATHER,BEAT_108,2,11,0,1,42.001973,-87.532222,47,0,Monday,11,7,Morning_Rush,0,0
2026-11-16 07:33:00,25,CLEAR,DAYLIGHT,ANGLE,DIVIDED - W/MEDIAN,STRAIGHT AND LEVEL,DRY,NO DEFECTS,N,FOLLOWING TOO CLOSELY,BEAT_103,2,11,0,1,41.922578,-87.590929,47,0,Monday,11,7,Morning_Rush,0,0
2026-11-16 12:56:00,30,CLEAR,DAYLIGHT,TURNING,NOT DIVIDED,STRAIGHT AND LEVEL,DRY,NO DEFECTS,N,IMPROPER OVERTAKING/PASSING,BEAT_120,3,11,0,1,42.171402,-87.389357,47,0,Monday,11,12,Midday,0,0
2026-11-16 13:48:00,25,CLEAR,"DARKNESS, LIGHTED ROAD",REAR END,ONE-WAY,STRAIGHT AND LEVEL,DRY,NO DEFECTS,Y,FAILING TO YIELD RIGHT-OF-WAY,BEAT_114,2,11,0,1,42.087416,-87.459752,47,0,Monday,11,13,Midday,0,0
2026-11-16 14:07:00,20,SNOW,"DARKNESS, LIGHTED ROAD",ANGLE,DIVIDED - W/MEDIAN,STRAIGHT AND LEVEL,SNOW OR SLUSH,DEBRIS ON ROAD,N,DRIVING SKILLS/KNOWLEDGE/EXPERIENCE,BEAT_114,2,11,0,1,42.082193,-87.463627,47,0,Monday,11,14,Midday,0,0
2026-11-16 16:13:00,30,CLEAR,DAYLIGHT,REAR END,FOUR WAY INTERSECTION,STRAIGHT AND LEVEL,WET,NO DEFECTS,Y,FOLLOWING TOO CLOSELY,BEAT_109,2,11,0,1,42.007912,-87.515941,47,0,Monday,11,16,Evening_Rush,0,0
2026-11-16 20:11:00,30,SEVERE RAIN,DAYLIGHT,SIDESWIPE SAME DIRECTION,ONE-WAY,STRAIGHT ON GRADE,WET,WORN SURFACE,Y,FOLLOWING TOO CLOSELY,BEAT_109,3,11,0,1,42.013394,-87.521008,47,0,Monday,11,20,Night,0,0
2026-11-16 22:22:00,25,CLEAR,DARKNESS,REAR END,NOT DIVIDED,STRAIGHT AND LEVEL,WET,NO DEFECTS,Y,WEATHER,BEAT_116,2,11,0,1,42.118795,-87.437579,47,0,Monday,11,22,Night,0,0
2026-11-23 02:24:00,45,RAIN,"DARKNESS, LIGHTED ROAD",SIDESWIPE SAME DIRECTION,NOT DIVIDED,STRAIGHT AND LEVEL,SNOW OR SLUSH,NO DEFECTS,N,WEATHER,BEAT_106,2,11,2,1,41.971586,-87.552568,48,0,Monday,11,2,Night,0,1
2026-11-23 15:56:00,45,CLEAR,DAYLIGHT,SIDESWIPE SAME DIRECTION,DIVIDED - W/MEDIAN,STRAIGHT AND LEVEL,DRY,NO DEFECTS,N,FAILING TO YIELD RIGHT-OF-WAY,BEAT_119,2,11,1,1,42.161258,-87.402746,48,0,Monday,11,15,Midday,0,1
2026-11-23 21:54:00,45,RAIN,"DARKNESS, LIGHTED ROAD",SIDESWIPE SAME DIRECTION,DIVIDED - W/MEDIAN,STRAIGHT AND LEVEL,WET,NO DEFECTS,Y,FAILING TO YIELD RIGHT-OF-WAY,BEAT_101,2,11,0,1,41.890053,-87.617615,48,0,Monday,11,21,Night,0,0
2026-11-23 23:48:00,30,CLEAR,DAYLIGHT,SIDESWIPE SAME DIRECTION,T-INTERSECTION,STRAIGHT AND LEVEL,WET,NO DEFECTS,Y,FAILING TO YIELD RIGHT-OF-WAY,BEAT_104,2,11,1,1,41.935285,-87.580752,48,0,Monday,11,23,Night,0,1
2026-11-30 00:05:00,30,CLEAR,DAYLIGHT,SIDESWIPE SAME DIRECTION,T-INTERSECTION,STRAIGHT AND LEVEL,WET,NO DEFECTS,N,FAILING TO YIELD RIGHT-OF-WAY,BEAT_107,2,11,0,1,41.983409,-87.548968,49,0,Monday,11,0,Night,0,0
2026-11-30 03:03:00,25,CLEAR,DAYLIGHT,REAR END,FOUR WAY INTERSECTION,"CURVE, LEVEL",DRY,NO DEFECTS,Y,WEATHER,BEAT_106,2,11,0,1,41.972629,-87.556498,49,0,Monday,11,3,Night,0,0
2026-11-30 03:25:00,25,CLEAR,DARKNESS,TURNING,NOT DIVIDED,STRAIGHT AND LEVEL,WET,WORN SURFACE,Y,FOLLOWING TOO CLOSELY,BEAT_115,2,11,0,1,42.106376,-87.454229,49,0,Monday,11,3,Night,0,0
2026-11-30 07:05:00,25,CLEAR,DUSK,TURNING,NOT DIVIDED,STRAIGHT AND LEVEL,DRY,"RUT, HOLES",Y,FOLLOWING TOO CLOSELY,BEAT_109,1,11,0,1,42.007646,-87.516609,49,0,Monday,11,7,Morning_Rush,0,0
2026-11-30 07:52:00,25,CLEAR,DAYLIGHT,REAR END,DIVIDED - W/MEDIAN,CURVE ON GRADE,DRY,NO DEFECTS,N,FAILING TO YIELD RIGHT-OF-WAY,BEAT_105,2,11,0,1,41.953577,-87.574076,49,0,Monday,11,7,Morning_Rush,0,0
2026-11-30 08:03:00,30,SEVERE RAIN,"DARKNESS, LIGHTED ROAD",ANGLE,NOT DIVIDED,STRAIGHT AND LEVEL,WET,NO DEFECTS,Y,DRIVING SKILLS/KNOWLEDGE/EXPERIENCE,BEAT_104,2,11,1,1,41.934506,-87.585619,49,0,Monday,11,8,Morning_Rush,0,1
2026-11-30 08:04:00,30,CLEAR,DAYLIGHT,REAR END,T-INTERSECTION,CURVE ON GRADE,WET,NO DEFECTS,Y,PHYSICAL CONDITION OF DRIVER,BEAT_101,2,11,0,1,41.89355,-87.618444,49,0,Monday,11,8,Morning_Rush,0,0
2026-11-30 10:23:00,45,SNOW,DAYLIGHT,TURNING,NOT DIVIDED,STRAIGHT AND LEVEL,ICE,NO DEFECTS,Y,FAILING TO YIELD RIGHT-OF-WAY,BEAT_104,1,11,1,1,41.939667,-87.582856,49,0,Monday,11,10,Midday,0,1
2026-11-30 10:52:00,30,CLEAR,DAYLIGHT,TURNING,DIVIDED - W/MEDIAN,STRAIGHT AND LEVEL,ICE,NO DEFECTS,N,FAILING TO YIELD RIGHT-OF-WAY,BEAT_116,2,11,0,1,42.117458,-87.435289,49,0,Monday,11,10,Midday,0,0
2026-11-30 15:00:00,30,CLEAR,DAYLIGHT,REAR END,DIVIDED - W/MEDIAN,STRAIGHT AND LEVEL,DRY,NO DEFECTS,Y,DRIVING SKILLS/KNOWLEDGE/EXPERIENCE,BEAT_103,2,11,0,1,41.925466,-87.593011,49,0,Monday,11,15,Midday,0,0
2026-11-30 17:44:00,30,CLEAR,DAYLIGHT,REAR END,ONE-WAY,STRAIGHT ON GRADE,DRY,NO DEFECTS,N,WEATHER,BEAT_112,2,11,0,1,42.05809,-87.485732,49,0,Monday,11,17,Evening_Rush,0,0
2026-11-30 18:16:00,25,SNOW,DAYLIGHT,TURNING,ONE-WAY,STRAIGHT AND LEVEL,WET,NO DEFECTS,N,WEATHER,BEAT_120,2,11,0,1,42.184099,-87.387473,49,0,Monday,11,18,Evening_Rush,0,0
2026-11-30 19:39:00,20,CLEAR,DAYLIGHT,REAR END,NOT DIVIDED,STRAIGHT AND LEVEL,DRY,"RUT, HOLES",N,DISREGARDING TRAFFIC SIGNALS,BEAT_119,3,11,0,1,42.164012,-87.404721,49,0,Monday,11,19,Evening_Rush,0,0
2026-11-30 21:09:00,25,CLEAR,DAYLIGHT,ANGLE,DIVIDED - W/MEDIAN,STRAIGHT AND LEVEL,DRY,"RUT, HOLES",Y,WEATHER,BEAT_103,2,11,1,1,41.920939,-87.597177,49,0,Monday,11,21,Night,0,1
2026-11-30 22:08:00,30,CLEAR,DAYLIGHT,ANGLE,NOT DIVIDED,STRAIGHT AND LEVEL,DRY,NO DEFECTS,N,DISREGARDING TRAFFIC SIGNALS,BEAT_112,2,11,0,1,42.057519,-87.488059,49,0,Monday,11,22,Night,0,0
2026-11-30 23:29:00,40,RAIN,DAYLIGHT,SIDESWIPE SAME DIRECTION,DIVIDED - W/MEDIAN,STRAIGHT AND LEVEL,ICE,NO DEFECTS,N,DRIVING SKILLS/KNOWLEDGE/EXPERIENCE,BEAT_119,2,11,0,1,42.149704,-87.403334,49,0,Monday,11,23,Night,0,0
2026-12-07 00:58:00,30,RAIN,DAYLIGHT,SIDESWIPE SAME DIRECTION,ONE-WAY,STRAIGHT AND LEVEL,WET,NO DEFECTS,Y,FAILING TO YIELD RIGHT-OF-WAY,BEAT_114,2,12,0,1,42.083298,-87.457625,50,0,Monday,12,0,Night,0,0
2026-12-07 05:39:00,35,CLEAR,DAYLIGHT,TURNING,FOUR WAY INTERSECTION,STRAIGHT AND LEVEL,DRY,NO DEFECTS,N,DRIVING SKILLS/KNOWLEDGE/EXPERIENCE,BEAT_107,2,12,1,1,41.979898,-87.548249,50,0,Monday,12,5,Night,0,1
2026-12-07 06:21:00,25,CLEAR,DAYLIGHT,SIDESWIPE SAME DIRECTION,ALLEY,STRAIGHT AND LEVEL,DRY,"RUT, HOLES",Y,PHYSICAL CONDITION OF DRIVER,BEAT_115,2,12,1,1,42.102436,-87.451715,50,0,Monday,12,6,Morning_Rush,0,1
2026-12-07 11:57:00,30,CLEAR,"DARKNESS, LIGHTED ROAD",PEDESTRIAN,T-INTERSECTION,STRAIGHT AND LEVEL,DRY,"RUT, HOLES",N,FOLLOWING TOO CLOSELY,BEAT_108,2,12,0,1,41.9953,-87.534922,50,0,Monday,12,11,Midday,0,0
2026-12-07 15:41:00,45,CLEAR,DAYLIGHT,REAR END,DIVIDED - W/MEDIAN,STRAIGHT AND LEVEL,DRY,NO DEFECTS,N,FAILING TO YIELD RIGHT-OF-WAY,BEAT_120,2,12,0,1,42.178672,-87.390439,50,0,Monday,12,15,Midday,0,0
2026-12-14 02:31:00,25,SNOW,DAYLIGHT,SIDESWIPE SAME DIRECTION,NOT DIVIDED,STRAIGHT AND LEVEL,WET,NO DEFECTS,N,PHYSICAL CONDITION OF DRIVER,BEAT_113,2,12,1,1,42.074344,-87.465661,51,0,Monday,12,2,Night,0,1
2026-12-14 03:21:00,20,FOG/SMOKE/HAZE,"DARKNESS, LIGHTED ROAD",SIDESWIPE SAME DIRECTION,ONE-WAY,STRAIGHT AND LEVEL,WET,NO DEFECTS,Y,FOLLOWING TOO CLOSELY,BEAT_112,2,12,0,1,42.064613,-87.486328,51,0,Monday,12,3,Night,0,0
2026-12-14 04:16:00,25,CLEAR,DAYLIGHT,ANGLE,T-INTERSECTION,STRAIGHT AND LEVEL,DRY,DEBRIS ON ROAD,Y,DRIVING SKILLS/KNOWLEDGE/EXPERIENCE,BEAT_117,2,12,2,1,42.135852,-87.42962,51,0,Monday,12,4,Night,0,1
2026-12-14 05:40:00,30,CLEAR,DAYLIGHT,REAR END,NOT DIVIDED,STRAIGHT AND LEVEL,DRY,NO DEFECTS,Y,DRIVING SKILLS/KNOWLEDGE/EXPERIENCE,BEAT_117,2,12,1,1,42.13046,-87.424992,51,0,Monday,12,5,Night,0,1
2026-12-14 06:14:00,25,CLEAR,DAYLIGHT,REAR END,NOT DIVIDED,STRAIGHT AND LEVEL,DRY,NO DEFECTS,N,IMPROPER OVERTAKING/PASSING,BEAT_109,2,12,0,1,42.014778,-87.522638,51,0,Monday,12,6,Morning_Rush,0,0
2026-12-14 06:32:00,25,RAIN,DARKNESS,SIDESWIPE SAME DIRECTION,DIVIDED - W/MEDIAN,STRAIGHT AND LEVEL,WET,NO DEFECTS,Y,IMPROPER OVERTAKING/PASSING,BEAT_101,2,12,0,1,41.891924,-87.622191,51,0,Monday,12,6,Morning_Rush,0,0
2026-12-14 07:28:00,30,RAIN,DAYLIGHT,PARKED MOTOR VEHICLE,ONE-WAY,STRAIGHT AND LEVEL,WET,NO DEFECTS,N,FOLLOWING TOO CLOSELY,BEAT_106,2,12,0,1,41.961932,-87.55596,51,0,Monday,12,7,Morning_Rush,0,0
2026-12-14 07:53:00,25,CLEAR,DAYLIGHT,FIXED OBJECT,NOT DIVIDED,STRAIGHT AND LEVEL,DRY,NO DEFECTS,N,DISREGARDING TRAFFIC SIGNALS,BEAT_108,2,12,0,1,42.001744,-87.528834,51,0,Monday,12,7,Morning_Rush,0,0
2026-12-14 14:10:00,25,CLEAR,"DARKNESS, LIGHTED ROAD",PARKED MOTOR VEHICLE,NOT DIVIDED,STRAIGHT AND LEVEL,DRY,NO DEFECTS,Y,WEATHER,BEAT_102,2,12,1,1,41.908969,-87.605736,51,0,Monday,12,14,Midday,0,1
2026-12-14 15:33:00,30,FOG/SMOKE/HAZE,"DARKNESS, LIGHTED ROAD",ANGLE,ONE-WAY,"CURVE, LEVEL",WET,NO DEFECTS,Y,DRIVING SKILLS/KNOWLEDGE/EXPERIENCE,BEAT_118,2,12,0,1,42.143041,-87.414285,51,0,Monday,12,15,Midday,0,0
2026-12-14 15:45:00,25,CLEAR,DAYLIGHT,REAR END,DIVIDED - W/MEDIAN,STRAIGHT AND LEVEL,DRY,NO DEFECTS,Y,FAILING TO YIELD RIGHT-OF-WAY,BEAT_115,2,12,0,1,42.100028,-87.44951,51,0,Monday,12,15,Midday,0,0
2026-12-14 16:49:00,20,CLEAR,DAYLIGHT,SIDESWIPE SAME DIRECTION,ONE-WAY,"CURVE, LEVEL",DRY,NO DEFECTS,Y,DRIVING SKILLS/KNOWLEDGE/EXPERIENCE,BEAT_114,2,12,0,1,42.087422,-87.461342,51,0,Monday,12,16,Evening_Rush,0,0
2026-12-14 19:52:00,35,SEVERE RAIN,DAYLIGHT,REAR END,ONE-WAY,STRAIGHT AND LEVEL,WET,NO DEFECTS,Y,FAILING TO YIELD RIGHT-OF-WAY,BEAT_120,2,12,0,1,42.179764,-87.387154,51,0,Monday,12,19,Evening_Rush,0,0
2026-12-14 21:01:00,40,CLEAR,DAWN,REAR END,NOT DIVIDED,"CURVE, LEVEL",DRY,NO DEFECTS,Y,FOLLOWING TOO CLOSELY,BEAT_105,1,12,0,1,41.952636,-87.570133,51,0,Monday,12,21,Night,0,0
2026-12-21 01:24:00,55,CLEAR,DAYLIGHT,ANGLE,NOT DIVIDED,STRAIGHT AND LEVEL,WET,NO DEFECTS,N,FAILING TO YIELD RIGHT-OF-WAY,BEAT_116,2,12,1,1,42.117255,-87.440174,52,0,Monday,12,1,Night,0,1
2026-12-21 03:09:00,25,CLEAR,DAYLIGHT,REAR END,FOUR WAY INTERSECTION,STRAIGHT ON GRADE,DRY,NO DEFECTS,Y,DRIVING SKILLS/KNOWLEDGE/EXPERIENCE,BEAT_107,2,12,0,1,41.982515,-87.544923,52,0,Monday,12,3,Night,0,0
2026-12-21 04:57:00,55,RAIN,DAYLIGHT,PARKED MOTOR VEHICLE,DIVIDED - W/MEDIAN,STRAIGHT AND LEVEL,WET,NO DEFECTS,Y,WEATHER,BEAT_112,2,12,0,1,42.059109,-87.480717,52,0,Monday,12,4,Night,0,0
2026-12-21 05:21:00,30,CLEAR,"DARKNESS, LIGHTED ROAD",SIDESWIPE SAME DIRECTION,NOT DIVIDED,STRAIGHT AND LEVEL,SNOW OR SLUSH,NO DEFECTS,Y,DISREGARDING TRAFFIC SIGNALS,BEAT_117,2,12,0,1,42.132611,-87.42976,52,0,Monday,12,5,Night,0,0
2026-12-21 05:29:00,20,SNOW,"DARKNESS, LIGHTED ROAD",ANGLE,NOT DIVIDED,STRAIGHT AND LEVEL,WET,NO DEFECTS,N,IMPROPER OVERTAKING/PASSING,BEAT_108,2,12,0,1,41.999928,-87.534796,52,0,Monday,12,5,Night,0,0
2026-12-21 05:37:00,25,RAIN,"DARKNESS, LIGHTED ROAD",SIDESWIPE SAME DIRECTION,DIVIDED - W/MEDIAN,STRAIGHT AND LEVEL,WET,NO DEFECTS,Y,WEATHER,BEAT_104,2,12,0,1,41.934107,-87.58113,52,0,Monday,12,5,Night,0,0
2026-12-21 10:34:00,30,CLEAR,DAYLIGHT,REAR END,DIVIDED - W/MEDIAN,STRAIGHT AND LEVEL,DRY,NO DEFECTS,N,DRIVING SKILLS/KNOWLEDGE/EXPERIENCE,BEAT_111,2,12,0,1,42.044339,-87.495349,52,0,Monday,12,10,Midday,0,0
2026-12-21 14:24:00,20,CLEAR,DAYLIGHT,REAR END,NOT DIVIDED,"CURVE, LEVEL",DRY,NO DEFECTS,Y,DRIVING SKILLS/KNOWLEDGE/EXPERIENCE,BEAT_116,2,12,0,1,42.122164,-87.432054,52,0,Monday,12,14,Midday,0,0
2026-12-21 14:51:00,30,RAIN,DARKNESS,TURNING,DIVIDED - W/MEDIAN,STRAIGHT ON GRADE,WET,NO DEFECTS,N,WEATHER,BEAT_117,2,12,0,1,42.133489,-87.425557,52,0,Monday,12,14,Midday,0,0
2026-12-21 19:57:00,55,RAIN,DAYLIGHT,REAR END,DIVIDED - W/MEDIAN,STRAIGHT AND LEVEL,WET,NO DEFECTS,Y,DISREGARDING TRAFFIC SIGNALS,BEAT_112,2,12,1,1,42.061015,-87.485893,52,0,Monday,12,19,Evening_Rush,0,1
2026-12-21 22:43:00,30,CLEAR,DAYLIGHT,SIDESWIPE SAME DIRECTION,NOT DIVIDED,STRAIGHT AND LEVEL,DRY,NO DEFECTS,N,FOLLOWING TOO CLOSELY,BEAT_104,1,12,0,1,41.940223,-87.58196,52,0,Monday,12,22,Night,0,0
2026-12-28 06:18:00,30,CLEAR,DAYLIGHT,REAR END,DIVIDED - W/MEDIAN,STRAIGHT AND LEVEL,DRY,NO DEFECTS,Y,FOLLOWING TOO CLOSELY,BEAT_108,2,12,0,1,42.000449,-87.538559,53,0,Monday,12,6,Morning_Rush,0,0
2026-12-28 06:21:00,30,CLEAR,DAYLIGHT,TURNING,ONE-WAY,"CURVE, LEVEL",DRY,NO DEFECTS,N,FAILING TO YIELD RIGHT-OF-WAY,BEAT_103,2,12,0,1,41.922626,-87.58836,53,0,Monday,12,6,Morning_Rush,0,0
2026-12-28 09:49:00,30,CLEAR,DUSK,SIDESWIPE SAME DIRECTION,NOT DIVIDED,STRAIGHT AND LEVEL,DRY,NO DEFECTS,N,FAILING TO YIELD RIGHT-OF-WAY,BEAT_113,1,12,1,1,42.076578,-87.475855,53,0,Monday,12,9,Morning_Rush,0,1
2026-12-28 13:53:00,30,CLEAR,"DARKNESS, LIGHTED ROAD",SIDESWIPE SAME DIRECTION,NOT DIVIDED,STRAIGHT AND LEVEL,DRY,NO DEFECTS,N,FAILING TO YIELD RIGHT-OF-WAY,BEAT_115,2,12,0,1,42.102201,-87.450402,53,0,Monday,12,13,Midday,0,0
2026-12-28 15:11:00,25,CLEAR,"DARKNESS, LIGHTED ROAD",PEDESTRIAN,DIVIDED - W/MEDIAN,STRAIGHT AND LEVEL,DRY,NO DEFECTS,Y,FOLLOWING TOO CLOSELY,BEAT_103,2,12,2,1,41.927431,-87.591535,53,0,Monday,12,15,Midday,0,1
2026-12-28 15:25:00,45,RAIN,DARKNESS,SIDESWIPE SAME DIRECTION,NOT DIVIDED,STRAIGHT AND LEVEL,WET,NO DEFECTS,N,FAILING TO YIELD RIGHT-OF-WAY,BEAT_108,2,12,1,1,41.995056,-87.535775,53,0,Monday,12,15,Midday,0,1
2026-12-28 16:38:00,20,RAIN,DAYLIGHT,REAR END,DIVIDED - W/MEDIAN,STRAIGHT AND LEVEL,SNOW OR SLUSH,NO DEFECTS,Y,IMPROPER OVERTAKING/PASSING,BEAT_102,2,12,2,1,41.912698,-87.609877,53,0,Monday,12,16,Evening_Rush,0,1
2026-12-28 20:10:00,25,SNOW,DAYLIGHT,REAR END,FOUR WAY INTERSECTION,STRAIGHT AND LEVEL,WET,NO DEFECTS,Y,DRIVING SKILLS/KNOWLEDGE/EXPERIENCE,BEAT_112,2,12,0,1,42.061098,-87.479609,53,0,Monday,12,20,Night,0,0
2026-12-28 23:19:00,25,CLEAR,DAYLIGHT,TURNING,NOT DIVIDED,STRAIGHT AND LEVEL,DRY,NO DEFECTS,N,WEATHER,BEAT_111,2,12,0,1,42.045681,-87.495369,53,0,Monday,12,23,Night,0,0
