CRASH_DATE,POSTED_SPEED_LIMIT,WEATHER_CONDITION,LIGHTING_CONDITION,FIRST_CRASH_TYPE,TRAFFICWAY_TYPE,ALIGNMENT,ROADWAY_SURFACE_COND,ROAD_DEFECT,INTERSECTION_RELATED_I,PRIM_CONTRIBUTORY_CAUSE,BEAT_OF_OCCURRENCE,NUM_UNITS,CRASH_MONTH,INJURIES_TOTAL,CRASH_DAY_OF_WEEK,LATITUDE,LONGITUDE,week,day_of_week,day_name,month,hour,time_of_day,is_weekend,incident_occurred
2026-01-03 00:08:00,35,RAIN,"DARKNESS, LIGHTED ROAD",REAR END,ONE-WAY,STRAIGHT AND LEVEL,ICE,NO DEFECTS,N,IMPROPER OVERTAKING/PASSING,BEAT_109,2,1,1,6,42.014109,-87.524011,1,5,Saturday,1,0,Night,1,1
2026-01-03 01:15:00,25,CLEAR,"DARKNESS, LIGHTED ROAD",ANGLE,NOT DIVIDED,STRAIGHT AND LEVEL,DRY,NO DEFECTS,Y,DISREGARDING TRAFFIC SIGNALS,BEAT_101,2,1,0,6,41.892959,-87.622453,1,5,Saturday,1,1,Night,1,0
2026-01-03 04:52:00,40,CLEAR,DARKNESS,REAR END,ONE-WAY,STRAIGHT AND LEVEL,WET,NO DEFECTS,N,FAILING TO YIELD RIGHT-OF-WAY,BEAT_118,2,1,0,6,42.149681,-87.413777,1,5,Saturday,1,4,Night,1,0
2026-01-03 05:27:00,25,CLEAR,DARKNESS,SIDESWIPE SAME DIRECTION,NOT DIVIDED,STRAIGHT AND LEVEL,DRY,NO DEFECTS,Y,FAILING TO YIELD RIGHT-OF-WAY,BEAT_113,2,1,0,6,42.069982,-87.471965,1,5,Saturday,1,5,Night,1,0
2026-01-03 16:13:00,20,FOG/SMOKE/HAZE,DAYLIGHT,TURNING,FOUR WAY INTERSECTION,STRAIGHT AND LEVEL,WET,NO DEFECTS,N,FAILING TO YIELD RIGHT-OF-WAY,BEAT_120,2,1,0,6,42.174476,-87.387315,1,5,Saturday,1,16,Evening_Rush,1,0
2026-01-03 16:42:00,25,RAIN,DARKNESS,ANGLE,FOUR WAY INTERSECTION,STRAIGHT AND LEVEL,WET,NO DEFECTS,Y,FOLLOWING TOO CLOSELY,BEAT_108,2,1,0,6,42.002877,-87.530184,1,5,Saturday,1,16,Evening_Rush,1,0
2026-01-03 20:41:00,50,CLEAR,"DARKNESS, LIGHTED ROAD",SIDESWIPE SAME DIRECTION,ALLEY,CURVE ON GRADE,DRY,NO DEFECTS,Y,DRIVING SKILLS/KNOWLEDGE/EXPERIENCE,BEAT_102,2,1,0,6,41.909362,-87.611005,1,5,Saturday,1,20,Night,1,0
2026-01-03 21:20:00,35,CLEAR,DAYLIGHT,SIDESWIPE SAME DIRECTION,DIVIDED - W/MEDIAN,STRAIGHT AND LEVEL,DRY,NO DEFECTS,N,FOLLOWING TOO CLOSELY,BEAT_112,2,1,0,6,42.059902,-87.484053,1,5,Saturday,1,21,Night,1,0
2026-01-03 22:08:00,45,RAIN,DAYLIGHT,PARKED MOTOR VEHICLE,ONE-WAY,STRAIGHT AND LEVEL,WET,"RUT, HOLES",Y,WEATHER,BEAT_101,2,1,1,6,41.892289,-87.619038,1,5,Saturday,1,22,Night,1,1
2026-01-03 22:10:00,20,CLEAR,DAYLIGHT,SIDESWIPE SAME DIRECTION,NOT DIVIDED,STRAIGHT AND LEVEL,DRY,NO DEFECTS,N,DRIVING SKILLS/KNOWLEDGE/EXPERIENCE,BEAT_116,2,1,0,6,42.115885,-87.442214,1,5,Saturday,1,22,Night,1,0
2026-01-03 23:52:00,25,SNOW,DAYLIGHT,REAR END,NOT DIVIDED,STRAIGHT AND LEVEL,WET,NO DEFECTS,Y,DISREGARDING TRAFFIC SIGNALS,BEAT_106,2,1,0,6,41.969365,-87.553869,1,5,Saturday,1,23,Night,1,0
2026-01-10 03:19:00,25,SNOW,DAWN,REAR END,DIVIDED - W/MEDIAN,"CURVE, LEVEL",WET,NO DEFECTS,N,IMPROPER OVERTAKING/PASSING,BEAT_109,2,1,0,6,42.016421,-87.522218,2,5,Saturday,1,3,Night,1,0
2026-01-10 06:39:00,30,CLEAR,"DARKNESS, LIGHTED ROAD",REAR END,NOT DIVIDED,STRAIGHT AND LEVEL,SNOW OR SLUSH,NO DEFECTS,N,DRIVING SKILLS/KNOWLEDGE/EXPERIENCE,BEAT_111,2,1,0,6,42.040212,-87.499963,2,5,Saturday,1,6,Morning_Rush,1,0
2026-01-10 08:41:00,25,RAIN,"DARKNESS, LIGHTED ROAD",REAR END,DIVIDED - W/MEDIAN,STRAIGHT ON GRADE,WET,NO DEFECTS,Y,DRIVING SKILLS/KNOWLEDGE/EXPERIENCE,BEAT_109,2,1,0,6,42.007155,-87.52385,2,5,Saturday,1,8,Morning_Rush,1,0
2026-01-10 16:26:00,30,CLEAR,DAYLIGHT,SIDESWIPE SAME DIRECTION,NOT DIVIDED,STRAIGHT AND LEVEL,WET,NO DEFECTS,N,WEATHER,BEAT_103,2,1,0,6,41.924463,-87.594505,2,5,Saturday,1,16,Evening_Rush,1,0
2026-01-10 16:31:00,30,CLEAR,DAYLIGHT,REAR END,DIVIDED - W/MEDIAN,STRAIGHT AND LEVEL,WET,NO DEFECTS,Y,FAILING TO YIELD RIGHT-OF-WAY,BEAT_119,3,1,1,6,42.160638,-87.407593,2,5,Saturday,1,16,Evening_Rush,1,1
2026-01-10 16:38:00,20,CLEAR,DAYLIGHT,TURNING,ONE-WAY,STRAIGHT AND LEVEL,DRY,"RUT, HOLES",Y,FAILING TO YIELD RIGHT-OF-WAY,BEAT_115,2,1,0,6,42.105272,-87.453349,2,5,Saturday,1,16,Evening_Rush,1,0
2026-01-10 16:52:00,20,CLEAR,DAYLIGHT,REAR END,DIVIDED - W/MEDIAN,STRAIGHT AND LEVEL,DRY,"RUT, HOLES",Y,FAILING TO YIELD RIGHT-OF-WAY,BEAT_114,2,1,0,6,42.094458,-87.465775,2,5,Saturday,1,16,Evening_Rush,1,0
2026-01-10 18:14:00,25,CLEAR,DAYLIGHT,REAR END,NOT DIVIDED,STRAIGHT ON GRADE,DRY,NO DEFECTS,Y,WEATHER,BEAT_107,4,1,0,6,41.984227,-87.54448,2,5,Saturday,1,18,Evening_Rush,1,0
2026-01-10 22:14:00,30,CLEAR,DAYLIGHT,REAR END,NOT DIVIDED,STRAIGHT AND LEVEL,WET,NO DEFECTS,N,FOLLOWING TOO CLOSELY,BEAT_116,2,1,0,6,42.1213,-87.435584,2,5,Saturday,1,22,Night,1,0
2026-01-10 23:57:00,30,CLEAR,"DARKNESS, LIGHTED ROAD",TURNING,DIVIDED - W/MEDIAN,STRAIGHT AND LEVEL,DRY,NO DEFECTS,Y,FOLLOWING TOO CLOSELY,BEAT_110,2,1,0,6,42.027274,-87.507546,2,5,Saturday,1,23,Night,1,0
2026-01-10 23:58:00,30,CLEAR,"DARKNESS, LIGHTED ROAD",SIDESWIPE SAME DIRECTION,NOT DIVIDED,STRAIGHT AND LEVEL,DRY,NO DEFECTS,N,FAILING TO YIELD RIGHT-OF-WAY,BEAT_108,2,1,0,6,42.001295,-87.531985,2,5,Saturday,1,23,Night,1,0
2026-01-17 02:58:00,35,RAIN,DAYLIGHT,PEDESTRIAN,DIVIDED - W/MEDIAN,STRAIGHT AND LEVEL,SNOW OR SLUSH,NO DEFECTS,N,DISREGARDING TRAFFIC SIGNALS,BEAT_103,3,1,0,6,41.922236,-87.593748,3,5,Saturday,1,2,Night,1,0
2026-01-17 03:06:00,30,CLEAR,"DARKNESS, LIGHTED ROAD",REAR END,DIVIDED - W/MEDIAN,STRAIGHT AND LEVEL,WET,NO DEFECTS,N,DISREGARDING TRAFFIC SIGNALS,BEAT_109,2,1,0,6,42.01538,-87.517212,3,5,Saturday,1,3,Night,1,0
2026-01-17 08:26:00,20,CLEAR,"DARKNESS, LIGHTED ROAD",PARKED MOTOR VEHICLE,FOUR WAY INTERSECTION,STRAIGHT AND LEVEL,DRY,NO DEFECTS,Y,DISREGARDING TRAFFIC SIGNALS,BEAT_106,2,1,2,6,41.969007,-87.563653,3,5,Saturday,1,8,Morning_Rush,1,1
2026-01-17 10:58:00,50,CLEAR,DAYLIGHT,REAR END,DIVIDED - W/MEDIAN,STRAIGHT AND LEVEL,WET,NO DEFECTS,Y,FOLLOWING TOO CLOSELY,BEAT_112,2,1,0,6,42.057527,-87.484861,3,5,Saturday,1,10,Midday,1,0
2026-01-17 11:45:00,25,CLEAR,"DARKNESS, LIGHTED ROAD",ANGLE,FOUR WAY INTERSECTION,STRAIGHT AND LEVEL,DRY,NO DEFECTS,N,WEATHER,BEAT_104,2,1,0,6,41.942563,-87.581467,3,5,Saturday,1,11,Midday,1,0
2026-01-17 14:29:00,25,CLEAR,DAYLIGHT,ANGLE,NOT DIVIDED,STRAIGHT AND LEVEL,DRY,"RUT, HOLES",Y,FOLLOWING TOO CLOSELY,BEAT_111,2,1,0,6,42.03668,-87.497169,3,5,Saturday,1,14,Midday,1,0
2026-01-17 17:26:00,30,CLEAR,DAYLIGHT,REAR END,NOT DIVIDED,STRAIGHT AND LEVEL,ICE,NO DEFECTS,N,FAILING TO YIELD RIGHT-OF-WAY,BEAT_111,2,1,0,6,42.041046,-87.498666,3,5,Saturday,1,17,Evening_Rush,1,0
2026-01-17 18:31:00,25,CLEAR,"DARKNESS, LIGHTED ROAD",PEDESTRIAN,ALLEY,STRAIGHT AND LEVEL,DRY,NO DEFECTS,N,PHYSICAL CONDITION OF DRIVER,BEAT_114,4,1,0,6,42.089153,-87.465493,3,5,Saturday,1,18,Evening_Rush,1,0
2026-01-17 21:18:00,25,SEVERE RAIN,DAYLIGHT,ANGLE,ONE-WAY,STRAIGHT AND LEVEL,WET,NO DEFECTS,N,DRIVING SKILLS/KNOWLEDGE/EXPERIENCE,BEAT_113,2,1,0,6,42.071486,-87.474349,3,5,Saturday,1,21,Night,1,0
2026-01-24 00:17:00,25,CLEAR,"DARKNESS, LIGHTED ROAD",PARKED MOTOR VEHICLE,T-INTERSECTION,STRAIGHT AND LEVEL,DRY,NO DEFECTS,N,DRIVING SKILLS/KNOWLEDGE/EXPERIENCE,BEAT_112,3,1,1,6,42.058261,-87.482885,4,5,Saturday,1,0,Night,1,1
2026-01-24 00:34:00,30,CLEAR,DAWN,PARKED MOTOR VEHICLE,DIVIDED - W/MEDIAN,STRAIGHT AND LEVEL,DRY,"RUT, HOLES",N,FOLLOWING TOO CLOSELY,BEAT_108,1,1,0,6,41.999305,-87.535792,4,5,Saturday,1,0,Night,1,0
2026-01-24 02:12:00,40,CLEAR,DAYLIGHT,PARKED MOTOR VEHICLE,DIVIDED - W/MEDIAN,STRAIGHT ON GRADE,DRY,NO DEFECTS,N,FOLLOWING TOO CLOSELY,BEAT_117,1,1,0,6,42.130812,-87.422565,4,5,Saturday,1,2,Night,1,0
2026-01-24 02:21:00,40,CLEAR,DAYLIGHT,REAR END,T-INTERSECTION,STRAIGHT AND LEVEL,DRY,NO DEFECTS,Y,PHYSICAL CONDITION OF DRIVER,BEAT_104,2,1,0,6,41.939294,-87.57875,4,5,Saturday,1,2,Night,1,0
2026-01-24 02:44:00,25,RAIN,DAYLIGHT,REAR END,NOT DIVIDED,STRAIGHT AND LEVEL,WET,NO DEFECTS,N,FAILING TO YIELD RIGHT-OF-WAY,BEAT_104,1,1,0,6,41.94185,-87.582625,4,5,Saturday,1,2,Night,1,0
2026-01-24 08:28:00,35,CLEAR,DAYLIGHT,PARKED MOTOR VEHICLE,ONE-WAY,STRAIGHT AND LEVEL,DRY,NO DEFECTS,Y,DRIVING SKILLS/KNOWLEDGE/EXPERIENCE,BEAT_101,2,1,0,6,41.89325,-87.62282,4,5,Saturday,1,8,Morning_Rush,1,0
2026-01-24 11:29:00,35,CLEAR,DARKNESS,TURNING,DIVIDED - W/MEDIAN,"CURVE, LEVEL",DRY,NO DEFECTS,N,FOLLOWING TOO CLOSELY,BEAT_119,2,1,0,6,42.16501,-87.405469,4,5,Saturday,1,11,Midday,1,0
2026-01-24 13:51:00,30,RAIN,DAYLIGHT,ANGLE,NOT DIVIDED,STRAIGHT AND LEVEL,WET,NO DEFECTS,Y,FOLLOWING TOO CLOSELY,BEAT_103,3,1,1,6,41.926363,-87.587944,4,5,Saturday,1,13,Midday,1,1
2026-01-24 14:23:00,30,RAIN,DAYLIGHT,REAR END,ALLEY,STRAIGHT AND LEVEL,WET,NO DEFECTS,N,IMPROPER OVERTAKING/PASSING,BEAT_110,3,1,0,6,42.02748,-87.509331,4,5,Saturday,1,14,Midday,1,0
2026-01-24 17:37:00,40,CLEAR,DUSK,TURNING,DIVIDED - W/MEDIAN,STRAIGHT AND LEVEL,SNOW OR SLUSH,NO DEFECTS,Y,FAILING TO YIELD RIGHT-OF-WAY,BEAT_109,2,1,1,6,42.011928,-87.526713,4,5,Saturday,1,17,Evening_Rush,1,1
2026-01-24 19:22:00,25,CLEAR,DUSK,REAR END,ONE-WAY,STRAIGHT AND LEVEL,DRY,NO DEFECTS,N,WEATHER,BEAT_118,2,1,1,6,42.150899,-87.414468,4,5,Saturday,1,19,Evening_Rush,1,1
2026-01-24 23:46:00,30,CLEAR,"DARKNESS, LIGHTED ROAD",SIDESWIPE SAME DIRECTION,DIVIDED - W/MEDIAN,STRAIGHT AND LEVEL,DRY,WORN SURFACE,Y,PHYSICAL CONDITION OF DRIVER,BEAT_119,2,1,0,6,42.161293,-87.403446,4,5,Saturday,1,23,Night,1,0
2026-01-31 00:52:00,30,CLEAR,DAYLIGHT,REAR END,NOT DIVIDED,STRAIGHT AND LEVEL,DRY,"RUT, HOLES",N,DRIVING SKILLS/KNOWLEDGE/EXPERIENCE,BEAT_105,2,1,0,6,41.953316,-87.567929,5,5,Saturday,1,0,Night,1,0
2026-01-31 01:11:00,30,CLEAR,DARKNESS,SIDESWIPE SAME DIRECTION,ONE-WAY,STRAIGHT AND LEVEL,DRY,NO DEFECTS,N,FOLLOWING TOO CLOSELY,BEAT_116,2,1,0,6,42.120086,-87.434819,5,5,Saturday,1,1,Night,1,0
2026-01-31 04:25:00,40,CLEAR,DAYLIGHT,REAR END,DIVIDED - W/MEDIAN,STRAIGHT AND LEVEL,SNOW OR SLUSH,NO DEFECTS,Y,FAILING TO YIELD RIGHT-OF-WAY,BEAT_116,2,1,0,6,42.11839,-87.435732,5,5,Saturday,1,4,Night,1,0
2026-01-31 05:12:00,30,CLEAR,DAYLIGHT,SIDESWIPE SAME DIRECTION,ONE-WAY,STRAIGHT AND LEVEL,WET,NO DEFECTS,Y,FAILING TO YIELD RIGHT-OF-WAY,BEAT_103,1,1,1,6,41.92266,-87.593733,5,5,Saturday,1,5,Night,1,1
2026-01-31 05:24:00,30,SNOW,DAYLIGHT,PARKED MOTOR VEHICLE,DIVIDED - W/MEDIAN,STRAIGHT AND LEVEL,SNOW OR SLUSH,NO DEFECTS,N,FOLLOWING TOO CLOSELY,BEAT_117,2,1,0,6,42.130845,-87.426278,5,5,Saturday,1,5,Night,1,0
2026-01-31 05:25:00,50,CLEAR,DAYLIGHT,REAR END,NOT DIVIDED,STRAIGHT AND LEVEL,DRY,NO DEFECTS,N,FAILING TO YIELD RIGHT-OF-WAY,BEAT_114,3,1,0,6,42.091571,-87.459867,5,5,Saturday,1,5,Night,1,0
2026-01-31 06:24:00,40,RAIN,DAYLIGHT,REAR END,DIVIDED - W/MEDIAN,STRAIGHT AND LEVEL,ICE,NO DEFECTS,N,FAILING TO YIELD RIGHT-OF-WAY,BEAT_111,2,1,2,6,42.040101,-87.500899,5,5,Saturday,1,6,Morning_Rush,1,1
2026-01-31 08:07:00,40,CLEAR,"DARKNESS, LIGHTED ROAD",REAR END,ONE-WAY,STRAIGHT AND LEVEL,DRY,NO DEFECTS,Y,FAILING TO YIELD RIGHT-OF-WAY,BEAT_107,2,1,0,6,41.984217,-87.541177,5,5,Saturday,1,8,Morning_Rush,1,0
2026-01-31 09:12:00,25,CLEAR,DAYLIGHT,TURNING,DIVIDED - W/MEDIAN,STRAIGHT AND LEVEL,DRY,NO DEFECTS,N,FAILING TO YIELD RIGHT-OF-WAY,BEAT_105,2,1,0,6,41.952188,-87.569411,5,5,Saturday,1,9,Morning_Rush,1,0
2026-01-31 09:19:00,20,CLEAR,DAWN,PARKED MOTOR VEHICLE,DIVIDED - W/MEDIAN,STRAIGHT AND LEVEL,DRY,"RUT, HOLES",Y,FOLLOWING TOO CLOSELY,BEAT_104,2,1,0,6,41.932906,-87.585872,5,5,Saturday,1,9,Morning_Rush,1,0
2026-01-31 10:44:00,30,CLEAR,"DARKNESS, LIGHTED ROAD",REAR END,DIVIDED - W/MEDIAN,STRAIGHT AND LEVEL,DRY,NO DEFECTS,Y,FOLLOWING TOO CLOSELY,BEAT_107,2,1,0,6,41.984317,-87.546377,5,5,Saturday,1,10,Midday,1,0
2026-01-31 15:26:00,40,CLEAR,DAYLIGHT,SIDESWIPE SAME DIRECTION,NOT DIVIDED,STRAIGHT AND LEVEL,DRY,NO DEFECTS,N,FOLLOWING TOO CLOSELY,BEAT_106,2,1,0,6,41.975915,-87.555987,5,5,Saturday,1,15,Midday,1,0
2026-01-31 15:46:00,40,CLEAR,DAYLIGHT,REAR END,ONE-WAY,STRAIGHT AND LEVEL,DRY,"RUT, HOLES",Y,FAILING TO YIELD RIGHT-OF-WAY,BEAT_101,2,1,0,6,41.892626,-87.618708,5,5,Saturday,1,15,Midday,1,0
2026-01-31 18:40:00,25,CLEAR,DAYLIGHT,REAR END,NOT DIVIDED,STRAIGHT AND LEVEL,WET,SHOULDER DEFECT,N,FOLLOWING TOO CLOSELY,BEAT_104,2,1,0,6,41.937592,-87.582979,5,5,Saturday,1,18,Evening_Rush,1,0
2026-01-31 21:45:00,30,CLEAR,"DARKNESS, LIGHTED ROAD",PARKED MOTOR VEHICLE,DIVIDED - W/MEDIAN,STRAIGHT AND LEVEL,DRY,WORN SURFACE,Y,FAILING TO YIELD RIGHT-OF-WAY,BEAT_109,2,1,0,6,42.013311,-87.527254,5,5,Saturday,1,21,Night,1,0
2026-02-07 00:13:00,40,CLEAR,DAYLIGHT,PARKED MOTOR VEHICLE,DIVIDED - W/MEDIAN,STRAIGHT AND LEVEL,DRY,NO DEFECTS,Y,WEATHER,BEAT_116,2,2,0,6,42.116279,-87.439042,6,5,Saturday,2,0,Night,1,0
2026-02-07 00:37:00,35,CLEAR,"DARKNESS, LIGHTED ROAD",TURNING,DIVIDED - W/MEDIAN,STRAIGHT AND LEVEL,DRY,NO DEFECTS,N,FOLLOWING TOO CLOSELY,BEAT_109,2,2,0,6,42.011307,-87.520698,6,5,Saturday,2,0,Night,1,0
2026-02-07 00:46:00,30,RAIN,DUSK,PEDESTRIAN,DIVIDED - W/MEDIAN,STRAIGHT AND LEVEL,SNOW OR SLUSH,"RUT, HOLES",N,WEATHER,BEAT_111,1,2,0,6,42.043159,-87.494713,6,5,Saturday,2,0,Night,1,0
2026-02-07 01:26:00,25,SEVERE RAIN,"DARKNESS, LIGHTED ROAD",REAR END,NOT DIVIDED,STRAIGHT AND LEVEL,WET,NO DEFECTS,N,IMPROPER OVERTAKING/PASSING,BEAT_114,2,2,2,6,42.085813,-87.46365,6,5,Saturday,2,1,Night,1,1
2026-02-07 04:57:00,25,CLEAR,DARKNESS,SIDESWIPE SAME DIRECTION,ONE-WAY,STRAIGHT AND LEVEL,ICE,NO DEFECTS,Y,FAILING TO YIELD RIGHT-OF-WAY,BEAT_116,2,2,0,6,42.1118,-87.434485,6,5,Saturday,2,4,Night,1,0
2026-02-07 06:45:00,50,CLEAR,DUSK,TURNING,DIVIDED - W/MEDIAN,STRAIGHT AND LEVEL,WET,NO DEFECTS,Y,DISREGARDING TRAFFIC SIGNALS,BEAT_111,1,2,3,6,42.041807,-87.498071,6,5,Saturday,2,6,Morning_Rush,1,1
2026-02-07 07:53:00,30,CLEAR,"DARKNESS, LIGHTED ROAD",PEDESTRIAN,NOT DIVIDED,STRAIGHT AND LEVEL,DRY,NO DEFECTS,Y,WEATHER,BEAT_105,2,2,1,6,41.948684,-87.573922,6,5,Saturday,2,7,Morning_Rush,1,1
2026-02-07 09:15:00,25,CLEAR,DUSK,TURNING,FOUR WAY INTERSECTION,STRAIGHT AND LEVEL,DRY,NO DEFECTS,Y,DRIVING SKILLS/KNOWLEDGE/EXPERIENCE,BEAT_105,2,2,0,6,41.952609,-87.571364,6,5,Saturday,2,9,Morning_Rush,1,0
2026-02-07 09:26:00,20,CLEAR,DAYLIGHT,REAR END,ONE-WAY,STRAIGHT AND LEVEL,DRY,NO DEFECTS,N,FOLLOWING TOO CLOSELY,BEAT_109,2,2,0,6,42.019905,-87.526905,6,5,Saturday,2,9,Morning_Rush,1,0
2026-02-07 10:39:00,40,CLEAR,DAYLIGHT,REAR END,NOT DIVIDED,STRAIGHT AND LEVEL,DRY,NO DEFECTS,Y,FOLLOWING TOO CLOSELY,BEAT_113,4,2,1,6,42.070601,-87.477943,6,5,Saturday,2,10,Midday,1,1
2026-02-07 10:50:00,25,RAIN,DAYLIGHT,TURNING,DIVIDED - W/MEDIAN,STRAIGHT AND LEVEL,WET,NO DEFECTS,Y,DISREGARDING TRAFFIC SIGNALS,BEAT_119,2,2,0,6,42.163382,-87.400347,6,5,Saturday,2,10,Midday,1,0
2026-02-07 14:37:00,30,CLEAR,DAYLIGHT,REAR END,T-INTERSECTION,STRAIGHT AND LEVEL,DRY,NO DEFECTS,N,FOLLOWING TOO CLOSELY,BEAT_108,2,2,0,6,42.003367,-87.535729,6,5,Saturday,2,14,Midday,1,0
2026-02-07 15:25:00,25,CLEAR,"DARKNESS, LIGHTED ROAD",REAR END,ALLEY,"CURVE, LEVEL",WET,NO DEFECTS,N,FOLLOWING TOO CLOSELY,BEAT_111,3,2,0,6,42.042116,-87.494556,6,5,Saturday,2,15,Midday,1,0
2026-02-07 19:25:00,30,CLEAR,DAYLIGHT,REAR END,NOT DIVIDED,STRAIGHT AND LEVEL,WET,"RUT, HOLES",Y,DRIVING SKILLS/KNOWLEDGE/EXPERIENCE,BEAT_119,3,2,1,6,42.161732,-87.408795,6,5,Saturday,2,19,Evening_Rush,1,1
2026-02-14 00:24:00,35,CLEAR,DAYLIGHT,ANGLE,ONE-WAY,"CURVE, LEVEL",DRY,NO DEFECTS,N,WEATHER,BEAT_120,2,2,1,6,42.179464,-87.388711,7,5,Saturday,2,0,Night,1,1
2026-02-14 04:35:00,25,CLEAR,"DARKNESS, LIGHTED ROAD",ANGLE,DIVIDED - W/MEDIAN,STRAIGHT AND LEVEL,DRY,DEBRIS ON ROAD,Y,FAILING TO YIELD RIGHT-OF-WAY,BEAT_103,1,2,0,6,41.926508,-87.596772,7,5,Saturday,2,4,Night,1,0
2026-02-14 08:16:00,30,CLEAR,DAYLIGHT,REAR END,DIVIDED - W/MEDIAN,STRAIGHT AND LEVEL,DRY,WORN SURFACE,N,FAILING TO YIELD RIGHT-OF-WAY,BEAT_103,2,2,0,6,41.927576,-87.591398,7,5,Saturday,2,8,Morning_Rush,1,0
2026-02-14 08:44:00,30,CLEAR,"DARKNESS, LIGHTED ROAD",REAR END,NOT DIVIDED,STRAIGHT AND LEVEL,DRY,NO DEFECTS,N,FAILING TO YIELD RIGHT-OF-WAY,BEAT_114,2,2,0,6,42.091084,-87.459153,7,5,Saturday,2,8,Morning_Rush,1,0
2026-02-14 09:16:00,50,CLEAR,"DARKNESS, LIGHTED ROAD",REAR END,FOUR WAY INTERSECTION,STRAIGHT AND LEVEL,SNOW OR SLUSH,WORN SURFACE,Y,WEATHER,BEAT_103,2,2,0,6,41.921566,-87.591873,7,5,Saturday,2,9,Morning_Rush,1,0
2026-02-14 14:13:00,25,RAIN,DAYLIGHT,TURNING,NOT DIVIDED,STRAIGHT AND LEVEL,WET,NO DEFECTS,N,FAILING TO YIELD RIGHT-OF-WAY,BEAT_116,1,2,0,6,42.120738,-87.438498,7,5,Saturday,2,14,Midday,1,0
2026-02-14 15:52:00,30,CLEAR,DAYLIGHT,TURNING,FOUR WAY INTERSECTION,STRAIGHT AND LEVEL,DRY,NO DEFECTS,Y,FOLLOWING TOO CLOSELY,BEAT_102,2,2,0,6,41.909755,-87.6039,7,5,Saturday,2,15,Midday,1,0
2026-02-14 18:46:00,25,CLEAR,"DARKNESS, LIGHTED ROAD",TURNING,DIVIDED - W/MEDIAN,STRAIGHT AND LEVEL,SNOW OR SLUSH,NO DEFECTS,N,FAILING TO YIELD RIGHT-OF-WAY,BEAT_118,3,2,1,6,42.151193,-87.412143,7,5,Saturday,2,18,Evening_Rush,1,1
2026-02-21 00:16:00,25,FOG/SMOKE/HAZE,"DARKNESS, LIGHTED ROAD",REAR END,FOUR WAY INTERSECTION,STRAIGHT AND LEVEL,WET,NO DEFECTS,Y,FAILING TO YIELD RIGHT-OF-WAY,BEAT_112,2,2,0,6,42.057714,-87.484684,8,5,Saturday,2,0,Night,1,0
2026-02-21 01:29:00,30,CLEAR,"DARKNESS, LIGHTED ROAD",REAR END,NOT DIVIDED,STRAIGHT AND LEVEL,DRY,NO DEFECTS,N,FOLLOWING TOO CLOSELY,BEAT_104,1,2,0,6,41.935071,-87.581247,8,5,Saturday,2,1,Night,1,0
2026-02-21 01:44:00,35,SNOW,DAYLIGHT,REAR END,FOUR WAY INTERSECTION,STRAIGHT AND LEVEL,WET,NO DEFECTS,Y,DRIVING SKILLS/KNOWLEDGE/EXPERIENCE,BEAT_111,2,2,0,6,42.044636,-87.50187,8,5,Saturday,2,1,Night,1,0
2026-02-21 01:59:00,25,CLEAR,DAYLIGHT,PEDESTRIAN,DIVIDED - W/MEDIAN,"CURVE, LEVEL",DRY,NO DEFECTS,Y,WEATHER,BEAT_101,2,2,0,6,41.890967,-87.611795,8,5,Saturday,2,1,Night,1,0
2026-02-21 09:23:00,40,CLEAR,DAYLIGHT,ANGLE,ONE-WAY,STRAIGHT AND LEVEL,DRY,NO DEFECTS,N,IMPROPER OVERTAKING/PASSING,BEAT_110,3,2,0,6,42.027442,-87.509741,8,5,Saturday,2,9,Morning_Rush,1,0
2026-02-21 11:50:00,30,CLEAR,DARKNESS,FIXED OBJECT,FOUR WAY INTERSECTION,STRAIGHT AND LEVEL,DRY,NO DEFECTS,N,WEATHER,BEAT_117,1,2,0,6,42.132285,-87.4235,8,5,Saturday,2,11,Midday,1,0
2026-02-21 11:54:00,35,CLEAR,DAYLIGHT,TURNING,FOUR WAY INTERSECTION,STRAIGHT ON GRADE,DRY,NO DEFECTS,N,DISREGARDING TRAFFIC SIGNALS,BEAT_113,2,2,0,6,42.071967,-87.470003,8,5,Saturday,2,11,Midday,1,0
2026-02-21 14:03:00,25,RAIN,"DARKNESS, LIGHTED ROAD",PARKED MOTOR VEHICLE,ONE-WAY,STRAIGHT AND LEVEL,ICE,NO DEFECTS,N,FOLLOWING TOO CLOSELY,BEAT_118,2,2,0,6,42.150599,-87.414995,8,5,Saturday,2,14,Midday,1,0
2026-02-21 15:31:00,25,CLEAR,"DARKNESS, LIGHTED ROAD",SIDESWIPE SAME DIRECTION,NOT DIVIDED,STRAIGHT AND LEVEL,DRY,NO DEFECTS,Y,DISREGARDING TRAFFIC SIGNALS,BEAT_105,1,2,1,6,41.956038,-87.568119,8,5,Saturday,2,15,Midday,1,1
2026-02-21 16:35:00,30,CLEAR,"DARKNESS, LIGHTED ROAD",SIDESWIPE SAME DIRECTION,T-INTERSECTION,STRAIGHT AND LEVEL,DRY,NO DEFECTS,N,DRIVING SKILLS/KNOWLEDGE/EXPERIENCE,BEAT_116,2,2,3,6,42.121785,-87.435927,8,5,Saturday,2,16,Evening_Rush,1,1
2026-02-21 18:06:00,25,CLEAR,DARKNESS,SIDESWIPE SAME DIRECTION,NOT DIVIDED,STRAIGHT AND LEVEL,DRY,NO DEFECTS,Y,DRIVING SKILLS/KNOWLEDGE/EXPERIENCE,BEAT_114,2,2,0,6,42.088603,-87.468155,8,5,Saturday,2,18,Evening_Rush,1,0
2026-02-21 19:28:00,25,CLEAR,"DARKNESS, LIGHTED ROAD",ANGLE,DIVIDED - W/MEDIAN,"CURVE, LEVEL",DRY,NO DEFECTS,Y,FOLLOWING TOO CLOSELY,BEAT_105,2,2,0,6,41.949802,-87.569291,8,5,Saturday,2,19,Evening_Rush,1,0
2026-02-21 19:53:00,35,CLEAR,DAYLIGHT,PEDESTRIAN,ONE-WAY,STRAIGHT ON GRADE,WET,NO DEFECTS,N,FAILING TO YIELD RIGHT-OF-WAY,BEAT_110,2,2,0,6,42.026641,-87.507761,8,5,Saturday,2,19,Evening_Rush,1,0
2026-02-21 22:20:00,25,RAIN,DAYLIGHT,TURNING,DIVIDED - W/MEDIAN,STRAIGHT AND LEVEL,WET,NO DEFECTS,N,FOLLOWING TOO CLOSELY,BEAT_101,2,2,0,6,41.894045,-87.616971,8,5,Saturday,2,22,Night,1,0
2026-02-21 23:20:00,40,CLEAR,"DARKNESS, LIGHTED ROAD",SIDESWIPE SAME DIRECTION,DIVIDED - W/MEDIAN,STRAIGHT AND LEVEL,DRY,NO DEFECTS,N,FAILING TO YIELD RIGHT-OF-WAY,BEAT_116,2,2,0,6,42.121221,-87.434323,8,5,Saturday,2,23,Night,1,0
2026-02-21 23:24:00,30,FOG/SMOKE/HAZE,DAYLIGHT,SIDESWIPE SAME DIRECTION,NOT DIVIDED,STRAIGHT AND LEVEL,ICE,"RUT, HOLES",Y,DRIVING SKILLS/KNOWLEDGE/EXPERIENCE,BEAT_113,2,2,0,6,42.074747,-87.474565,8,5,Saturday,2,23,Night,1,0
2026-02-21 23:43:00,25,RAIN,DAYLIGHT,REAR END,FOUR WAY INTERSECTION,STRAIGHT AND LEVEL,SNOW OR SLUSH,NO DEFECTS,N,FOLLOWING TOO CLOSELY,BEAT_120,2,2,0,6,42.179634,-87.393486,8,5,Saturday,2,23,Night,1,0
2026-02-28 00:31:00,25,CLEAR,DAYLIGHT,FIXED OBJECT,DIVIDED - W/MEDIAN,STRAIGHT AND LEVEL,DRY,NO DEFECTS,N,WEATHER,BEAT_109,2,2,0,6,42.014634,-87.518884,9,5,Saturday,2,0,Night,1,0
2026-02-28 03:12:00,30,CLEAR,DAYLIGHT,SIDESWIPE SAME DIRECTION,FOUR WAY INTERSECTION,STRAIGHT AND LEVEL,DRY,"RUT, HOLES",Y,FAILING TO YIELD RIGHT-OF-WAY,BEAT_119,2,2,0,6,42.167435,-87.400759,9,5,Saturday,2,3,Night,1,0
2026-02-28 03:52:00,30,CLEAR,"DARKNESS, LIGHTED ROAD",TURNING,NOT DIVIDED,STRAIGHT AND LEVEL,DRY,NO DEFECTS,N,WEATHER,BEAT_107,2,2,0,6,41.981237,-87.546229,9,5,Saturday,2,3,Night,1,0
2026-02-28 06:43:00,30,SNOW,"DARKNESS, LIGHTED ROAD",ANGLE,DIVIDED - W/MEDIAN,STRAIGHT AND LEVEL,SNOW OR SLUSH,NO DEFECTS,N,WEATHER,BEAT_117,2,2,0,6,42.131716,-87.423603,9,5,Saturday,2,6,Morning_Rush,1,0
2026-02-28 08:12:00,25,RAIN,DAYLIGHT,PEDESTRIAN,DIVIDED - W/MEDIAN,STRAIGHT AND LEVEL,WET,SHOULDER DEFECT,N,FAILING TO YIELD RIGHT-OF-WAY,BEAT_120,2,2,0,6,42.174876,-87.387863,9,5,Saturday,2,8,Morning_Rush,1,0
2026-02-28 09:24:00,25,SNOW,DAYLIGHT,REAR END,ONE-WAY,STRAIGHT AND LEVEL,WET,NO DEFECTS,N,FAILING TO YIELD RIGHT-OF-WAY,BEAT_104,2,2,0,6,41.937492,-87.583915,9,5,Saturday,2,9,Morning_Rush,1,0
2026-02-28 11:24:00,45,CLEAR,DAYLIGHT,REAR END,FOUR WAY INTERSECTION,STRAIGHT AND LEVEL,DRY,NO DEFECTS,N,WEATHER,BEAT_106,2,2,0,6,41.968735,-87.558649,9,5,Saturday,2,11,Midday,1,0
2026-02-28 13:34:00,30,CLEAR,DAYLIGHT,REAR END,DIVIDED - W/MEDIAN,STRAIGHT AND LEVEL,DRY,DEBRIS ON ROAD,Y,FOLLOWING TOO CLOSELY,BEAT_103,2,2,0,6,41.928332,-87.596714,9,5,Saturday,2,13,Midday,1,0
2026-02-28 17:52:00,50,SEVERE RAIN,"DARKNESS, LIGHTED ROAD",TURNING,FOUR WAY INTERSECTION,STRAIGHT AND LEVEL,WET,NO DEFECTS,N,DISREGARDING TRAFFIC SIGNALS,BEAT_103,2,2,1,6,41.920311,-87.598951,9,5,Saturday,2,17,Evening_Rush,1,1
2026-02-28 18:18:00,25,CLEAR,"DARKNESS, LIGHTED ROAD",PARKED MOTOR VEHICLE,DIVIDED - W/MEDIAN,STRAIGHT AND LEVEL,DRY,NO DEFECTS,N,FOLLOWING TOO CLOSELY,BEAT_102,4,2,0,6,41.910838,-87.598922,9,5,Saturday,2,18,Evening_Rush,1,0
2026-02-28 18:37:00,35,RAIN,DAYLIGHT,REAR END,NOT DIVIDED,STRAIGHT AND LEVEL,SNOW OR SLUSH,NO DEFECTS,N,DISREGARDING TRAFFIC SIGNALS,BEAT_120,2,2,0,6,42.180756,-87.386548,9,5,Saturday,2,18,Evening_Rush,1,0
2026-02-28 19:28:00,55,SNOW,DAYLIGHT,SIDESWIPE SAME DIRECTION,FOUR WAY INTERSECTION,STRAIGHT AND LEVEL,WET,NO DEFECTS,Y,FAILING TO YIELD RIGHT-OF-WAY,BEAT_101,2,2,0,6,41.894408,-87.615798,9,5,Saturday,2,19,Evening_Rush,1,0
2026-02-28 21:21:00,30,CLEAR,DAYLIGHT,REAR END,DIVIDED - W/MEDIAN,STRAIGHT AND LEVEL,DRY,NO DEFECTS,Y,FOLLOWING TOO CLOSELY,BEAT_112,1,2,1,6,42.063641,-87.484846,9,5,Saturday,2,21,Night,1,1
2026-03-07 05:20:00,50,CLEAR,DAYLIGHT,ANGLE,NOT DIVIDED,STRAIGHT AND LEVEL,DRY,NO DEFECTS,Y,DISREGARDING TRAFFIC SIGNALS,BEAT_101,2,3,0,6,41.895476,-87.622032,10,5,Saturday,3,5,Night,1,0
2026-03-07 07:16:00,45,CLEAR,DAYLIGHT,PEDESTRIAN,NOT DIVIDED,STRAIGHT AND LEVEL,DRY,NO DEFECTS,N,FOLLOWING TOO CLOSELY,BEAT_102,2,3,0,6,41.910078,-87.602987,10,5,Saturday,3,7,Morning_Rush,1,0
2026-03-07 09:42:00,30,CLEAR,DAYLIGHT,REAR END,FOUR WAY INTERSECTION,STRAIGHT AND LEVEL,DRY,NO DEFECTS,Y,FOLLOWING TOO CLOSELY,BEAT_105,2,3,0,6,41.949903,-87.568152,10,5,Saturday,3,9,Morning_Rush,1,0
2026-03-07 10:49:00,25,CLEAR,DARKNESS,SIDESWIPE SAME DIRECTION,T-INTERSECTION,"CURVE, LEVEL",DRY,NO DEFECTS,N,FAILING TO YIELD RIGHT-OF-WAY,BEAT_111,3,3,0,6,42.038944,-87.499209,10,5,Saturday,3,10,Midday,1,0
2026-03-07 12:18:00,25,CLEAR,"DARKNESS, LIGHTED ROAD",REAR END,NOT DIVIDED,STRAIGHT AND LEVEL,DRY,NO DEFECTS,Y,FOLLOWING TOO CLOSELY,BEAT_119,2,3,1,6,42.159086,-87.401196,10,5,Saturday,3,12,Midday,1,1
2026-03-07 13:35:00,40,RAIN,DAYLIGHT,PARKED MOTOR VEHICLE,DIVIDED - W/MEDIAN,STRAIGHT AND LEVEL,WET,WORN SURFACE,Y,FOLLOWING TOO CLOSELY,BEAT_118,2,3,0,6,42.150587,-87.415002,10,5,Saturday,3,13,Midday,1,0
2026-03-07 18:10:00,35,CLEAR,DAYLIGHT,REAR END,DIVIDED - W/MEDIAN,STRAIGHT AND LEVEL,DRY,WORN SURFACE,N,WEATHER,BEAT_120,2,3,0,6,42.174005,-87.389899,10,5,Saturday,3,18,Evening_Rush,1,0
2026-03-07 18:29:00,40,CLEAR,DAYLIGHT,PARKED MOTOR VEHICLE,ONE-WAY,STRAIGHT AND LEVEL,DRY,NO DEFECTS,Y,DISREGARDING TRAFFIC SIGNALS,BEAT_111,1,3,0,6,42.047381,-87.500707,10,5,Saturday,3,18,Evening_Rush,1,0
2026-03-14 02:01:00,35,SEVERE RAIN,"DARKNESS, LIGHTED ROAD",ANGLE,ONE-WAY,STRAIGHT AND LEVEL,SNOW OR SLUSH,"RUT, HOLES",Y,DRIVING SKILLS/KNOWLEDGE/EXPERIENCE,BEAT_112,3,3,1,6,42.056349,-87.48599,11,5,Saturday,3,2,Night,1,1
2026-03-14 03:14:00,25,FOG/SMOKE/HAZE,DARKNESS,TURNING,DIVIDED - W/MEDIAN,STRAIGHT AND LEVEL,WET,NO DEFECTS,N,FOLLOWING TOO CLOSELY,BEAT_119,2,3,0,6,42.157903,-87.40298,11,5,Saturday,3,3,Night,1,0
2026-03-14 03:47:00,25,CLEAR,"DARKNESS, LIGHTED ROAD",PEDESTRIAN,DIVIDED - W/MEDIAN,STRAIGHT AND LEVEL,DRY,NO DEFECTS,N,DISREGARDING TRAFFIC SIGNALS,BEAT_119,2,3,0,6,42.16264,-87.408465,11,5,Saturday,3,3,Night,1,0
2026-03-14 06:21:00,20,CLEAR,DAYLIGHT,ANGLE,DIVIDED - W/MEDIAN,STRAIGHT AND LEVEL,DRY,NO DEFECTS,N,PHYSICAL CONDITION OF DRIVER,BEAT_115,2,3,0,6,42.106736,-87.447332,11,5,Saturday,3,6,Morning_Rush,1,0
2026-03-14 10:01:00,30,CLEAR,DAYLIGHT,TURNING,ONE-WAY,"CURVE, LEVEL",SNOW OR SLUSH,DEBRIS ON ROAD,Y,FOLLOWING TOO CLOSELY,BEAT_113,2,3,0,6,42.073003,-87.47302,11,5,Saturday,3,10,Midday,1,0
2026-03-14 14:39:00,30,CLEAR,"DARKNESS, LIGHTED ROAD",PARKED MOTOR VEHICLE,ONE-WAY,STRAIGHT AND LEVEL,ICE,NO DEFECTS,Y,FOLLOWING TOO CLOSELY,BEAT_110,2,3,0,6,42.02864,-87.509196,11,5,Saturday,3,14,Midday,1,0
2026-03-14 16:40:00,30,RAIN,DAYLIGHT,REAR END,DIVIDED - W/MEDIAN,STRAIGHT AND LEVEL,SNOW OR SLUSH,"RUT, HOLES",Y,FOLLOWING TOO CLOSELY,BEAT_114,2,3,0,6,42.093551,-87.456972,11,5,Saturday,3,16,Evening_Rush,1,0
2026-03-14 17:46:00,40,CLEAR,DAYLIGHT,TURNING,NOT DIVIDED,STRAIGHT AND LEVEL,DRY,NO DEFECTS,N,FAILING TO YIELD RIGHT-OF-WAY,BEAT_113,2,3,0,6,42.06876,-87.470003,11,5,Saturday,3,17,Evening_Rush,1,0
2026-03-14 18:18:00,20,SNOW,DAYLIGHT,REAR END,NOT DIVIDED,STRAIGHT AND LEVEL,WET,NO DEFECTS,N,DRIVING SKILLS/KNOWLEDGE/EXPERIENCE,BEAT_109,1,3,0,6,42.008903,-87.522582,11,5,Saturday,3,18,Evening_Rush,1,0
2026-03-14 20:26:00,30,CLEAR,DAYLIGHT,ANGLE,NOT DIVIDED,STRAIGHT AND LEVEL,WET,NO DEFECTS,N,DRIVING SKILLS/KNOWLEDGE/EXPERIENCE,BEAT_101,3,3,0,6,41.893175,-87.620256,11,5,Saturday,3,20,Night,1,0
2026-03-14 20:42:00,25,CLEAR,DAWN,TURNING,FOUR WAY INTERSECTION,STRAIGHT AND LEVEL,DRY,NO DEFECTS,Y,FOLLOWING TOO CLOSELY,BEAT_106,1,3,0,6,41.96798,-87.55912,11,5,Saturday,3,20,Night,1,0
2026-03-14 21:40:00,25,CLEAR,DAYLIGHT,PEDESTRIAN,ONE-WAY,STRAIGHT AND LEVEL,DRY,NO DEFECTS,N,DRIVING SKILLS/KNOWLEDGE/EXPERIENCE,BEAT_104,2,3,0,6,41.938621,-87.581973,11,5,Saturday,3,21,Night,1,0
2026-03-21 05:03:00,30,CLEAR,"DARKNESS, LIGHTED ROAD",REAR END,ALLEY,STRAIGHT AND LEVEL,DRY,NO DEFECTS,Y,FOLLOWING TOO CLOSELY,BEAT_120,1,3,2,6,42.172804,-87.390643,12,5,Saturday,3,5,Night,1,1
2026-03-21 07:56:00,30,RAIN,DAYLIGHT,REAR END,DIVIDED - W/MEDIAN,STRAIGHT AND LEVEL,WET,NO DEFECTS,Y,DRIVING SKILLS/KNOWLEDGE/EXPERIENCE,BEAT_105,2,3,1,6,41.953696,-87.571669,12,5,Saturday,3,7,Morning_Rush,1,1
2026-03-21 13:31:00,50,CLEAR,DAYLIGHT,REAR END,NOT DIVIDED,STRAIGHT AND LEVEL,DRY,NO DEFECTS,Y,FOLLOWING TOO CLOSELY,BEAT_107,2,3,0,6,41.987639,-87.548787,12,5,Saturday,3,13,Midday,1,0
2026-03-21 17:55:00,30,RAIN,DAYLIGHT,PARKED MOTOR VEHICLE,DIVIDED - W/MEDIAN,"CURVE, LEVEL",WET,NO DEFECTS,Y,FOLLOWING TOO CLOSELY,BEAT_109,4,3,0,6,42.012863,-87.522909,12,5,Saturday,3,17,Evening_Rush,1,0
2026-03-21 23:57:00,40,RAIN,"DARKNESS, LIGHTED ROAD",REAR END,ALLEY,STRAIGHT AND LEVEL,WET,NO DEFECTS,Y,DISREGARDING TRAFFIC SIGNALS,BEAT_118,2,3,1,6,42.146538,-87.41076,12,5,Saturday,3,23,Night,1,1
2026-03-28 06:55:00,30,CLEAR,DARKNESS,SIDESWIPE SAME DIRECTION,DIVIDED - W/MEDIAN,STRAIGHT AND LEVEL,WET,NO DEFECTS,Y,DISREGARDING TRAFFIC SIGNALS,BEAT_118,2,3,0,6,42.143916,-87.410339,13,5,Saturday,3,6,Morning_Rush,1,0
2026-03-28 09:37:00,35,RAIN,DAYLIGHT,ANGLE,FOUR WAY INTERSECTION,STRAIGHT AND LEVEL,ICE,NO DEFECTS,Y,FOLLOWING TOO CLOSELY,BEAT_105,2,3,0,6,41.95707,-87.565289,13,5,Saturday,3,9,Morning_Rush,1,0
2026-03-28 10:59:00,30,CLEAR,DAYLIGHT,PEDESTRIAN,DIVIDED - W/MEDIAN,STRAIGHT AND LEVEL,DRY,NO DEFECTS,N,WEATHER,BEAT_112,2,3,0,6,42.058832,-87.487335,13,5,Saturday,3,10,Midday,1,0
2026-03-28 11:12:00,30,CLEAR,"DARKNESS, LIGHTED ROAD",TURNING,FOUR WAY INTERSECTION,STRAIGHT AND LEVEL,DRY,NO DEFECTS,Y,FOLLOWING TOO CLOSELY,BEAT_113,2,3,1,6,42.068427,-87.470637,13,5,Saturday,3,11,Midday,1,1
2026-03-28 15:48:00,35,CLEAR,DAYLIGHT,ANGLE,DIVIDED - W/MEDIAN,STRAIGHT AND LEVEL,DRY,NO DEFECTS,N,FOLLOWING TOO CLOSELY,BEAT_115,2,3,0,6,42.101376,-87.447067,13,5,Saturday,3,15,Midday,1,0
2026-03-28 15:54:00,25,CLEAR,"DARKNESS, LIGHTED ROAD",REAR END,DIVIDED - W/MEDIAN,STRAIGHT AND LEVEL,WET,NO DEFECTS,N,FOLLOWING TOO CLOSELY,BEAT_103,1,3,0,6,41.922491,-87.595297,13,5,Saturday,3,15,Midday,1,0
2026-03-28 16:11:00,35,CLEAR,DAYLIGHT,REAR END,ONE-WAY,STRAIGHT AND LEVEL,DRY,NO DEFECTS,Y,FAILING TO YIELD RIGHT-OF-WAY,BEAT_116,2,3,0,6,42.116932,-87.433027,13,5,Saturday,3,16,Evening_Rush,1,0
2026-03-28 17:13:00,25,CLEAR,DAYLIGHT,ANGLE,DIVIDED - W/MEDIAN,STRAIGHT AND LEVEL,DRY,NO DEFECTS,Y,FOLLOWING TOO CLOSELY,BEAT_117,2,3,0,6,42.134176,-87.419759,13,5,Saturday,3,17,Evening_Rush,1,0
2026-03-28 19:04:00,30,CLEAR,DAYLIGHT,PARKED MOTOR VEHICLE,DIVIDED - W/MEDIAN,STRAIGHT AND LEVEL,DRY,NO DEFECTS,N,WEATHER,BEAT_109,2,3,0,6,42.00934,-87.519906,13,5,Saturday,3,19,Evening_Rush,1,0
2026-03-28 20:18:00,25,CLEAR,"DARKNESS, LIGHTED ROAD",TURNING,T-INTERSECTION,STRAIGHT AND LEVEL,DRY,NO DEFECTS,Y,FOLLOWING TOO CLOSELY,BEAT_118,2,3,0,6,42.14633,-87.413882,13,5,Saturday,3,20,Night,1,0
2026-03-28 21:29:00,25,CLEAR,DAYLIGHT,TURNING,DIVIDED - W/MEDIAN,"CURVE, LEVEL",DRY,DEBRIS ON ROAD,Y,IMPROPER OVERTAKING/PASSING,BEAT_105,2,3,0,6,41.959466,-87.566392,13,5,Saturday,3,21,Night,1,0
2026-04-04 00:07:00,30,CLEAR,DAYLIGHT,SIDESWIPE SAME DIRECTION,DIVIDED - W/MEDIAN,STRAIGHT AND LEVEL,DRY,NO DEFECTS,Y,FAILING TO YIELD RIGHT-OF-WAY,BEAT_113,2,4,0,6,42.075217,-87.476992,14,5,Saturday,4,0,Night,1,0
2026-04-04 00:27:00,40,SEVERE RAIN,DARKNESS,SIDESWIPE SAME DIRECTION,ONE-WAY,"CURVE, LEVEL",WET,NO DEFECTS,N,DRIVING SKILLS/KNOWLEDGE/EXPERIENCE,BEAT_120,2,4,0,6,42.175675,-87.393952,14,5,Saturday,4,0,Night,1,0
2026-04-04 01:34:00,30,CLEAR,DAYLIGHT,REAR END,DIVIDED - W/MEDIAN,STRAIGHT AND LEVEL,WET,"RUT, HOLES",Y,FAILING TO YIELD RIGHT-OF-WAY,BEAT_118,2,4,1,6,42.144797,-87.417562,14,5,Saturday,4,1,Night,1,1
2026-04-04 03:01:00,30,SNOW,"DARKNESS, LIGHTED ROAD",REAR END,NOT DIVIDED,STRAIGHT AND LEVEL,WET,NO DEFECTS,Y,FAILING TO YIELD RIGHT-OF-WAY,BEAT_109,2,4,0,6,42.016928,-87.522845,14,5,Saturday,4,3,Night,1,0
2026-04-04 03:22:00,25,CLEAR,"DARKNESS, LIGHTED ROAD",TURNING,NOT DIVIDED,STRAIGHT AND LEVEL,DRY,NO DEFECTS,N,DRIVING SKILLS/KNOWLEDGE/EXPERIENCE,BEAT_103,2,4,0,6,41.925801,-87.595641,14,5,Saturday,4,3,Night,1,0
2026-04-04 07:16:00,30,CLEAR,"DARKNESS, LIGHTED ROAD",REAR END,NOT DIVIDED,STRAIGHT AND LEVEL,WET,NO DEFECTS,Y,DISREGARDING TRAFFIC SIGNALS,BEAT_118,2,4,0,6,42.149454,-87.412596,14,5,Saturday,4,7,Morning_Rush,1,0
2026-04-04 07:23:00,25,RAIN,DAYLIGHT,SIDESWIPE SAME DIRECTION,NOT DIVIDED,STRAIGHT AND LEVEL,SNOW OR SLUSH,NO DEFECTS,N,DRIVING SKILLS/KNOWLEDGE/EXPERIENCE,BEAT_113,2,4,1,6,42.073044,-87.478929,14,5,Saturday,4,7,Morning_Rush,1,1
2026-04-04 09:00:00,25,CLEAR,DAYLIGHT,SIDESWIPE SAME DIRECTION,ONE-WAY,STRAIGHT AND LEVEL,DRY,NO DEFECTS,N,PHYSICAL CONDITION OF DRIVER,BEAT_110,2,4,0,6,42.028278,-87.502874,14,5,Saturday,4,9,Morning_Rush,1,0
2026-04-04 10:20:00,25,CLEAR,DARKNESS,REAR END,ONE-WAY,STRAIGHT AND LEVEL,DRY,NO DEFECTS,Y,IMPROPER OVERTAKING/PASSING,BEAT_120,2,4,1,6,42.17686,-87.385829,14,5,Saturday,4,10,Midday,1,1
2026-04-04 14:38:00,25,RAIN,"DARKNESS, LIGHTED ROAD",TURNING,ONE-WAY,STRAIGHT AND LEVEL,WET,NO DEFECTS,Y,DRIVING SKILLS/KNOWLEDGE/EXPERIENCE,BEAT_116,3,4,2,6,42.11619,-87.439636,14,5,Saturday,4,14,Midday,1,1
2026-04-04 15:56:00,20,CLEAR,DAYLIGHT,REAR END,ALLEY,STRAIGHT AND LEVEL,DRY,NO DEFECTS,Y,FAILING TO YIELD RIGHT-OF-WAY,BEAT_119,2,4,0,6,42.162808,-87.400355,14,5,Saturday,4,15,Midday,1,0
2026-04-04 18:11:00,30,CLEAR,DAYLIGHT,SIDESWIPE SAME DIRECTION,T-INTERSECTION,STRAIGHT AND LEVEL,DRY,"RUT, HOLES",N,FAILING TO YIELD RIGHT-OF-WAY,BEAT_112,2,4,0,6,42.055184,-87.483143,14,5,Saturday,4,18,Evening_Rush,1,0
2026-04-04 18:22:00,50,CLEAR,DAYLIGHT,ANGLE,DIVIDED - W/MEDIAN,STRAIGHT AND LEVEL,DRY,"RUT, HOLES",Y,FAILING TO YIELD RIGHT-OF-WAY,BEAT_118,2,4,0,6,42.146861,-87.413375,14,5,Saturday,4,18,Evening_Rush,1,0
2026-04-04 18:38:00,25,CLEAR,DAYLIGHT,REAR END,DIVIDED - W/MEDIAN,STRAIGHT AND LEVEL,DRY,NO DEFECTS,Y,DRIVING SKILLS/KNOWLEDGE/EXPERIENCE,BEAT_105,2,4,0,6,41.956159,-87.569867,14,5,Saturday,4,18,Evening_Rush,1,0
2026-04-04 21:14:00,25,CLEAR,DAYLIGHT,REAR END,ONE-WAY,STRAIGHT AND LEVEL,WET,NO DEFECTS,N,DISREGARDING TRAFFIC SIGNALS,BEAT_106,2,4,0,6,41.975641,-87.554227,14,5,Saturday,4,21,Night,1,0
2026-04-04 21:38:00,35,RAIN,DARKNESS,SIDESWIPE SAME DIRECTION,ONE-WAY,STRAIGHT AND LEVEL,WET,NO DEFECTS,N,FAILING TO YIELD RIGHT-OF-WAY,BEAT_116,2,4,2,6,42.117505,-87.434791,14,5,Saturday,4,21,Night,1,1
2026-04-11 01:28:00,25,CLEAR,DAYLIGHT,REAR END,FOUR WAY INTERSECTION,STRAIGHT ON GRADE,DRY,NO DEFECTS,N,FOLLOWING TOO CLOSELY,BEAT_116,3,4,0,6,42.124183,-87.43692,15,5,Saturday,4,1,Night,1,0
2026-04-11 02:53:00,25,CLEAR,"DARKNESS, LIGHTED ROAD",SIDESWIPE SAME DIRECTION,NOT DIVIDED,STRAIGHT AND LEVEL,WET,NO DEFECTS,N,FOLLOWING TOO CLOSELY,BEAT_104,2,4,0,6,41.9393,-87.578493,15,5,Saturday,4,2,Night,1,0
2026-04-11 13:24:00,25,RAIN,DUSK,TURNING,ONE-WAY,STRAIGHT AND LEVEL,WET,NO DEFECTS,Y,FOLLOWING TOO CLOSELY,BEAT_115,1,4,0,6,42.102959,-87.444378,15,5,Saturday,4,13,Midday,1,0
2026-04-11 14:26:00,25,CLEAR,DAYLIGHT,REAR END,FOUR WAY INTERSECTION,STRAIGHT AND LEVEL,DRY,NO DEFECTS,Y,WEATHER,BEAT_117,2,4,1,6,42.135972,-87.429473,15,5,Saturday,4,14,Midday,1,1
2026-04-11 15:42:00,25,CLEAR,DAYLIGHT,REAR END,DIVIDED - W/MEDIAN,STRAIGHT AND LEVEL,WET,NO DEFECTS,N,DRIVING SKILLS/KNOWLEDGE/EXPERIENCE,BEAT_101,2,4,0,6,41.894266,-87.614955,15,5,Saturday,4,15,Midday,1,0
2026-04-11 16:26:00,35,CLEAR,"DARKNESS, LIGHTED ROAD",SIDESWIPE SAME DIRECTION,DIVIDED - W/MEDIAN,STRAIGHT AND LEVEL,WET,NO DEFECTS,Y,FOLLOWING TOO CLOSELY,BEAT_120,3,4,0,6,42.182413,-87.387865,15,5,Saturday,4,16,Evening_Rush,1,0
2026-04-11 17:10:00,25,CLEAR,DAYLIGHT,ANGLE,DIVIDED - W/MEDIAN,STRAIGHT AND LEVEL,DRY,NO DEFECTS,Y,FAILING TO YIELD RIGHT-OF-WAY,BEAT_110,2,4,0,6,42.027251,-87.511296,15,5,Saturday,4,17,Evening_Rush,1,0
2026-04-11 20:30:00,30,CLEAR,DAYLIGHT,SIDESWIPE SAME DIRECTION,DIVIDED - W/MEDIAN,STRAIGHT AND LEVEL,DRY,WORN SURFACE,N,FOLLOWING TOO CLOSELY,BEAT_114,2,4,0,6,42.085542,-87.467053,15,5,Saturday,4,20,Night,1,0
2026-04-11 20:41:00,25,CLEAR,DAYLIGHT,REAR END,ALLEY,STRAIGHT AND LEVEL,DRY,NO DEFECTS,N,FAILING TO YIELD RIGHT-OF-WAY,BEAT_105,2,4,0,6,41.950234,-87.564065,15,5,Saturday,4,20,Night,1,0
2026-04-11 21:04:00,30,RAIN,"DARKNESS, LIGHTED ROAD",TURNING,FOUR WAY INTERSECTION,STRAIGHT AND LEVEL,SNOW OR SLUSH,NO DEFECTS,Y,FAILING TO YIELD RIGHT-OF-WAY,BEAT_116,2,4,0,6,42.111619,-87.434078,15,5,Saturday,4,21,Night,1,0
2026-04-18 00:19:00,50,CLEAR,DAYLIGHT,REAR END,FOUR WAY INTERSECTION,STRAIGHT AND LEVEL,DRY,NO DEFECTS,N,DRIVING SKILLS/KNOWLEDGE/EXPERIENCE,BEAT_117,2,4,0,6,42.134066,-87.427317,16,5,Saturday,4,0,Night,1,0
2026-04-18 04:55:00,25,CLEAR,DAYLIGHT,PEDESTRIAN,DIVIDED - W/MEDIAN,STRAIGHT AND LEVEL,DRY,NO DEFECTS,Y,WEATHER,BEAT_120,2,4,0,6,42.17872,-87.389861,16,5,Saturday,4,4,Night,1,0
2026-04-18 05:00:00,25,CLEAR,"DARKNESS, LIGHTED ROAD",PARKED MOTOR VEHICLE,NOT DIVIDED,STRAIGHT AND LEVEL,DRY,NO DEFECTS,N,FAILING TO YIELD RIGHT-OF-WAY,BEAT_119,2,4,0,6,42.161088,-87.401775,16,5,Saturday,4,5,Night,1,0
2026-04-18 05:12:00,25,RAIN,DARKNESS,ANGLE,DIVIDED - W/MEDIAN,STRAIGHT AND LEVEL,WET,NO DEFECTS,N,DISREGARDING TRAFFIC SIGNALS,BEAT_117,1,4,0,6,42.130313,-87.427807,16,5,Saturday,4,5,Night,1,0
2026-04-18 06:45:00,25,CLEAR,DUSK,SIDESWIPE SAME DIRECTION,DIVIDED - W/MEDIAN,STRAIGHT AND LEVEL,DRY,NO DEFECTS,Y,DRIVING SKILLS/KNOWLEDGE/EXPERIENCE,BEAT_110,2,4,0,6,42.024712,-87.508508,16,5,Saturday,4,6,Morning_Rush,1,0
2026-04-18 08:21:00,25,CLEAR,"DARKNESS, LIGHTED ROAD",TURNING,FOUR WAY INTERSECTION,STRAIGHT AND LEVEL,DRY,NO DEFECTS,N,FAILING TO YIELD RIGHT-OF-WAY,BEAT_110,2,4,0,6,42.029696,-87.508395,16,5,Saturday,4,8,Morning_Rush,1,0
2026-04-18 11:04:00,30,CLEAR,"DARKNESS, LIGHTED ROAD",FIXED OBJECT,DIVIDED - W/MEDIAN,STRAIGHT AND LEVEL,DRY,NO DEFECTS,Y,DRIVING SKILLS/KNOWLEDGE/EXPERIENCE,BEAT_120,3,4,0,6,42.180038,-87.390587,16,5,Saturday,4,11,Midday,1,0
2026-04-18 11:13:00,30,CLEAR,DAYLIGHT,SIDESWIPE SAME DIRECTION,DIVIDED - W/MEDIAN,"CURVE, LEVEL",DRY,NO DEFECTS,Y,DRIVING SKILLS/KNOWLEDGE/EXPERIENCE,BEAT_102,2,4,1,6,41.905588,-87.612121,16,5,Saturday,4,11,Midday,1,1
2026-04-18 11:50:00,35,CLEAR,DARKNESS,PARKED MOTOR VEHICLE,DIVIDED - W/MEDIAN,STRAIGHT ON GRADE,DRY,NO DEFECTS,N,WEATHER,BEAT_106,2,4,0,6,41.962811,-87.554368,16,5,Saturday,4,11,Midday,1,0
2026-04-18 11:58:00,40,CLEAR,DAYLIGHT,TURNING,DIVIDED - W/MEDIAN,STRAIGHT AND LEVEL,DRY,NO DEFECTS,N,FOLLOWING TOO CLOSELY,BEAT_120,3,4,0,6,42.173998,-87.389763,16,5,Saturday,4,11,Midday,1,0
2026-04-18 13:52:00,25,CLEAR,DAYLIGHT,FIXED OBJECT,DIVIDED - W/MEDIAN,STRAIGHT AND LEVEL,SNOW OR SLUSH,NO DEFECTS,Y,FOLLOWING TOO CLOSELY,BEAT_109,2,4,0,6,42.013527,-87.524051,16,5,Saturday,4,13,Midday,1,0
2026-04-18 16:59:00,40,RAIN,"DARKNESS, LIGHTED ROAD",PARKED MOTOR VEHICLE,NOT DIVIDED,STRAIGHT AND LEVEL,WET,NO DEFECTS,N,DISREGARDING TRAFFIC SIGNALS,BEAT_115,1,4,1,6,42.098057,-87.4513,16,5,Saturday,4,16,Evening_Rush,1,1
2026-04-18 19:56:00,35,CLEAR,DAYLIGHT,PEDESTRIAN,DIVIDED - W/MEDIAN,STRAIGHT ON GRADE,"SAND, MUD, DIRT",NO DEFECTS,Y,FAILING TO YIELD RIGHT-OF-WAY,BEAT_120,1,4,0,6,42.177468,-87.382512,16,5,Saturday,4,19,Evening_Rush,1,0
2026-04-18 20:32:00,30,FOG/SMOKE/HAZE,DAYLIGHT,PARKED MOTOR VEHICLE,DIVIDED - W/MEDIAN,STRAIGHT AND LEVEL,WET,NO DEFECTS,N,WEATHER,BEAT_113,1,4,0,6,42.068248,-87.472761,16,5,Saturday,4,20,Night,1,0
2026-04-18 22:52:00,35,CLEAR,DAYLIGHT,REAR END,DIVIDED - W/MEDIAN,STRAIGHT AND LEVEL,WET,NO DEFECTS,Y,DRIVING SKILLS/KNOWLEDGE/EXPERIENCE,BEAT_102,2,4,0,6,41.910664,-87.601937,16,5,Saturday,4,22,Night,1,0
2026-04-25 02:29:00,40,RAIN,DAYLIGHT,REAR END,DIVIDED - W/MEDIAN,STRAIGHT AND LEVEL,WET,NO DEFECTS,Y,DISREGARDING TRAFFIC SIGNALS,BEAT_120,4,4,1,6,42.180691,-87.385987,17,5,Saturday,4,2,Night,1,1
2026-04-25 02:37:00,45,CLEAR,"DARKNESS, LIGHTED ROAD",REAR END,FOUR WAY INTERSECTION,"CURVE, LEVEL",WET,NO DEFECTS,Y,FAILING TO YIELD RIGHT-OF-WAY,BEAT_104,2,4,1,6,41.941625,-87.583027,17,5,Saturday,4,2,Night,1,1
2026-04-25 03:02:00,25,RAIN,DAWN,REAR END,NOT DIVIDED,STRAIGHT AND LEVEL,WET,NO DEFECTS,N,WEATHER,BEAT_103,2,4,0,6,41.921355,-87.593052,17,5,Saturday,4,3,Night,1,0
2026-04-25 04:24:00,35,CLEAR,DAYLIGHT,FIXED OBJECT,T-INTERSECTION,STRAIGHT AND LEVEL,DRY,NO DEFECTS,N,PHYSICAL CONDITION OF DRIVER,BEAT_106,2,4,0,6,41.969464,-87.556146,17,5,Saturday,4,4,Night,1,0
2026-04-25 08:20:00,40,SNOW,DAYLIGHT,ANGLE,NOT DIVIDED,STRAIGHT AND LEVEL,WET,NO DEFECTS,Y,DRIVING SKILLS/KNOWLEDGE/EXPERIENCE,BEAT_103,2,4,0,6,41.921884,-87.589424,17,5,Saturday,4,8,Morning_Rush,1,0
2026-04-25 08:54:00,25,RAIN,DARKNESS,REAR END,DIVIDED - W/MEDIAN,STRAIGHT AND LEVEL,WET,WORN SURFACE,N,WEATHER,BEAT_107,1,4,1,6,41.984991,-87.552526,17,5,Saturday,4,8,Morning_Rush,1,1
2026-04-25 10:33:00,30,CLEAR,"DARKNESS, LIGHTED ROAD",REAR END,DIVIDED - W/MEDIAN,STRAIGHT ON GRADE,DRY,NO DEFECTS,N,FOLLOWING TOO CLOSELY,BEAT_115,2,4,0,6,42.100254,-87.452399,17,5,Saturday,4,10,Midday,1,0
2026-04-25 12:25:00,40,SEVERE RAIN,"DARKNESS, LIGHTED ROAD",ANGLE,NOT DIVIDED,STRAIGHT AND LEVEL,WET,NO DEFECTS,N,DRIVING SKILLS/KNOWLEDGE/EXPERIENCE,BEAT_116,1,4,0,6,42.114265,-87.440486,17,5,Saturday,4,12,Midday,1,0
2026-04-25 14:15:00,30,SEVERE RAIN,"DARKNESS, LIGHTED ROAD",REAR END,NOT DIVIDED,STRAIGHT AND LEVEL,SNOW OR SLUSH,NO DEFECTS,Y,WEATHER,BEAT_117,2,4,1,6,42.130915,-87.424628,17,5,Saturday,4,14,Midday,1,1
2026-04-25 17:05:00,30,CLEAR,DAYLIGHT,REAR END,ALLEY,STRAIGHT AND LEVEL,WET,NO DEFECTS,Y,FOLLOWING TOO CLOSELY,BEAT_110,2,4,0,6,42.02994,-87.507842,17,5,Saturday,4,17,Evening_Rush,1,0
2026-04-25 17:37:00,25,CLEAR,DAYLIGHT,SIDESWIPE SAME DIRECTION,NOT DIVIDED,STRAIGHT AND LEVEL,DRY,NO DEFECTS,Y,FOLLOWING TOO CLOSELY,BEAT_104,2,4,0,6,41.938634,-87.584717,17,5,Saturday,4,17,Evening_Rush,1,0
2026-04-25 21:12:00,25,CLEAR,DAYLIGHT,REAR END,ONE-WAY,"CURVE, LEVEL",DRY,NO DEFECTS,N,FOLLOWING TOO CLOSELY,BEAT_116,1,4,0,6,42.116575,-87.431535,17,5,Saturday,4,21,Night,1,0
2026-04-25 21:40:00,30,RAIN,DAYLIGHT,PARKED MOTOR VEHICLE,DIVIDED - W/MEDIAN,STRAIGHT AND LEVEL,WET,WORN SURFACE,N,DISREGARDING TRAFFIC SIGNALS,BEAT_116,1,4,0,6,42.118622,-87.437868,17,5,Saturday,4,21,Night,1,0
2026-05-02 01:27:00,25,RAIN,"DARKNESS, LIGHTED ROAD",PARKED MOTOR VEHICLE,ONE-WAY,CURVE ON GRADE,WET,NO DEFECTS,Y,FAILING TO YIELD RIGHT-OF-WAY,BEAT_113,2,5,0,6,42.069727,-87.475119,18,5,Saturday,5,1,Night,1,0
2026-05-02 01:41:00,25,CLEAR,"DARKNESS, LIGHTED ROAD",SIDESWIPE SAME DIRECTION,ONE-WAY,STRAIGHT AND LEVEL,DRY,NO DEFECTS,Y,FAILING TO YIELD RIGHT-OF-WAY,BEAT_102,2,5,0,6,41.906891,-87.599896,18,5,Saturday,5,1,Night,1,0
2026-05-02 04:18:00,40,CLEAR,DUSK,TURNING,NOT DIVIDED,STRAIGHT AND LEVEL,DRY,NO DEFECTS,Y,FAILING TO YIELD RIGHT-OF-WAY,BEAT_109,2,5,0,6,42.013726,-87.525858,18,5,Saturday,5,4,Night,1,0
2026-05-02 12:08:00,25,CLEAR,"DARKNESS, LIGHTED ROAD",SIDESWIPE SAME DIRECTION,T-INTERSECTION,STRAIGHT AND LEVEL,DRY,NO DEFECTS,Y,WEATHER,BEAT_106,2,5,0,6,41.96777,-87.560483,18,5,Saturday,5,12,Midday,1,0
2026-05-02 14:32:00,40,CLEAR,"DARKNESS, LIGHTED ROAD",PARKED MOTOR VEHICLE,NOT DIVIDED,STRAIGHT AND LEVEL,WET,NO DEFECTS,Y,DRIVING SKILLS/KNOWLEDGE/EXPERIENCE,BEAT_108,2,5,0,6,41.996102,-87.536554,18,5,Saturday,5,14,Midday,1,0
2026-05-02 17:05:00,20,CLEAR,DAYLIGHT,REAR END,NOT DIVIDED,STRAIGHT AND LEVEL,SNOW OR SLUSH,NO DEFECTS,N,FAILING TO YIELD RIGHT-OF-WAY,BEAT_107,2,5,0,6,41.982345,-87.545387,18,5,Saturday,5,17,Evening_Rush,1,0
2026-05-02 20:31:00,25,CLEAR,DUSK,FIXED OBJECT,DIVIDED - W/MEDIAN,STRAIGHT AND LEVEL,DRY,NO DEFECTS,Y,DISREGARDING TRAFFIC SIGNALS,BEAT_110,2,5,0,6,42.02799,-87.504089,18,5,Saturday,5,20,Night,1,0
2026-05-02 20:45:00,25,RAIN,DAYLIGHT,PARKED MOTOR VEHICLE,DIVIDED - W/MEDIAN,STRAIGHT AND LEVEL,WET,"RUT, HOLES",N,DRIVING SKILLS/KNOWLEDGE/EXPERIENCE,BEAT_105,4,5,0,6,41.955064,-87.569246,18,5,Saturday,5,20,Night,1,0
2026-05-02 22:38:00,25,CLEAR,DAYLIGHT,SIDESWIPE SAME DIRECTION,ALLEY,STRAIGHT AND LEVEL,DRY,NO DEFECTS,Y,WEATHER,BEAT_117,2,5,0,6,42.134007,-87.430778,18,5,Saturday,5,22,Night,1,0
2026-05-02 22:52:00,20,CLEAR,"DARKNESS, LIGHTED ROAD",PARKED MOTOR VEHICLE,DIVIDED - W/MEDIAN,STRAIGHT AND LEVEL,DRY,SHOULDER DEFECT,Y,FOLLOWING TOO CLOSELY,BEAT_101,2,5,0,6,41.889711,-87.618169,18,5,Saturday,5,22,Night,1,0
2026-05-09 00:32:00,25,CLEAR,DAYLIGHT,REAR END,DIVIDED - W/MEDIAN,STRAIGHT AND LEVEL,DRY,DEBRIS ON ROAD,N,WEATHER,BEAT_111,3,5,1,6,42.045529,-87.498736,19,5,Saturday,5,0,Night,1,1
2026-05-09 01:00:00,20,CLEAR,DAYLIGHT,REAR END,NOT DIVIDED,STRAIGHT AND LEVEL,DRY,NO DEFECTS,N,IMPROPER OVERTAKING/PASSING,BEAT_118,1,5,0,6,42.14587,-87.411859,19,5,Saturday,5,1,Night,1,0
2026-05-09 08:03:00,25,CLEAR,DARKNESS,PARKED MOTOR VEHICLE,NOT DIVIDED,STRAIGHT AND LEVEL,WET,"RUT, HOLES",N,FOLLOWING TOO CLOSELY,BEAT_112,2,5,0,6,42.062146,-87.491992,19,5,Saturday,5,8,Morning_Rush,1,0
2026-05-09 10:44:00,25,CLEAR,"DARKNESS, LIGHTED ROAD",TURNING,NOT DIVIDED,STRAIGHT AND LEVEL,DRY,"RUT, HOLES",Y,FAILING TO YIELD RIGHT-OF-WAY,BEAT_105,2,5,0,6,41.953472,-87.57054,19,5,Saturday,5,10,Midday,1,0
2026-05-09 10:54:00,25,CLEAR,DAYLIGHT,TURNING,NOT DIVIDED,STRAIGHT AND LEVEL,DRY,NO DEFECTS,N,FOLLOWING TOO CLOSELY,BEAT_104,2,5,3,6,41.939767,-87.574512,19,5,Saturday,5,10,Midday,1,1
2026-05-09 11:07:00,30,RAIN,"DARKNESS, LIGHTED ROAD",REAR END,T-INTERSECTION,STRAIGHT AND LEVEL,SNOW OR SLUSH,"RUT, HOLES",Y,FOLLOWING TOO CLOSELY,BEAT_111,2,5,0,6,42.045009,-87.50052,19,5,Saturday,5,11,Midday,1,0
2026-05-09 13:13:00,40,CLEAR,"DARKNESS, LIGHTED ROAD",REAR END,DIVIDED - W/MEDIAN,STRAIGHT ON GRADE,WET,NO DEFECTS,N,DRIVING SKILLS/KNOWLEDGE/EXPERIENCE,BEAT_104,2,5,0,6,41.937347,-87.585182,19,5,Saturday,5,13,Midday,1,0
2026-05-09 14:24:00,30,CLEAR,DARKNESS,SIDESWIPE SAME DIRECTION,NOT DIVIDED,STRAIGHT AND LEVEL,DRY,NO DEFECTS,N,FAILING TO YIELD RIGHT-OF-WAY,BEAT_118,2,5,0,6,42.149373,-87.416606,19,5,Saturday,5,14,Midday,1,0
2026-05-09 15:24:00,25,CLEAR,"DARKNESS, LIGHTED ROAD",ANGLE,DIVIDED - W/MEDIAN,STRAIGHT AND LEVEL,WET,"RUT, HOLES",N,PHYSICAL CONDITION OF DRIVER,BEAT_115,3,5,0,6,42.106135,-87.447111,19,5,Saturday,5,15,Midday,1,0
2026-05-09 16:52:00,20,CLEAR,"DARKNESS, LIGHTED ROAD",REAR END,DIVIDED - W/MEDIAN,STRAIGHT AND LEVEL,DRY,"RUT, HOLES",N,IMPROPER OVERTAKING/PASSING,BEAT_117,2,5,1,6,42.136598,-87.418831,19,5,Saturday,5,16,Evening_Rush,1,1
2026-05-09 17:16:00,30,RAIN,DAYLIGHT,SIDESWIPE SAME DIRECTION,DIVIDED - W/MEDIAN,STRAIGHT AND LEVEL,SNOW OR SLUSH,NO DEFECTS,N,FOLLOWING TOO CLOSELY,BEAT_114,1,5,1,6,42.088886,-87.459841,19,5,Saturday,5,17,Evening_Rush,1,1
2026-05-09 20:30:00,25,RAIN,"DARKNESS, LIGHTED ROAD",ANGLE,DIVIDED - W/MEDIAN,CURVE ON GRADE,SNOW OR SLUSH,NO DEFECTS,N,DISREGARDING TRAFFIC SIGNALS,BEAT_103,2,5,0,6,41.923774,-87.592826,19,5,Saturday,5,20,Night,1,0
2026-05-09 22:21:00,30,CLEAR,DAYLIGHT,PARKED MOTOR VEHICLE,NOT DIVIDED,STRAIGHT AND LEVEL,DRY,NO DEFECTS,N,DRIVING SKILLS/KNOWLEDGE/EXPERIENCE,BEAT_113,2,5,0,6,42.073304,-87.474112,19,5,Saturday,5,22,Night,1,0
2026-05-09 23:19:00,35,CLEAR,"DARKNESS, LIGHTED ROAD",SIDESWIPE SAME DIRECTION,ALLEY,STRAIGHT AND LEVEL,DRY,NO DEFECTS,N,DRIVING SKILLS/KNOWLEDGE/EXPERIENCE,BEAT_108,2,5,0,6,42.000459,-87.534012,19,5,Saturday,5,23,Night,1,0
2026-05-09 23:56:00,25,CLEAR,DAYLIGHT,REAR END,ONE-WAY,STRAIGHT AND LEVEL,SNOW OR SLUSH,NO DEFECTS,Y,FAILING TO YIELD RIGHT-OF-WAY,BEAT_104,3,5,0,6,41.936293,-87.580394,19,5,Saturday,5,23,Night,1,0
2026-05-16 01:14:00,35,RAIN,"DARKNESS, LIGHTED ROAD",TURNING,DIVIDED - W/MEDIAN,STRAIGHT AND LEVEL,WET,NO DEFECTS,N,DRIVING SKILLS/KNOWLEDGE/EXPERIENCE,BEAT_105,2,5,0,6,41.949219,-87.570885,20,5,Saturday,5,1,Night,1,0
2026-05-16 04:28:00,30,CLEAR,"DARKNESS, LIGHTED ROAD",SIDESWIPE SAME DIRECTION,NOT DIVIDED,STRAIGHT AND LEVEL,DRY,"RUT, HOLES",N,FAILING TO YIELD RIGHT-OF-WAY,BEAT_115,2,5,0,6,42.107343,-87.451221,20,5,Saturday,5,4,Night,1,0
2026-05-16 05:35:00,30,RAIN,DAYLIGHT,SIDESWIPE SAME DIRECTION,T-INTERSECTION,STRAIGHT AND LEVEL,WET,NO DEFECTS,N,FAILING TO YIELD RIGHT-OF-WAY,BEAT_108,1,5,0,6,41.998616,-87.533653,20,5,Saturday,5,5,Night,1,0
2026-05-16 07:38:00,30,SNOW,DAYLIGHT,REAR END,NOT DIVIDED,STRAIGHT AND LEVEL,WET,NO DEFECTS,N,FOLLOWING TOO CLOSELY,BEAT_104,2,5,0,6,41.938203,-87.579438,20,5,Saturday,5,7,Morning_Rush,1,0
2026-05-16 09:48:00,55,CLEAR,DUSK,ANGLE,NOT DIVIDED,STRAIGHT AND LEVEL,DRY,NO DEFECTS,N,FAILING TO YIELD RIGHT-OF-WAY,BEAT_106,2,5,0,6,41.966344,-87.552643,20,5,Saturday,5,9,Morning_Rush,1,0
2026-05-16 11:28:00,30,RAIN,DARKNESS,REAR END,ONE-WAY,STRAIGHT AND LEVEL,WET,NO DEFECTS,Y,FAILING TO YIELD RIGHT-OF-WAY,BEAT_119,1,5,0,6,42.160473,-87.404251,20,5,Saturday,5,11,Midday,1,0
2026-05-16 11:38:00,35,RAIN,DAYLIGHT,SIDESWIPE SAME DIRECTION,NOT DIVIDED,STRAIGHT AND LEVEL,WET,NO DEFECTS,N,FOLLOWING TOO CLOSELY,BEAT_117,3,5,0,6,42.133668,-87.428242,20,5,Saturday,5,11,Midday,1,0
2026-05-16 11:42:00,30,CLEAR,DAYLIGHT,SIDESWIPE SAME DIRECTION,DIVIDED - W/MEDIAN,STRAIGHT AND LEVEL,DRY,NO DEFECTS,N,WEATHER,BEAT_109,2,5,0,6,42.014194,-87.523381,20,5,Saturday,5,11,Midday,1,0
2026-05-16 21:41:00,30,CLEAR,DAYLIGHT,PEDESTRIAN,NOT DIVIDED,STRAIGHT AND LEVEL,DRY,SHOULDER DEFECT,Y,FAILING TO YIELD RIGHT-OF-WAY,BEAT_107,2,5,0,6,41.979065,-87.549025,20,5,Saturday,5,21,Night,1,0
2026-05-23 01:27:00,25,CLEAR,DARKNESS,REAR END,DIVIDED - W/MEDIAN,STRAIGHT ON GRADE,"SAND, MUD, DIRT",NO DEFECTS,Y,FAILING TO YIELD RIGHT-OF-WAY,BEAT_120,2,5,1,6,42.173031,-87.391531,21,5,Saturday,5,1,Night,1,1
2026-05-23 02:52:00,40,RAIN,"DARKNESS, LIGHTED ROAD",REAR END,ONE-WAY,STRAIGHT AND LEVEL,SNOW OR SLUSH,NO DEFECTS,N,IMPROPER OVERTAKING/PASSING,BEAT_109,2,5,2,6,42.017295,-87.522682,21,5,Saturday,5,2,Night,1,1
2026-05-23 04:12:00,25,CLEAR,DAYLIGHT,SIDESWIPE SAME DIRECTION,NOT DIVIDED,STRAIGHT AND LEVEL,DRY,NO DEFECTS,N,FOLLOWING TOO CLOSELY,BEAT_115,2,5,0,6,42.100686,-87.446054,21,5,Saturday,5,4,Night,1,0
2026-05-23 04:25:00,25,CLEAR,DAYLIGHT,SIDESWIPE SAME DIRECTION,DIVIDED - W/MEDIAN,STRAIGHT AND LEVEL,DRY,"RUT, HOLES",Y,WEATHER,BEAT_101,3,5,0,6,41.8907,-87.612744,21,5,Saturday,5,4,Night,1,0
2026-05-23 13:50:00,30,CLEAR,DAYLIGHT,REAR END,DIVIDED - W/MEDIAN,STRAIGHT AND LEVEL,DRY,NO DEFECTS,N,FAILING TO YIELD RIGHT-OF-WAY,BEAT_102,2,5,0,6,41.90947,-87.602722,21,5,Saturday,5,13,Midday,1,0
2026-05-23 15:06:00,50,CLEAR,DAYLIGHT,SIDESWIPE SAME DIRECTION,ALLEY,STRAIGHT AND LEVEL,WET,NO DEFECTS,Y,IMPROPER OVERTAKING/PASSING,BEAT_110,2,5,1,6,42.029562,-87.508134,21,5,Saturday,5,15,Midday,1,1
2026-05-23 17:32:00,25,SNOW,DAYLIGHT,PARKED MOTOR VEHICLE,NOT DIVIDED,STRAIGHT AND LEVEL,WET,NO DEFECTS,N,IMPROPER OVERTAKING/PASSING,BEAT_114,1,5,0,6,42.087661,-87.462232,21,5,Saturday,5,17,Evening_Rush,1,0
2026-05-23 20:11:00,30,CLEAR,DAYLIGHT,SIDESWIPE SAME DIRECTION,DIVIDED - W/MEDIAN,STRAIGHT AND LEVEL,DRY,NO DEFECTS,Y,WEATHER,BEAT_117,2,5,0,6,42.132944,-87.425456,21,5,Saturday,5,20,Night,1,0
2026-05-23 20:29:00,30,CLEAR,"DARKNESS, LIGHTED ROAD",ANGLE,NOT DIVIDED,STRAIGHT AND LEVEL,DRY,NO DEFECTS,N,DRIVING SKILLS/KNOWLEDGE/EXPERIENCE,BEAT_112,2,5,0,6,42.059523,-87.487319,21,5,Saturday,5,20,Night,1,0
2026-05-30 00:00:00,35,CLEAR,DAYLIGHT,SIDESWIPE SAME DIRECTION,ONE-WAY,STRAIGHT AND LEVEL,DRY,NO DEFECTS,N,FAILING TO YIELD RIGHT-OF-WAY,BEAT_103,2,5,0,6,41.92485,-87.597507,22,5,Saturday,5,0,Night,1,0
2026-05-30 01:05:00,20,RAIN,DAYLIGHT,ANGLE,FOUR WAY INTERSECTION,STRAIGHT AND LEVEL,WET,NO DEFECTS,Y,DRIVING SKILLS/KNOWLEDGE/EXPERIENCE,BEAT_103,2,5,0,6,41.922486,-87.591554,22,5,Saturday,5,1,Night,1,0
2026-05-30 01:34:00,40,CLEAR,DARKNESS,SIDESWIPE SAME DIRECTION,FOUR WAY INTERSECTION,STRAIGHT AND LEVEL,DRY,DEBRIS ON ROAD,Y,FAILING TO YIELD RIGHT-OF-WAY,BEAT_113,2,5,3,6,42.075444,-87.471301,22,5,Saturday,5,1,Night,1,1
2026-05-30 05:50:00,25,CLEAR,DAWN,REAR END,NOT DIVIDED,"CURVE, LEVEL",SNOW OR SLUSH,WORN SURFACE,Y,FAILING TO YIELD RIGHT-OF-WAY,BEAT_119,1,5,1,6,42.165333,-87.399836,22,5,Saturday,5,5,Night,1,1
2026-05-30 09:24:00,25,CLEAR,DAYLIGHT,TURNING,DIVIDED - W/MEDIAN,"CURVE, LEVEL",SNOW OR SLUSH,NO DEFECTS,N,DRIVING SKILLS/KNOWLEDGE/EXPERIENCE,BEAT_117,2,5,0,6,42.136229,-87.424966,22,5,Saturday,5,9,Morning_Rush,1,0
2026-05-30 10:03:00,30,CLEAR,DAYLIGHT,TURNING,FOUR WAY INTERSECTION,STRAIGHT AND LEVEL,DRY,NO DEFECTS,N,WEATHER,BEAT_117,2,5,0,6,42.129857,-87.425328,22,5,Saturday,5,10,Midday,1,0
2026-05-30 11:36:00,25,CLEAR,"DARKNESS, LIGHTED ROAD",TURNING,ONE-WAY,STRAIGHT AND LEVEL,ICE,NO DEFECTS,Y,FAILING TO YIELD RIGHT-OF-WAY,BEAT_118,1,5,0,6,42.143309,-87.412447,22,5,Saturday,5,11,Midday,1,0
2026-05-30 12:16:00,20,CLEAR,DAYLIGHT,ANGLE,ONE-WAY,STRAIGHT AND LEVEL,DRY,NO DEFECTS,Y,DISREGARDING TRAFFIC SIGNALS,BEAT_101,2,5,0,6,41.893781,-87.619649,22,5,Saturday,5,12,Midday,1,0
2026-05-30 13:32:00,25,CLEAR,DAYLIGHT,SIDESWIPE SAME DIRECTION,NOT DIVIDED,STRAIGHT AND LEVEL,DRY,DEBRIS ON ROAD,Y,FOLLOWING TOO CLOSELY,BEAT_105,1,5,1,6,41.955475,-87.571508,22,5,Saturday,5,13,Midday,1,1
2026-05-30 16:28:00,35,CLEAR,DAYLIGHT,TURNING,DIVIDED - W/MEDIAN,STRAIGHT AND LEVEL,DRY,SHOULDER DEFECT,N,IMPROPER OVERTAKING/PASSING,BEAT_116,2,5,0,6,42.11444,-87.432618,22,5,Saturday,5,16,Evening_Rush,1,0
2026-05-30 21:32:00,25,SNOW,DAYLIGHT,REAR END,NOT DIVIDED,STRAIGHT AND LEVEL,WET,NO DEFECTS,Y,FAILING TO YIELD RIGHT-OF-WAY,BEAT_117,2,5,0,6,42.137817,-87.427541,22,5,Saturday,5,21,Night,1,0
2026-05-30 21:34:00,30,CLEAR,DAYLIGHT,REAR END,T-INTERSECTION,STRAIGHT AND LEVEL,WET,NO DEFECTS,N,FAILING TO YIELD RIGHT-OF-WAY,BEAT_112,2,5,0,6,42.055743,-87.489216,22,5,Saturday,5,21,Night,1,0
2026-05-30 21:52:00,35,RAIN,DAYLIGHT,TURNING,ONE-WAY,STRAIGHT AND LEVEL,WET,"RUT, HOLES",Y,FOLLOWING TOO CLOSELY,BEAT_118,2,5,0,6,42.151061,-87.409945,22,5,Saturday,5,21,Night,1,0
2026-06-06 00:40:00,35,CLEAR,DAYLIGHT,PARKED MOTOR VEHICLE,NOT DIVIDED,STRAIGHT AND LEVEL,WET,NO DEFECTS,Y,FAILING TO YIELD RIGHT-OF-WAY,BEAT_111,2,6,2,6,42.03691,-87.497848,23,5,Saturday,6,0,Night,1,1
2026-06-06 02:24:00,25,SNOW,DAYLIGHT,TURNING,NOT DIVIDED,STRAIGHT AND LEVEL,ICE,NO DEFECTS,Y,FOLLOWING TOO CLOSELY,BEAT_115,2,6,0,6,42.100433,-87.452848,23,5,Saturday,6,2,Night,1,0
2026-06-06 03:06:00,20,CLEAR,DAYLIGHT,ANGLE,ONE-WAY,STRAIGHT AND LEVEL,DRY,"RUT, HOLES",N,FOLLOWING TOO CLOSELY,BEAT_119,2,6,0,6,42.16173,-87.399105,23,5,Saturday,6,3,Night,1,0
2026-06-06 10:27:00,30,FOG/SMOKE/HAZE,DAWN,PEDESTRIAN,T-INTERSECTION,STRAIGHT AND LEVEL,WET,NO DEFECTS,N,FOLLOWING TOO CLOSELY,BEAT_112,2,6,0,6,42.064134,-87.48704,23,5,Saturday,6,10,Midday,1,0
2026-06-06 12:01:00,35,RAIN,DAYLIGHT,REAR END,FOUR WAY INTERSECTION,STRAIGHT AND LEVEL,SNOW OR SLUSH,NO DEFECTS,N,DISREGARDING TRAFFIC SIGNALS,BEAT_103,2,6,0,6,41.918593,-87.593478,23,5,Saturday,6,12,Midday,1,0
2026-06-06 14:17:00,55,RAIN,DAYLIGHT,REAR END,DIVIDED - W/MEDIAN,STRAIGHT AND LEVEL,WET,NO DEFECTS,Y,FAILING TO YIELD RIGHT-OF-WAY,BEAT_118,2,6,0,6,42.149186,-87.409627,23,5,Saturday,6,14,Midday,1,0
2026-06-06 15:35:00,30,CLEAR,"DARKNESS, LIGHTED ROAD",REAR END,NOT DIVIDED,"CURVE, LEVEL",DRY,"RUT, HOLES",N,IMPROPER OVERTAKING/PASSING,BEAT_117,2,6,0,6,42.13336,-87.423571,23,5,Saturday,6,15,Midday,1,0
2026-06-06 19:53:00,55,CLEAR,DAYLIGHT,REAR END,DIVIDED - W/MEDIAN,STRAIGHT AND LEVEL,WET,NO DEFECTS,Y,DRIVING SKILLS/KNOWLEDGE/EXPERIENCE,BEAT_113,2,6,1,6,42.070086,-87.47186,23,5,Saturday,6,19,Evening_Rush,1,1
2026-06-06 22:01:00,25,SEVERE RAIN,"DARKNESS, LIGHTED ROAD",PEDESTRIAN,DIVIDED - W/MEDIAN,STRAIGHT AND LEVEL,SNOW OR SLUSH,"RUT, HOLES",Y,FAILING TO YIELD RIGHT-OF-WAY,BEAT_106,2,6,3,6,41.969202,-87.5577,23,5,Saturday,6,22,Night,1,1
2026-06-13 07:01:00,30,RAIN,DAYLIGHT,ANGLE,T-INTERSECTION,STRAIGHT AND LEVEL,WET,NO DEFECTS,N,FAILING TO YIELD RIGHT-OF-WAY,BEAT_120,2,6,0,6,42.172592,-87.387852,24,5,Saturday,6,7,Morning_Rush,1,0
2026-06-13 08:42:00,30,CLEAR,"DARKNESS, LIGHTED ROAD",REAR END,DIVIDED - W/MEDIAN,STRAIGHT AND LEVEL,WET,NO DEFECTS,N,FAILING TO YIELD RIGHT-OF-WAY,BEAT_105,2,6,2,6,41.955562,-87.570078,24,5,Saturday,6,8,Morning_Rush,1,1
2026-06-13 12:15:00,30,CLEAR,DAYLIGHT,FIXED OBJECT,ONE-WAY,STRAIGHT AND LEVEL,WET,NO DEFECTS,Y,FOLLOWING TOO CLOSELY,BEAT_111,2,6,0,6,42.041314,-87.497221,24,5,Saturday,6,12,Midday,1,0
2026-06-13 12:22:00,25,CLEAR,DAYLIGHT,PEDESTRIAN,NOT DIVIDED,STRAIGHT AND LEVEL,DRY,NO DEFECTS,N,FAILING TO YIELD RIGHT-OF-WAY,BEAT_115,2,6,0,6,42.104399,-87.450699,24,5,Saturday,6,12,Midday,1,0
2026-06-13 15:22:00,30,CLEAR,DAYLIGHT,SIDESWIPE SAME DIRECTION,DIVIDED - W/MEDIAN,STRAIGHT AND LEVEL,DRY,NO DEFECTS,Y,DRIVING SKILLS/KNOWLEDGE/EXPERIENCE,BEAT_115,2,6,0,6,42.096517,-87.449865,24,5,Saturday,6,15,Midday,1,0
2026-06-13 16:38:00,25,RAIN,DAYLIGHT,REAR END,DIVIDED - W/MEDIAN,STRAIGHT AND LEVEL,ICE,NO DEFECTS,Y,WEATHER,BEAT_101,2,6,0,6,41.891006,-87.610841,24,5,Saturday,6,16,Evening_Rush,1,0
2026-06-13 18:36:00,35,SNOW,DAYLIGHT,SIDESWIPE SAME DIRECTION,DIVIDED - W/MEDIAN,STRAIGHT AND LEVEL,SNOW OR SLUSH,NO DEFECTS,N,FAILING TO YIELD RIGHT-OF-WAY,BEAT_114,3,6,0,6,42.085278,-87.470169,24,5,Saturday,6,18,Evening_Rush,1,0
2026-06-13 20:36:00,45,CLEAR,"DARKNESS, LIGHTED ROAD",ANGLE,DIVIDED - W/MEDIAN,STRAIGHT AND LEVEL,DRY,NO DEFECTS,Y,WEATHER,BEAT_120,2,6,0,6,42.177327,-87.390009,24,5,Saturday,6,20,Night,1,0
2026-06-13 21:05:00,25,RAIN,DAWN,REAR END,DIVIDED - W/MEDIAN,STRAIGHT AND LEVEL,SNOW OR SLUSH,NO DEFECTS,Y,DRIVING SKILLS/KNOWLEDGE/EXPERIENCE,BEAT_108,2,6,0,6,41.99686,-87.528893,24,5,Saturday,6,21,Night,1,0
2026-06-20 03:17:00,25,CLEAR,DAYLIGHT,PARKED MOTOR VEHICLE,NOT DIVIDED,STRAIGHT AND LEVEL,DRY,NO DEFECTS,N,FAILING TO YIELD RIGHT-OF-WAY,BEAT_115,3,6,1,6,42.100962,-87.457329,25,5,Saturday,6,3,Night,1,1
2026-06-20 03:20:00,25,CLEAR,DAYLIGHT,TURNING,DIVIDED - W/MEDIAN,STRAIGHT AND LEVEL,WET,NO DEFECTS,Y,IMPROPER OVERTAKING/PASSING,BEAT_116,2,6,0,6,42.117257,-87.438991,25,5,Saturday,6,3,Night,1,0
2026-06-20 05:16:00,30,RAIN,DAYLIGHT,REAR END,ONE-WAY,STRAIGHT AND LEVEL,WET,NO DEFECTS,Y,WEATHER,BEAT_104,3,6,0,6,41.940244,-87.58302,25,5,Saturday,6,5,Night,1,0
2026-06-20 06:41:00,25,SNOW,"DARKNESS, LIGHTED ROAD",SIDESWIPE SAME DIRECTION,DIVIDED - W/MEDIAN,STRAIGHT ON GRADE,WET,"RUT, HOLES",N,FOLLOWING TOO CLOSELY,BEAT_112,2,6,0,6,42.052735,-87.484408,25,5,Saturday,6,6,Morning_Rush,1,0
2026-06-20 17:13:00,35,CLEAR,DARKNESS,SIDESWIPE SAME DIRECTION,ONE-WAY,CURVE ON GRADE,DRY,NO DEFECTS,N,FOLLOWING TOO CLOSELY,BEAT_111,2,6,0,6,42.041366,-87.498987,25,5,Saturday,6,17,Evening_Rush,1,0
2026-06-20 19:55:00,35,CLEAR,DAYLIGHT,ANGLE,DIVIDED - W/MEDIAN,STRAIGHT AND LEVEL,DRY,NO DEFECTS,N,FOLLOWING TOO CLOSELY,BEAT_116,4,6,0,6,42.118364,-87.434045,25,5,Saturday,6,19,Evening_Rush,1,0
2026-06-20 20:23:00,45,RAIN,DAYLIGHT,REAR END,NOT DIVIDED,STRAIGHT AND LEVEL,WET,NO DEFECTS,Y,FOLLOWING TOO CLOSELY,BEAT_110,4,6,2,6,42.030747,-87.511156,25,5,Saturday,6,20,Night,1,1
2026-06-20 23:32:00,30,SEVERE RAIN,DAYLIGHT,ANGLE,NOT DIVIDED,STRAIGHT AND LEVEL,WET,NO DEFECTS,N,WEATHER,BEAT_119,2,6,0,6,42.159611,-87.404358,25,5,Saturday,6,23,Night,1,0
2026-06-27 01:10:00,30,CLEAR,DAYLIGHT,ANGLE,DIVIDED - W/MEDIAN,STRAIGHT AND LEVEL,DRY,NO DEFECTS,Y,FAILING TO YIELD RIGHT-OF-WAY,BEAT_108,4,6,0,6,41.992971,-87.535471,26,5,Saturday,6,1,Night,1,0
2026-06-27 04:44:00,25,RAIN,"DARKNESS, LIGHTED ROAD",PARKED MOTOR VEHICLE,NOT DIVIDED,STRAIGHT ON GRADE,WET,NO DEFECTS,N,FOLLOWING TOO CLOSELY,BEAT_105,3,6,0,6,41.951934,-87.570959,26,5,Saturday,6,4,Night,1,0
2026-06-27 07:51:00,25,RAIN,DAYLIGHT,REAR END,ALLEY,STRAIGHT AND LEVEL,SNOW OR SLUSH,NO DEFECTS,N,FOLLOWING TOO CLOSELY,BEAT_101,4,6,0,6,41.887094,-87.619178,26,5,Saturday,6,7,Morning_Rush,1,0
2026-06-27 09:15:00,45,CLEAR,DAYLIGHT,REAR END,NOT DIVIDED,STRAIGHT AND LEVEL,SNOW OR SLUSH,NO DEFECTS,Y,DRIVING SKILLS/KNOWLEDGE/EXPERIENCE,BEAT_101,2,6,2,6,41.89285,-87.621936,26,5,Saturday,6,9,Morning_Rush,1,1
2026-06-27 10:18:00,35,RAIN,DAYLIGHT,REAR END,NOT DIVIDED,STRAIGHT AND LEVEL,WET,WORN SURFACE,N,DRIVING SKILLS/KNOWLEDGE/EXPERIENCE,BEAT_105,2,6,0,6,41.947608,-87.569198,26,5,Saturday,6,10,Midday,1,0
2026-06-27 12:33:00,25,CLEAR,"DARKNESS, LIGHTED ROAD",REAR END,DIVIDED - W/MEDIAN,"CURVE, LEVEL",DRY,"RUT, HOLES",Y,DISREGARDING TRAFFIC SIGNALS,BEAT_116,2,6,1,6,42.122661,-87.435035,26,5,Saturday,6,12,Midday,1,1
2026-06-27 13:36:00,50,CLEAR,"DARKNESS, LIGHTED ROAD",SIDESWIPE SAME DIRECTION,NOT DIVIDED,STRAIGHT AND LEVEL,DRY,NO DEFECTS,N,WEATHER,BEAT_105,1,6,0,6,41.95474,-87.571172,26,5,Saturday,6,13,Midday,1,0
2026-06-27 14:54:00,35,CLEAR,DAYLIGHT,PARKED MOTOR VEHICLE,NOT DIVIDED,STRAIGHT AND LEVEL,DRY,NO DEFECTS,Y,IMPROPER OVERTAKING/PASSING,BEAT_107,2,6,1,6,41.981842,-87.546846,26,5,Saturday,6,14,Midday,1,1
2026-06-27 15:18:00,30,CLEAR,DAYLIGHT,PARKED MOTOR VEHICLE,NOT DIVIDED,STRAIGHT AND LEVEL,DRY,NO DEFECTS,N,FAILING TO YIELD RIGHT-OF-WAY,BEAT_120,2,6,0,6,42.17999,-87.382804,26,5,Saturday,6,15,Midday,1,0
2026-06-27 16:32:00,30,RAIN,"DARKNESS, LIGHTED ROAD",TURNING,DIVIDED - W/MEDIAN,STRAIGHT AND LEVEL,WET,NO DEFECTS,Y,FOLLOWING TOO CLOSELY,BEAT_116,2,6,0,6,42.124563,-87.441275,26,5,Saturday,6,16,Evening_Rush,1,0
2026-06-27 17:12:00,35,CLEAR,DAYLIGHT,PARKED MOTOR VEHICLE,DIVIDED - W/MEDIAN,STRAIGHT AND LEVEL,DRY,NO DEFECTS,N,FOLLOWING TOO CLOSELY,BEAT_101,4,6,0,6,41.894382,-87.62127,26,5,Saturday,6,17,Evening_Rush,1,0
2026-06-27 20:59:00,30,CLEAR,DAYLIGHT,PARKED MOTOR VEHICLE,ONE-WAY,STRAIGHT ON GRADE,WET,"RUT, HOLES",Y,WEATHER,BEAT_111,2,6,0,6,42.043956,-87.501804,26,5,Saturday,6,20,Night,1,0
2026-06-27 21:27:00,40,CLEAR,DAYLIGHT,TURNING,DIVIDED - W/MEDIAN,STRAIGHT AND LEVEL,DRY,NO DEFECTS,Y,FOLLOWING TOO CLOSELY,BEAT_114,2,6,0,6,42.085784,-87.464965,26,5,Saturday,6,21,Night,1,0
2026-07-04 01:02:00,25,SEVERE RAIN,"DARKNESS, LIGHTED ROAD",ANGLE,FOUR WAY INTERSECTION,STRAIGHT AND LEVEL,WET,NO DEFECTS,Y,FAILING TO YIELD RIGHT-OF-WAY,BEAT_103,2,7,1,6,41.922896,-87.590457,27,5,Saturday,7,1,Night,1,1
2026-07-04 01:51:00,30,SNOW,"DARKNESS, LIGHTED ROAD",SIDESWIPE SAME DIRECTION,ALLEY,STRAIGHT AND LEVEL,WET,NO DEFECTS,Y,WEATHER,BEAT_101,2,7,0,6,41.891388,-87.618418,27,5,Saturday,7,1,Night,1,0
2026-07-04 02:36:00,30,SEVERE RAIN,DAYLIGHT,SIDESWIPE SAME DIRECTION,NOT DIVIDED,STRAIGHT AND LEVEL,ICE,NO DEFECTS,Y,FAILING TO YIELD RIGHT-OF-WAY,BEAT_103,2,7,2,6,41.92223,-87.598186,27,5,Saturday,7,2,Night,1,1
2026-07-04 04:01:00,30,CLEAR,DAYLIGHT,ANGLE,ONE-WAY,STRAIGHT AND LEVEL,DRY,NO DEFECTS,N,DISREGARDING TRAFFIC SIGNALS,BEAT_101,3,7,0,6,41.900241,-87.617317,27,5,Saturday,7,4,Night,1,0
2026-07-04 05:45:00,30,CLEAR,DAYLIGHT,REAR END,DIVIDED - W/MEDIAN,"CURVE, LEVEL",DRY,NO DEFECTS,N,FAILING TO YIELD RIGHT-OF-WAY,BEAT_102,2,7,0,6,41.904532,-87.601986,27,5,Saturday,7,5,Night,1,0
2026-07-04 07:56:00,50,CLEAR,DAYLIGHT,REAR END,NOT DIVIDED,STRAIGHT AND LEVEL,DRY,NO DEFECTS,N,FAILING TO YIELD RIGHT-OF-WAY,BEAT_115,1,7,0,6,42.102109,-87.451101,27,5,Saturday,7,7,Morning_Rush,1,0
2026-07-04 09:59:00,35,RAIN,DAYLIGHT,PARKED MOTOR VEHICLE,FOUR WAY INTERSECTION,STRAIGHT AND LEVEL,WET,NO DEFECTS,Y,FAILING TO YIELD RIGHT-OF-WAY,BEAT_109,2,7,0,6,42.011382,-87.526563,27,5,Saturday,7,9,Morning_Rush,1,0
2026-07-04 11:40:00,35,CLEAR,DAYLIGHT,PARKED MOTOR VEHICLE,ONE-WAY,STRAIGHT AND LEVEL,DRY,NO DEFECTS,N,FAILING TO YIELD RIGHT-OF-WAY,BEAT_113,1,7,0,6,42.068789,-87.472059,27,5,Saturday,7,11,Midday,1,0
2026-07-04 14:37:00,30,CLEAR,"DARKNESS, LIGHTED ROAD",REAR END,DIVIDED - W/MEDIAN,CURVE ON GRADE,WET,NO DEFECTS,N,FAILING TO YIELD RIGHT-OF-WAY,BEAT_102,2,7,0,6,41.912589,-87.606129,27,5,Saturday,7,14,Midday,1,0
2026-07-04 14:57:00,30,CLEAR,"DARKNESS, LIGHTED ROAD",PARKED MOTOR VEHICLE,DIVIDED - W/MEDIAN,STRAIGHT AND LEVEL,DRY,NO DEFECTS,Y,FAILING TO YIELD RIGHT-OF-WAY,BEAT_115,2,7,0,6,42.103198,-87.447054,27,5,Saturday,7,14,Midday,1,0
2026-07-04 15:06:00,30,RAIN,DAYLIGHT,PEDESTRIAN,T-INTERSECTION,STRAIGHT AND LEVEL,WET,NO DEFECTS,N,FAILING TO YIELD RIGHT-OF-WAY,BEAT_102,2,7,0,6,41.912281,-87.608561,27,5,Saturday,7,15,Midday,1,0
2026-07-04 15:52:00,35,CLEAR,DAYLIGHT,SIDESWIPE SAME DIRECTION,NOT DIVIDED,STRAIGHT AND LEVEL,DRY,NO DEFECTS,Y,FAILING TO YIELD RIGHT-OF-WAY,BEAT_108,2,7,0,6,41.998681,-87.53464,27,5,Saturday,7,15,Midday,1,0
2026-07-04 15:55:00,55,RAIN,DAYLIGHT,REAR END,DIVIDED - W/MEDIAN,STRAIGHT AND LEVEL,WET,NO DEFECTS,Y,FAILING TO YIELD RIGHT-OF-WAY,BEAT_112,2,7,1,6,42.053055,-87.491076,27,5,Saturday,7,15,Midday,1,1
2026-07-04 23:13:00,35,CLEAR,DARKNESS,SIDESWIPE SAME DIRECTION,NOT DIVIDED,STRAIGHT AND LEVEL,DRY,NO DEFECTS,N,FAILING TO YIELD RIGHT-OF-WAY,BEAT_107,2,7,1,6,41.983541,-87.54674,27,5,Saturday,7,23,Night,1,1
2026-07-11 01:37:00,25,CLEAR,DARKNESS,PARKED MOTOR VEHICLE,DIVIDED - W/MEDIAN,STRAIGHT AND LEVEL,WET,NO DEFECTS,N,IMPROPER OVERTAKING/PASSING,BEAT_118,3,7,0,6,42.142907,-87.409467,28,5,Saturday,7,1,Night,1,0
2026-07-11 04:18:00,35,CLEAR,DAYLIGHT,TURNING,NOT DIVIDED,STRAIGHT AND LEVEL,WET,NO DEFECTS,N,FOLLOWING TOO CLOSELY,BEAT_107,2,7,0,6,41.983581,-87.544553,28,5,Saturday,7,4,Night,1,0
2026-07-11 04:43:00,30,CLEAR,DAYLIGHT,SIDESWIPE SAME DIRECTION,NOT DIVIDED,STRAIGHT ON GRADE,WET,SHOULDER DEFECT,N,IMPROPER OVERTAKING/PASSING,BEAT_118,2,7,0,6,42.149354,-87.414655,28,5,Saturday,7,4,Night,1,0
2026-07-11 04:58:00,30,CLEAR,DAYLIGHT,SIDESWIPE SAME DIRECTION,DIVIDED - W/MEDIAN,STRAIGHT AND LEVEL,DRY,NO DEFECTS,N,FAILING TO YIELD RIGHT-OF-WAY,BEAT_113,1,7,0,6,42.072738,-87.472595,28,5,Saturday,7,4,Night,1,0
2026-07-11 05:49:00,35,SNOW,DAYLIGHT,TURNING,FOUR WAY INTERSECTION,STRAIGHT AND LEVEL,WET,NO DEFECTS,N,WEATHER,BEAT_101,2,7,0,6,41.892521,-87.615005,28,5,Saturday,7,5,Night,1,0
2026-07-11 07:03:00,35,CLEAR,DAYLIGHT,SIDESWIPE SAME DIRECTION,T-INTERSECTION,STRAIGHT AND LEVEL,DRY,NO DEFECTS,N,DRIVING SKILLS/KNOWLEDGE/EXPERIENCE,BEAT_104,2,7,0,6,41.939692,-87.581467,28,5,Saturday,7,7,Morning_Rush,1,0
2026-07-11 10:05:00,25,CLEAR,DAYLIGHT,TURNING,FOUR WAY INTERSECTION,STRAIGHT ON GRADE,ICE,NO DEFECTS,N,FOLLOWING TOO CLOSELY,BEAT_111,1,7,0,6,42.03767,-87.4997,28,5,Saturday,7,10,Midday,1,0
2026-07-11 13:28:00,35,CLEAR,DAYLIGHT,PARKED MOTOR VEHICLE,ALLEY,STRAIGHT AND LEVEL,WET,NO DEFECTS,N,DRIVING SKILLS/KNOWLEDGE/EXPERIENCE,BEAT_106,2,7,0,6,41.971618,-87.558105,28,5,Saturday,7,13,Midday,1,0
2026-07-11 14:13:00,30,CLEAR,"DARKNESS, LIGHTED ROAD",REAR END,ONE-WAY,STRAIGHT AND LEVEL,DRY,NO DEFECTS,N,DISREGARDING TRAFFIC SIGNALS,BEAT_119,2,7,0,6,42.154601,-87.397722,28,5,Saturday,7,14,Midday,1,0
2026-07-11 17:27:00,55,CLEAR,DAYLIGHT,ANGLE,T-INTERSECTION,STRAIGHT AND LEVEL,DRY,NO DEFECTS,Y,WEATHER,BEAT_111,2,7,1,6,42.042737,-87.503506,28,5,Saturday,7,17,Evening_Rush,1,1
2026-07-11 20:50:00,30,CLEAR,DAYLIGHT,PARKED MOTOR VEHICLE,T-INTERSECTION,STRAIGHT AND LEVEL,WET,NO DEFECTS,N,DRIVING SKILLS/KNOWLEDGE/EXPERIENCE,BEAT_108,3,7,0,6,41.998401,-87.533452,28,5,Saturday,7,20,Night,1,0
2026-07-11 21:06:00,25,CLEAR,DAYLIGHT,PARKED MOTOR VEHICLE,NOT DIVIDED,STRAIGHT AND LEVEL,WET,NO DEFECTS,N,FAILING TO YIELD RIGHT-OF-WAY,BEAT_111,1,7,1,6,42.043075,-87.500676,28,5,Saturday,7,21,Night,1,1
2026-07-11 22:44:00,45,CLEAR,DAYLIGHT,SIDESWIPE SAME DIRECTION,DIVIDED - W/MEDIAN,STRAIGHT AND LEVEL,WET,WORN SURFACE,Y,WEATHER,BEAT_117,2,7,0,6,42.138707,-87.428063,28,5,Saturday,7,22,Night,1,0
2026-07-11 23:05:00,25,CLEAR,"DARKNESS, LIGHTED ROAD",SIDESWIPE SAME DIRECTION,ONE-WAY,STRAIGHT AND LEVEL,"SAND, MUD, DIRT",NO DEFECTS,Y,IMPROPER OVERTAKING/PASSING,BEAT_103,2,7,0,6,41.926118,-87.587757,28,5,Saturday,7,23,Night,1,0
2026-07-18 01:36:00,35,CLEAR,DAYLIGHT,ANGLE,ONE-WAY,STRAIGHT ON GRADE,DRY,NO DEFECTS,Y,DRIVING SKILLS/KNOWLEDGE/EXPERIENCE,BEAT_114,2,7,0,6,42.082473,-87.457239,29,5,Saturday,7,1,Night,1,0
2026-07-18 01:47:00,20,SNOW,"DARKNESS, LIGHTED ROAD",TURNING,T-INTERSECTION,STRAIGHT AND LEVEL,WET,"RUT, HOLES",N,FOLLOWING TOO CLOSELY,BEAT_109,2,7,0,6,42.018698,-87.52067,29,5,Saturday,7,1,Night,1,0
2026-07-18 07:06:00,20,RAIN,DAYLIGHT,SIDESWIPE SAME DIRECTION,DIVIDED - W/MEDIAN,STRAIGHT AND LEVEL,WET,NO DEFECTS,N,DRIVING SKILLS/KNOWLEDGE/EXPERIENCE,BEAT_105,2,7,0,6,41.95356,-87.577703,29,5,Saturday,7,7,Morning_Rush,1,0
2026-07-18 10:32:00,30,CLEAR,DAYLIGHT,SIDESWIPE SAME DIRECTION,FOUR WAY INTERSECTION,"CURVE, LEVEL",WET,DEBRIS ON ROAD,Y,FOLLOWING TOO CLOSELY,BEAT_102,2,7,0,6,41.906504,-87.605044,29,5,Saturday,7,10,Midday,1,0
2026-07-18 13:24:00,40,RAIN,DARKNESS,SIDESWIPE SAME DIRECTION,T-INTERSECTION,STRAIGHT ON GRADE,WET,NO DEFECTS,Y,IMPROPER OVERTAKING/PASSING,BEAT_114,2,7,0,6,42.089554,-87.458784,29,5,Saturday,7,13,Midday,1,0
2026-07-18 14:37:00,45,CLEAR,DAYLIGHT,PEDESTRIAN,NOT DIVIDED,STRAIGHT AND LEVEL,DRY,NO DEFECTS,Y,WEATHER,BEAT_112,1,7,1,6,42.054161,-87.485232,29,5,Saturday,7,14,Midday,1,1
2026-07-18 17:43:00,20,CLEAR,DAYLIGHT,REAR END,NOT DIVIDED,STRAIGHT AND LEVEL,DRY,WORN SURFACE,N,FAILING TO YIELD RIGHT-OF-WAY,BEAT_114,2,7,0,6,42.089529,-87.461906,29,5,Saturday,7,17,Evening_Rush,1,0
2026-07-18 22:42:00,30,RAIN,DAYLIGHT,SIDESWIPE SAME DIRECTION,FOUR WAY INTERSECTION,STRAIGHT AND LEVEL,WET,NO DEFECTS,Y,FAILING TO YIELD RIGHT-OF-WAY,BEAT_104,4,7,1,6,41.937708,-87.580416,29,5,Saturday,7,22,Night,1,1
2026-07-25 00:12:00,30,CLEAR,"DARKNESS, LIGHTED ROAD",SIDESWIPE SAME DIRECTION,DIVIDED - W/MEDIAN,STRAIGHT AND LEVEL,DRY,"RUT, HOLES",N,FAILING TO YIELD RIGHT-OF-WAY,BEAT_120,2,7,0,6,42.176805,-87.392386,30,5,Saturday,7,0,Night,1,0
2026-07-25 01:53:00,25,CLEAR,DAYLIGHT,SIDESWIPE SAME DIRECTION,DIVIDED - W/MEDIAN,STRAIGHT AND LEVEL,WET,NO DEFECTS,Y,FOLLOWING TOO CLOSELY,BEAT_117,2,7,2,6,42.138084,-87.425169,30,5,Saturday,7,1,Night,1,1
2026-07-25 02:48:00,30,RAIN,"DARKNESS, LIGHTED ROAD",SIDESWIPE SAME DIRECTION,ONE-WAY,STRAIGHT AND LEVEL,WET,WORN SURFACE,Y,WEATHER,BEAT_103,1,7,1,6,41.926734,-87.591404,30,5,Saturday,7,2,Night,1,1
2026-07-25 04:21:00,35,CLEAR,DAYLIGHT,PARKED MOTOR VEHICLE,NOT DIVIDED,STRAIGHT AND LEVEL,WET,NO DEFECTS,N,IMPROPER OVERTAKING/PASSING,BEAT_102,1,7,0,6,41.904341,-87.603345,30,5,Saturday,7,4,Night,1,0
2026-07-25 07:54:00,35,CLEAR,"DARKNESS, LIGHTED ROAD",TURNING,DIVIDED - W/MEDIAN,STRAIGHT AND LEVEL,DRY,NO DEFECTS,N,FOLLOWING TOO CLOSELY,BEAT_110,2,7,1,6,42.02128,-87.509489,30,5,Saturday,7,7,Morning_Rush,1,1
2026-07-25 09:36:00,20,CLEAR,DAYLIGHT,PARKED MOTOR VEHICLE,NOT DIVIDED,STRAIGHT AND LEVEL,DRY,NO DEFECTS,N,DRIVING SKILLS/KNOWLEDGE/EXPERIENCE,BEAT_115,2,7,0,6,42.106228,-87.452649,30,5,Saturday,7,9,Morning_Rush,1,0
2026-07-25 13:31:00,25,RAIN,"DARKNESS, LIGHTED ROAD",PEDESTRIAN,NOT DIVIDED,STRAIGHT AND LEVEL,WET,NO DEFECTS,Y,FAILING TO YIELD RIGHT-OF-WAY,BEAT_109,2,7,0,6,42.019919,-87.518138,30,5,Saturday,7,13,Midday,1,0
2026-07-25 13:42:00,35,RAIN,DARKNESS,SIDESWIPE SAME DIRECTION,DIVIDED - W/MEDIAN,STRAIGHT AND LEVEL,WET,NO DEFECTS,N,DRIVING SKILLS/KNOWLEDGE/EXPERIENCE,BEAT_120,2,7,0,6,42.180487,-87.385721,30,5,Saturday,7,13,Midday,1,0
2026-07-25 15:30:00,30,RAIN,"DARKNESS, LIGHTED ROAD",PARKED MOTOR VEHICLE,NOT DIVIDED,STRAIGHT AND LEVEL,SNOW OR SLUSH,NO DEFECTS,Y,WEATHER,BEAT_109,2,7,0,6,42.010266,-87.520637,30,5,Saturday,7,15,Midday,1,0
2026-07-25 20:59:00,25,RAIN,"DARKNESS, LIGHTED ROAD",REAR END,DIVIDED - W/MEDIAN,STRAIGHT AND LEVEL,WET,NO DEFECTS,N,FAILING TO YIELD RIGHT-OF-WAY,BEAT_102,1,7,0,6,41.906481,-87.610296,30,5,Saturday,7,20,Night,1,0
2026-07-25 23:12:00,30,CLEAR,DAYLIGHT,TURNING,FOUR WAY INTERSECTION,STRAIGHT AND LEVEL,SNOW OR SLUSH,NO DEFECTS,Y,FOLLOWING TOO CLOSELY,BEAT_107,2,7,0,6,41.982115,-87.547393,30,5,Saturday,7,23,Night,1,0
2026-08-01 04:07:00,25,CLEAR,"DARKNESS, LIGHTED ROAD",SIDESWIPE SAME DIRECTION,DIVIDED - W/MEDIAN,STRAIGHT AND LEVEL,DRY,NO DEFECTS,Y,FOLLOWING TOO CLOSELY,BEAT_115,3,8,2,6,42.107362,-87.450173,31,5,Saturday,8,4,Night,1,1
2026-08-01 10:59:00,50,CLEAR,DAYLIGHT,ANGLE,DIVIDED - W/MEDIAN,STRAIGHT AND LEVEL,"SAND, MUD, DIRT",NO DEFECTS,Y,IMPROPER OVERTAKING/PASSING,BEAT_105,1,8,0,6,41.955631,-87.572999,31,5,Saturday,8,10,Midday,1,0
2026-08-01 12:53:00,35,SNOW,DUSK,REAR END,NOT DIVIDED,STRAIGHT AND LEVEL,WET,"RUT, HOLES",N,PHYSICAL CONDITION OF DRIVER,BEAT_101,2,8,1,6,41.896229,-87.617541,31,5,Saturday,8,12,Midday,1,1
2026-08-01 16:04:00,50,CLEAR,"DARKNESS, LIGHTED ROAD",ANGLE,DIVIDED - W/MEDIAN,STRAIGHT AND LEVEL,DRY,NO DEFECTS,Y,FAILING TO YIELD RIGHT-OF-WAY,BEAT_113,1,8,0,6,42.078819,-87.47088,31,5,Saturday,8,16,Evening_Rush,1,0
2026-08-01 16:44:00,25,CLEAR,DUSK,REAR END,DIVIDED - W/MEDIAN,STRAIGHT AND LEVEL,"SAND, MUD, DIRT",NO DEFECTS,N,DRIVING SKILLS/KNOWLEDGE/EXPERIENCE,BEAT_103,3,8,0,6,41.919089,-87.59311,31,5,Saturday,8,16,Evening_Rush,1,0
2026-08-01 18:38:00,30,RAIN,"DARKNESS, LIGHTED ROAD",SIDESWIPE SAME DIRECTION,DIVIDED - W/MEDIAN,CURVE ON GRADE,SNOW OR SLUSH,NO DEFECTS,N,DISREGARDING TRAFFIC SIGNALS,BEAT_107,2,8,1,6,41.984988,-87.550592,31,5,Saturday,8,18,Evening_Rush,1,1
2026-08-08 01:08:00,35,CLEAR,DAYLIGHT,SIDESWIPE SAME DIRECTION,DIVIDED - W/MEDIAN,STRAIGHT AND LEVEL,DRY,NO DEFECTS,Y,WEATHER,BEAT_106,2,8,0,6,41.965114,-87.551662,32,5,Saturday,8,1,Night,1,0
2026-08-08 01:50:00,30,CLEAR,DAYLIGHT,REAR END,NOT DIVIDED,STRAIGHT AND LEVEL,WET,"RUT, HOLES",Y,DISREGARDING TRAFFIC SIGNALS,BEAT_119,2,8,1,6,42.161527,-87.401201,32,5,Saturday,8,1,Night,1,1
2026-08-08 05:45:00,25,CLEAR,"DARKNESS, LIGHTED ROAD",ANGLE,FOUR WAY INTERSECTION,STRAIGHT AND LEVEL,DRY,NO DEFECTS,Y,PHYSICAL CONDITION OF DRIVER,BEAT_111,2,8,0,6,42.041878,-87.499981,32,5,Saturday,8,5,Night,1,0
2026-08-08 05:56:00,25,CLEAR,DAYLIGHT,SIDESWIPE SAME DIRECTION,FOUR WAY INTERSECTION,STRAIGHT ON GRADE,DRY,NO DEFECTS,N,PHYSICAL CONDITION OF DRIVER,BEAT_104,1,8,0,6,41.932911,-87.581456,32,5,Saturday,8,5,Night,1,0
2026-08-08 06:33:00,40,CLEAR,DARKNESS,TURNING,DIVIDED - W/MEDIAN,STRAIGHT AND LEVEL,WET,NO DEFECTS,N,WEATHER,BEAT_119,2,8,0,6,42.16202,-87.398999,32,5,Saturday,8,6,Morning_Rush,1,0
2026-08-08 06:56:00,35,CLEAR,DAYLIGHT,REAR END,NOT DIVIDED,STRAIGHT AND LEVEL,DRY,NO DEFECTS,N,FAILING TO YIELD RIGHT-OF-WAY,BEAT_117,2,8,1,6,42.137862,-87.423805,32,5,Saturday,8,6,Morning_Rush,1,1
2026-08-08 07:04:00,30,RAIN,DAYLIGHT,SIDESWIPE SAME DIRECTION,ONE-WAY,STRAIGHT AND LEVEL,WET,NO DEFECTS,N,IMPROPER OVERTAKING/PASSING,BEAT_114,2,8,0,6,42.090468,-87.463488,32,5,Saturday,8,7,Morning_Rush,1,0
2026-08-08 08:38:00,35,CLEAR,DAWN,REAR END,NOT DIVIDED,STRAIGHT AND LEVEL,DRY,"RUT, HOLES",N,DISREGARDING TRAFFIC SIGNALS,BEAT_115,2,8,1,6,42.10317,-87.451203,32,5,Saturday,8,8,Morning_Rush,1,1
2026-08-08 11:43:00,30,RAIN,DAYLIGHT,ANGLE,NOT DIVIDED,STRAIGHT AND LEVEL,WET,WORN SURFACE,N,FOLLOWING TOO CLOSELY,BEAT_113,2,8,0,6,42.072078,-87.475375,32,5,Saturday,8,11,Midday,1,0
2026-08-08 13:07:00,25,SNOW,"DARKNESS, LIGHTED ROAD",REAR END,ALLEY,STRAIGHT AND LEVEL,SNOW OR SLUSH,NO DEFECTS,Y,FOLLOWING TOO CLOSELY,BEAT_118,2,8,0,6,42.143472,-87.415393,32,5,Saturday,8,13,Midday,1,0
2026-08-08 14:45:00,25,CLEAR,DAYLIGHT,ANGLE,NOT DIVIDED,STRAIGHT ON GRADE,WET,NO DEFECTS,N,FAILING TO YIELD RIGHT-OF-WAY,BEAT_111,3,8,0,6,42.046051,-87.49748,32,5,Saturday,8,14,Midday,1,0
2026-08-08 19:37:00,35,CLEAR,DAWN,ANGLE,NOT DIVIDED,"CURVE, LEVEL",DRY,NO DEFECTS,N,PHYSICAL CONDITION OF DRIVER,BEAT_104,2,8,0,6,41.933742,-87.584222,32,5,Saturday,8,19,Evening_Rush,1,0
2026-08-08 20:07:00,30,CLEAR,DAYLIGHT,SIDESWIPE SAME DIRECTION,NOT DIVIDED,STRAIGHT ON GRADE,DRY,NO DEFECTS,N,FAILING TO YIELD RIGHT-OF-WAY,BEAT_102,2,8,0,6,41.90247,-87.609275,32,5,Saturday,8,20,Night,1,0
2026-08-08 20:10:00,25,RAIN,DAYLIGHT,ANGLE,DIVIDED - W/MEDIAN,STRAIGHT AND LEVEL,WET,NO DEFECTS,Y,DRIVING SKILLS/KNOWLEDGE/EXPERIENCE,BEAT_109,4,8,0,6,42.014589,-87.519423,32,5,Saturday,8,20,Night,1,0
2026-08-08 21:41:00,30,CLEAR,DAYLIGHT,PEDESTRIAN,ONE-WAY,STRAIGHT AND LEVEL,DRY,NO DEFECTS,N,DRIVING SKILLS/KNOWLEDGE/EXPERIENCE,BEAT_116,2,8,0,6,42.118923,-87.431314,32,5,Saturday,8,21,Night,1,0
2026-08-08 23:35:00,25,RAIN,DAYLIGHT,REAR END,NOT DIVIDED,STRAIGHT AND LEVEL,WET,NO DEFECTS,Y,DRIVING SKILLS/KNOWLEDGE/EXPERIENCE,BEAT_116,2,8,1,6,42.116214,-87.441229,32,5,Saturday,8,23,Night,1,1
2026-08-15 00:21:00,30,RAIN,"DARKNESS, LIGHTED ROAD",ANGLE,DIVIDED - W/MEDIAN,STRAIGHT AND LEVEL,SNOW OR SLUSH,NO DEFECTS,N,FAILING TO YIELD RIGHT-OF-WAY,BEAT_118,2,8,0,6,42.143661,-87.410157,33,5,Saturday,8,0,Night,1,0
2026-08-15 00:34:00,25,RAIN,DAYLIGHT,SIDESWIPE SAME DIRECTION,DIVIDED - W/MEDIAN,STRAIGHT AND LEVEL,WET,NO DEFECTS,N,DRIVING SKILLS/KNOWLEDGE/EXPERIENCE,BEAT_104,2,8,1,6,41.935294,-87.579759,33,5,Saturday,8,0,Night,1,1
2026-08-15 00:53:00,35,CLEAR,DAYLIGHT,ANGLE,NOT DIVIDED,STRAIGHT AND LEVEL,WET,NO DEFECTS,N,FAILING TO YIELD RIGHT-OF-WAY,BEAT_115,2,8,0,6,42.099814,-87.448339,33,5,Saturday,8,0,Night,1,0
2026-08-15 01:38:00,40,CLEAR,DAYLIGHT,TURNING,ONE-WAY,STRAIGHT AND LEVEL,WET,NO DEFECTS,Y,FAILING TO YIELD RIGHT-OF-WAY,BEAT_105,2,8,3,6,41.947001,-87.563463,33,5,Saturday,8,1,Night,1,1
2026-08-15 04:15:00,25,CLEAR,DAYLIGHT,SIDESWIPE SAME DIRECTION,DIVIDED - W/MEDIAN,STRAIGHT AND LEVEL,DRY,NO DEFECTS,N,FOLLOWING TOO CLOSELY,BEAT_117,2,8,0,6,42.140088,-87.425295,33,5,Saturday,8,4,Night,1,0
2026-08-15 07:19:00,30,SEVERE RAIN,DAYLIGHT,SIDESWIPE SAME DIRECTION,NOT DIVIDED,STRAIGHT AND LEVEL,SNOW OR SLUSH,NO DEFECTS,N,FAILING TO YIELD RIGHT-OF-WAY,BEAT_108,2,8,0,6,41.99531,-87.532505,33,5,Saturday,8,7,Morning_Rush,1,0
2026-08-15 08:56:00,25,CLEAR,DAYLIGHT,ANGLE,NOT DIVIDED,STRAIGHT ON GRADE,DRY,NO DEFECTS,Y,FOLLOWING TOO CLOSELY,BEAT_110,2,8,0,6,42.028146,-87.513063,33,5,Saturday,8,8,Morning_Rush,1,0
2026-08-15 10:19:00,25,CLEAR,DAYLIGHT,TURNING,NOT DIVIDED,STRAIGHT AND LEVEL,WET,NO DEFECTS,Y,FAILING TO YIELD RIGHT-OF-WAY,BEAT_119,2,8,1,6,42.166036,-87.401501,33,5,Saturday,8,10,Midday,1,1
2026-08-15 10:42:00,30,SNOW,DAYLIGHT,REAR END,DIVIDED - W/MEDIAN,STRAIGHT AND LEVEL,WET,NO DEFECTS,N,FAILING TO YIELD RIGHT-OF-WAY,BEAT_108,2,8,0,6,41.996742,-87.534501,33,5,Saturday,8,10,Midday,1,0
2026-08-15 11:53:00,25,SNOW,"DARKNESS, LIGHTED ROAD",TURNING,DIVIDED - W/MEDIAN,STRAIGHT ON GRADE,SNOW OR SLUSH,NO DEFECTS,N,FAILING TO YIELD RIGHT-OF-WAY,BEAT_109,2,8,0,6,42.008785,-87.5286,33,5,Saturday,8,11,Midday,1,0
2026-08-15 14:01:00,25,CLEAR,DAYLIGHT,REAR END,NOT DIVIDED,STRAIGHT AND LEVEL,DRY,NO DEFECTS,Y,PHYSICAL CONDITION OF DRIVER,BEAT_119,2,8,0,6,42.167405,-87.397418,33,5,Saturday,8,14,Midday,1,0
2026-08-15 17:49:00,30,SEVERE RAIN,DAWN,ANGLE,ONE-WAY,STRAIGHT AND LEVEL,WET,NO DEFECTS,N,PHYSICAL CONDITION OF DRIVER,BEAT_102,2,8,0,6,41.907531,-87.604281,33,5,Saturday,8,17,Evening_Rush,1,0
2026-08-22 01:37:00,35,RAIN,DAYLIGHT,REAR END,DIVIDED - W/MEDIAN,STRAIGHT AND LEVEL,WET,NO DEFECTS,N,FOLLOWING TOO CLOSELY,BEAT_119,2,8,0,6,42.165253,-87.404777,34,5,Saturday,8,1,Night,1,0
2026-08-22 02:04:00,25,CLEAR,"DARKNESS, LIGHTED ROAD",REAR END,DIVIDED - W/MEDIAN,STRAIGHT AND LEVEL,DRY,NO DEFECTS,Y,DRIVING SKILLS/KNOWLEDGE/EXPERIENCE,BEAT_119,2,8,0,6,42.162206,-87.40044,34,5,Saturday,8,2,Night,1,0
2026-08-22 02:51:00,25,RAIN,DUSK,REAR END,DIVIDED - W/MEDIAN,STRAIGHT AND LEVEL,WET,NO DEFECTS,Y,FAILING TO YIELD RIGHT-OF-WAY,BEAT_117,2,8,0,6,42.130786,-87.423967,34,5,Saturday,8,2,Night,1,0
2026-08-22 03:14:00,55,SEVERE RAIN,"DARKNESS, LIGHTED ROAD",ANGLE,DIVIDED - W/MEDIAN,STRAIGHT AND LEVEL,WET,NO DEFECTS,Y,DRIVING SKILLS/KNOWLEDGE/EXPERIENCE,BEAT_109,3,8,0,6,42.018918,-87.524313,34,5,Saturday,8,3,Night,1,0
2026-08-22 06:30:00,45,CLEAR,DAYLIGHT,REAR END,DIVIDED - W/MEDIAN,STRAIGHT AND LEVEL,DRY,WORN SURFACE,Y,IMPROPER OVERTAKING/PASSING,BEAT_114,2,8,0,6,42.08567,-87.465452,34,5,Saturday,8,6,Morning_Rush,1,0
2026-08-22 07:17:00,30,CLEAR,DAYLIGHT,REAR END,ONE-WAY,STRAIGHT AND LEVEL,DRY,NO DEFECTS,Y,DISREGARDING TRAFFIC SIGNALS,BEAT_106,2,8,1,6,41.971587,-87.545973,34,5,Saturday,8,7,Morning_Rush,1,1
2026-08-22 11:26:00,25,RAIN,"DARKNESS, LIGHTED ROAD",PEDESTRIAN,DIVIDED - W/MEDIAN,STRAIGHT AND LEVEL,WET,NO DEFECTS,N,WEATHER,BEAT_103,2,8,0,6,41.924521,-87.593359,34,5,Saturday,8,11,Midday,1,0
2026-08-22 15:01:00,25,CLEAR,DAYLIGHT,TURNING,DIVIDED - W/MEDIAN,STRAIGHT AND LEVEL,DRY,NO DEFECTS,N,WEATHER,BEAT_117,2,8,0,6,42.136138,-87.427148,34,5,Saturday,8,15,Midday,1,0
2026-08-22 17:13:00,35,SNOW,DARKNESS,REAR END,T-INTERSECTION,STRAIGHT ON GRADE,WET,NO DEFECTS,N,FAILING TO YIELD RIGHT-OF-WAY,BEAT_102,2,8,0,6,41.90972,-87.604213,34,5,Saturday,8,17,Evening_Rush,1,0
2026-08-22 20:59:00,35,CLEAR,DAYLIGHT,REAR END,DIVIDED - W/MEDIAN,STRAIGHT AND LEVEL,DRY,NO DEFECTS,Y,WEATHER,BEAT_107,2,8,0,6,41.986405,-87.544324,34,5,Saturday,8,20,Night,1,0
2026-08-22 22:07:00,40,CLEAR,DAYLIGHT,REAR END,T-INTERSECTION,STRAIGHT AND LEVEL,DRY,SHOULDER DEFECT,Y,FAILING TO YIELD RIGHT-OF-WAY,BEAT_118,2,8,0,6,42.1499,-87.41623,34,5,Saturday,8,22,Night,1,0
2026-08-29 02:19:00,25,FOG/SMOKE/HAZE,DAYLIGHT,TURNING,NOT DIVIDED,STRAIGHT AND LEVEL,WET,NO DEFECTS,Y,FAILING TO YIELD RIGHT-OF-WAY,BEAT_120,3,8,1,6,42.178843,-87.389349,35,5,Saturday,8,2,Night,1,1
2026-08-29 02:55:00,30,CLEAR,DAYLIGHT,FIXED OBJECT,NOT DIVIDED,STRAIGHT AND LEVEL,DRY,NO DEFECTS,N,DISREGARDING TRAFFIC SIGNALS,BEAT_106,2,8,0,6,41.969646,-87.554217,35,5,Saturday,8,2,Night,1,0
2026-08-29 04:28:00,30,SNOW,DAYLIGHT,SIDESWIPE SAME DIRECTION,ONE-WAY,STRAIGHT AND LEVEL,WET,NO DEFECTS,N,FAILING TO YIELD RIGHT-OF-WAY,BEAT_102,2,8,0,6,41.910013,-87.615175,35,5,Saturday,8,4,Night,1,0
2026-08-29 07:03:00,45,CLEAR,DAYLIGHT,REAR END,DIVIDED - W/MEDIAN,STRAIGHT ON GRADE,DRY,"RUT, HOLES",N,FOLLOWING TOO CLOSELY,BEAT_115,2,8,0,6,42.104781,-87.445288,35,5,Saturday,8,7,Morning_Rush,1,0
2026-08-29 09:51:00,45,CLEAR,DAYLIGHT,REAR END,DIVIDED - W/MEDIAN,STRAIGHT AND LEVEL,DRY,NO DEFECTS,N,FOLLOWING TOO CLOSELY,BEAT_109,2,8,0,6,42.015686,-87.525336,35,5,Saturday,8,9,Morning_Rush,1,0
2026-08-29 10:38:00,25,CLEAR,DAYLIGHT,REAR END,DIVIDED - W/MEDIAN,STRAIGHT AND LEVEL,WET,NO DEFECTS,Y,FOLLOWING TOO CLOSELY,BEAT_114,2,8,2,6,42.089008,-87.463402,35,5,Saturday,8,10,Midday,1,1
2026-08-29 11:44:00,30,CLEAR,"DARKNESS, LIGHTED ROAD",ANGLE,NOT DIVIDED,STRAIGHT AND LEVEL,WET,NO DEFECTS,N,FAILING TO YIELD RIGHT-OF-WAY,BEAT_113,2,8,0,6,42.068311,-87.478685,35,5,Saturday,8,11,Midday,1,0
2026-08-29 13:28:00,40,RAIN,DAYLIGHT,REAR END,ONE-WAY,STRAIGHT AND LEVEL,WET,SHOULDER DEFECT,N,DRIVING SKILLS/KNOWLEDGE/EXPERIENCE,BEAT_105,3,8,0,6,41.948331,-87.57258,35,5,Saturday,8,13,Midday,1,0
2026-08-29 16:23:00,25,CLEAR,DAYLIGHT,TURNING,NOT DIVIDED,STRAIGHT AND LEVEL,ICE,NO DEFECTS,N,DISREGARDING TRAFFIC SIGNALS,BEAT_115,2,8,0,6,42.102219,-87.453665,35,5,Saturday,8,16,Evening_Rush,1,0
2026-08-29 16:35:00,30,CLEAR,DUSK,REAR END,DIVIDED - W/MEDIAN,STRAIGHT AND LEVEL,DRY,NO DEFECTS,N,FOLLOWING TOO CLOSELY,BEAT_114,2,8,1,6,42.093515,-87.463953,35,5,Saturday,8,16,Evening_Rush,1,1
2026-08-29 16:44:00,40,CLEAR,DAYLIGHT,ANGLE,NOT DIVIDED,"CURVE, LEVEL",DRY,NO DEFECTS,N,FAILING TO YIELD RIGHT-OF-WAY,BEAT_112,1,8,0,6,42.060384,-87.481227,35,5,Saturday,8,16,Evening_Rush,1,0
2026-08-29 20:13:00,40,RAIN,DARKNESS,SIDESWIPE SAME DIRECTION,ALLEY,STRAIGHT ON GRADE,WET,NO DEFECTS,Y,DISREGARDING TRAFFIC SIGNALS,BEAT_116,2,8,0,6,42.116532,-87.442153,35,5,Saturday,8,20,Night,1,0
2026-08-29 21:35:00,30,CLEAR,DARKNESS,PARKED MOTOR VEHICLE,NOT DIVIDED,STRAIGHT AND LEVEL,ICE,NO DEFECTS,N,DRIVING SKILLS/KNOWLEDGE/EXPERIENCE,BEAT_103,2,8,1,6,41.928448,-87.596313,35,5,Saturday,8,21,Night,1,1
2026-09-05 02:14:00,25,CLEAR,DAYLIGHT,PARKED MOTOR VEHICLE,ALLEY,STRAIGHT AND LEVEL,DRY,NO DEFECTS,N,FAILING TO YIELD RIGHT-OF-WAY,BEAT_118,2,9,0,6,42.149367,-87.417186,36,5,Saturday,9,2,Night,1,0
2026-09-05 03:20:00,25,CLEAR,DAYLIGHT,PARKED MOTOR VEHICLE,NOT DIVIDED,STRAIGHT AND LEVEL,WET,NO DEFECTS,Y,FOLLOWING TOO CLOSELY,BEAT_116,2,9,0,6,42.113075,-87.436768,36,5,Saturday,9,3,Night,1,0
2026-09-05 10:39:00,25,CLEAR,"DARKNESS, LIGHTED ROAD",SIDESWIPE SAME DIRECTION,DIVIDED - W/MEDIAN,STRAIGHT AND LEVEL,DRY,"RUT, HOLES",Y,IMPROPER OVERTAKING/PASSING,BEAT_119,2,9,0,6,42.1647,-87.401419,36,5,Saturday,9,10,Midday,1,0
2026-09-05 13:33:00,40,CLEAR,DAYLIGHT,SIDESWIPE SAME DIRECTION,ONE-WAY,STRAIGHT AND LEVEL,DRY,WORN SURFACE,Y,PHYSICAL CONDITION OF DRIVER,BEAT_110,2,9,2,6,42.024774,-87.511156,36,5,Saturday,9,13,Midday,1,1
2026-09-05 15:03:00,30,RAIN,"DARKNESS, LIGHTED ROAD",FIXED OBJECT,DIVIDED - W/MEDIAN,STRAIGHT AND LEVEL,WET,NO DEFECTS,N,FAILING TO YIELD RIGHT-OF-WAY,BEAT_114,2,9,0,6,42.091533,-87.462037,36,5,Saturday,9,15,Midday,1,0
2026-09-05 22:11:00,30,CLEAR,DARKNESS,SIDESWIPE SAME DIRECTION,ONE-WAY,STRAIGHT AND LEVEL,DRY,NO DEFECTS,N,FAILING TO YIELD RIGHT-OF-WAY,BEAT_113,2,9,1,6,42.071567,-87.475189,36,5,Saturday,9,22,Night,1,1
2026-09-12 00:06:00,45,CLEAR,DAYLIGHT,SIDESWIPE SAME DIRECTION,ONE-WAY,STRAIGHT AND LEVEL,DRY,NO DEFECTS,Y,WEATHER,BEAT_113,2,9,1,6,42.079564,-87.475864,37,5,Saturday,9,0,Night,1,1
2026-09-12 01:36:00,30,RAIN,DAYLIGHT,TURNING,T-INTERSECTION,STRAIGHT ON GRADE,SNOW OR SLUSH,DEBRIS ON ROAD,N,DISREGARDING TRAFFIC SIGNALS,BEAT_108,2,9,0,6,41.997739,-87.535164,37,5,Saturday,9,1,Night,1,0
2026-09-12 01:46:00,30,CLEAR,DAYLIGHT,REAR END,NOT DIVIDED,STRAIGHT AND LEVEL,WET,NO DEFECTS,Y,DISREGARDING TRAFFIC SIGNALS,BEAT_109,2,9,0,6,42.017716,-87.515488,37,5,Saturday,9,1,Night,1,0
2026-09-12 08:27:00,25,CLEAR,DAYLIGHT,REAR END,ALLEY,STRAIGHT AND LEVEL,DRY,NO DEFECTS,Y,FAILING TO YIELD RIGHT-OF-WAY,BEAT_116,1,9,2,6,42.11429,-87.438456,37,5,Saturday,9,8,Morning_Rush,1,1
2026-09-12 11:07:00,30,CLEAR,DAYLIGHT,PARKED MOTOR VEHICLE,NOT DIVIDED,STRAIGHT AND LEVEL,DRY,SHOULDER DEFECT,Y,FOLLOWING TOO CLOSELY,BEAT_102,2,9,0,6,41.908182,-87.61081,37,5,Saturday,9,11,Midday,1,0
2026-09-12 12:11:00,25,CLEAR,"DARKNESS, LIGHTED ROAD",REAR END,T-INTERSECTION,STRAIGHT AND LEVEL,WET,NO DEFECTS,Y,WEATHER,BEAT_109,2,9,0,6,42.012918,-87.521724,37,5,Saturday,9,12,Midday,1,0
2026-09-12 14:47:00,25,CLEAR,"DARKNESS, LIGHTED ROAD",REAR END,DIVIDED - W/MEDIAN,STRAIGHT AND LEVEL,DRY,NO DEFECTS,N,FAILING TO YIELD RIGHT-OF-WAY,BEAT_104,2,9,0,6,41.93761,-87.576941,37,5,Saturday,9,14,Midday,1,0
2026-09-12 15:01:00,30,CLEAR,DAYLIGHT,PARKED MOTOR VEHICLE,NOT DIVIDED,STRAIGHT AND LEVEL,DRY,NO DEFECTS,Y,PHYSICAL CONDITION OF DRIVER,BEAT_107,2,9,0,6,41.982013,-87.543575,37,5,Saturday,9,15,Midday,1,0
2026-09-12 20:09:00,35,RAIN,DAYLIGHT,SIDESWIPE SAME DIRECTION,DIVIDED - W/MEDIAN,STRAIGHT AND LEVEL,WET,NO DEFECTS,N,FAILING TO YIELD RIGHT-OF-WAY,BEAT_119,2,9,0,6,42.161407,-87.401251,37,5,Saturday,9,20,Night,1,0
2026-09-12 22:14:00,45,CLEAR,"DARKNESS, LIGHTED ROAD",SIDESWIPE SAME DIRECTION,DIVIDED - W/MEDIAN,STRAIGHT AND LEVEL,DRY,NO DEFECTS,N,DRIVING SKILLS/KNOWLEDGE/EXPERIENCE,BEAT_113,2,9,0,6,42.070003,-87.471978,37,5,Saturday,9,22,Night,1,0
2026-09-12 22:39:00,35,CLEAR,"DARKNESS, LIGHTED ROAD",PARKED MOTOR VEHICLE,DIVIDED - W/MEDIAN,STRAIGHT AND LEVEL,DRY,NO DEFECTS,N,FAILING TO YIELD RIGHT-OF-WAY,BEAT_120,2,9,0,6,42.178335,-87.392338,37,5,Saturday,9,22,Night,1,0
2026-09-19 01:15:00,30,CLEAR,DAYLIGHT,ANGLE,ALLEY,STRAIGHT AND LEVEL,WET,NO DEFECTS,N,IMPROPER OVERTAKING/PASSING,BEAT_105,2,9,0,6,41.957041,-87.570645,38,5,Saturday,9,1,Night,1,0
2026-09-19 01:27:00,25,SNOW,DAYLIGHT,TURNING,NOT DIVIDED,STRAIGHT AND LEVEL,WET,NO DEFECTS,N,DRIVING SKILLS/KNOWLEDGE/EXPERIENCE,BEAT_112,2,9,0,6,42.058903,-87.487762,38,5,Saturday,9,1,Night,1,0
2026-09-19 03:26:00,30,CLEAR,"DARKNESS, LIGHTED ROAD",ANGLE,ONE-WAY,STRAIGHT AND LEVEL,DRY,WORN SURFACE,Y,DRIVING SKILLS/KNOWLEDGE/EXPERIENCE,BEAT_115,2,9,0,6,42.106356,-87.450865,38,5,Saturday,9,3,Night,1,0
2026-09-19 03:58:00,40,CLEAR,DAYLIGHT,TURNING,NOT DIVIDED,STRAIGHT AND LEVEL,WET,NO DEFECTS,N,DISREGARDING TRAFFIC SIGNALS,BEAT_117,2,9,0,6,42.132665,-87.418942,38,5,Saturday,9,3,Night,1,0
2026-09-19 05:13:00,25,CLEAR,"DARKNESS, LIGHTED ROAD",SIDESWIPE SAME DIRECTION,NOT DIVIDED,STRAIGHT AND LEVEL,DRY,NO DEFECTS,Y,FOLLOWING TOO CLOSELY,BEAT_105,2,9,1,6,41.955057,-87.565036,38,5,Saturday,9,5,Night,1,1
2026-09-19 05:55:00,25,SNOW,DAYLIGHT,TURNING,NOT DIVIDED,STRAIGHT AND LEVEL,WET,NO DEFECTS,N,DISREGARDING TRAFFIC SIGNALS,BEAT_105,2,9,0,6,41.945569,-87.569916,38,5,Saturday,9,5,Night,1,0
2026-09-19 09:38:00,25,CLEAR,DAWN,REAR END,NOT DIVIDED,STRAIGHT AND LEVEL,DRY,WORN SURFACE,Y,WEATHER,BEAT_119,2,9,0,6,42.168341,-87.402076,38,5,Saturday,9,9,Morning_Rush,1,0
2026-09-19 11:28:00,25,CLEAR,DARKNESS,ANGLE,FOUR WAY INTERSECTION,STRAIGHT ON GRADE,DRY,NO DEFECTS,N,FAILING TO YIELD RIGHT-OF-WAY,BEAT_113,3,9,0,6,42.07248,-87.474526,38,5,Saturday,9,11,Midday,1,0
2026-09-19 12:09:00,30,RAIN,DAYLIGHT,REAR END,DIVIDED - W/MEDIAN,STRAIGHT ON GRADE,WET,NO DEFECTS,Y,FAILING TO YIELD RIGHT-OF-WAY,BEAT_119,2,9,0,6,42.160221,-87.399607,38,5,Saturday,9,12,Midday,1,0
2026-09-19 12:22:00,55,CLEAR,DAYLIGHT,FIXED OBJECT,DIVIDED - W/MEDIAN,STRAIGHT AND LEVEL,DRY,NO DEFECTS,Y,FAILING TO YIELD RIGHT-OF-WAY,BEAT_107,1,9,1,6,41.983865,-87.548331,38,5,Saturday,9,12,Midday,1,1
2026-09-19 16:22:00,30,CLEAR,"DARKNESS, LIGHTED ROAD",SIDESWIPE SAME DIRECTION,FOUR WAY INTERSECTION,STRAIGHT AND LEVEL,WET,NO DEFECTS,Y,FOLLOWING TOO CLOSELY,BEAT_103,2,9,1,6,41.925741,-87.600109,38,5,Saturday,9,16,Evening_Rush,1,1
2026-09-19 18:30:00,20,CLEAR,"DARKNESS, LIGHTED ROAD",PARKED MOTOR VEHICLE,DIVIDED - W/MEDIAN,STRAIGHT AND LEVEL,DRY,NO DEFECTS,Y,DRIVING SKILLS/KNOWLEDGE/EXPERIENCE,BEAT_102,2,9,2,6,41.911308,-87.605812,38,5,Saturday,9,18,Evening_Rush,1,1
2026-09-19 19:25:00,30,CLEAR,DAYLIGHT,ANGLE,DIVIDED - W/MEDIAN,STRAIGHT AND LEVEL,DRY,NO DEFECTS,Y,DRIVING SKILLS/KNOWLEDGE/EXPERIENCE,BEAT_107,2,9,0,6,41.981452,-87.548306,38,5,Saturday,9,19,Evening_Rush,1,0
2026-09-19 19:51:00,35,CLEAR,DAYLIGHT,PARKED MOTOR VEHICLE,NOT DIVIDED,STRAIGHT AND LEVEL,DRY,NO DEFECTS,Y,FAILING TO YIELD RIGHT-OF-WAY,BEAT_103,2,9,0,6,41.924035,-87.595146,38,5,Saturday,9,19,Evening_Rush,1,0
2026-09-26 02:01:00,25,CLEAR,DAYLIGHT,TURNING,NOT DIVIDED,STRAIGHT AND LEVEL,ICE,NO DEFECTS,N,DRIVING SKILLS/KNOWLEDGE/EXPERIENCE,BEAT_116,2,9,0,6,42.118681,-87.438423,39,5,Saturday,9,2,Night,1,0
2026-09-26 04:45:00,25,RAIN,DAYLIGHT,REAR END,DIVIDED - W/MEDIAN,STRAIGHT AND LEVEL,WET,NO DEFECTS,N,FAILING TO YIELD RIGHT-OF-WAY,BEAT_101,2,9,0,6,41.887648,-87.618702,39,5,Saturday,9,4,Night,1,0
2026-09-26 13:06:00,30,CLEAR,"DARKNESS, LIGHTED ROAD",SIDESWIPE SAME DIRECTION,ONE-WAY,STRAIGHT AND LEVEL,DRY,"RUT, HOLES",Y,WEATHER,BEAT_103,1,9,1,6,41.920964,-87.594031,39,5,Saturday,9,13,Midday,1,1
2026-09-26 14:11:00,50,CLEAR,DAWN,PARKED MOTOR VEHICLE,DIVIDED - W/MEDIAN,STRAIGHT AND LEVEL,DRY,NO DEFECTS,N,DISREGARDING TRAFFIC SIGNALS,BEAT_103,2,9,2,6,41.922551,-87.590862,39,5,Saturday,9,14,Midday,1,1
2026-09-26 15:25:00,45,CLEAR,DAYLIGHT,REAR END,NOT DIVIDED,STRAIGHT AND LEVEL,DRY,NO DEFECTS,N,DRIVING SKILLS/KNOWLEDGE/EXPERIENCE,BEAT_120,2,9,0,6,42.177711,-87.38912,39,5,Saturday,9,15,Midday,1,0
2026-09-26 17:23:00,25,CLEAR,DAYLIGHT,ANGLE,NOT DIVIDED,STRAIGHT AND LEVEL,WET,NO DEFECTS,Y,FOLLOWING TOO CLOSELY,BEAT_106,2,9,0,6,41.975563,-87.557912,39,5,Saturday,9,17,Evening_Rush,1,0
2026-09-26 19:36:00,30,CLEAR,DAYLIGHT,SIDESWIPE SAME DIRECTION,DIVIDED - W/MEDIAN,STRAIGHT AND LEVEL,DRY,NO DEFECTS,Y,DRIVING SKILLS/KNOWLEDGE/EXPERIENCE,BEAT_106,2,9,0,6,41.971049,-87.555449,39,5,Saturday,9,19,Evening_Rush,1,0
2026-09-26 21:21:00,50,CLEAR,"DARKNESS, LIGHTED ROAD",SIDESWIPE SAME DIRECTION,T-INTERSECTION,STRAIGHT AND LEVEL,DRY,NO DEFECTS,Y,DRIVING SKILLS/KNOWLEDGE/EXPERIENCE,BEAT_114,2,9,0,6,42.087479,-87.463565,39,5,Saturday,9,21,Night,1,0
2026-09-26 21:31:00,30,CLEAR,DAYLIGHT,SIDESWIPE SAME DIRECTION,DIVIDED - W/MEDIAN,STRAIGHT AND LEVEL,DRY,NO DEFECTS,N,WEATHER,BEAT_115,2,9,1,6,42.104685,-87.450693,39,5,Saturday,9,21,Night,1,1
2026-10-03 02:00:00,35,CLEAR,"DARKNESS, LIGHTED ROAD",REAR END,NOT DIVIDED,STRAIGHT AND LEVEL,DRY,NO DEFECTS,N,WEATHER,BEAT_105,2,10,0,6,41.950522,-87.5656,40,5,Saturday,10,2,Night,1,0
2026-10-03 05:58:00,25,RAIN,"DARKNESS, LIGHTED ROAD",SIDESWIPE SAME DIRECTION,FOUR WAY INTERSECTION,STRAIGHT AND LEVEL,WET,NO DEFECTS,Y,FOLLOWING TOO CLOSELY,BEAT_116,4,10,2,6,42.116335,-87.436437,40,5,Saturday,10,5,Night,1,1
2026-10-03 06:10:00,25,RAIN,"DARKNESS, LIGHTED ROAD",SIDESWIPE SAME DIRECTION,DIVIDED - W/MEDIAN,STRAIGHT AND LEVEL,WET,NO DEFECTS,Y,FOLLOWING TOO CLOSELY,BEAT_105,2,10,1,6,41.954289,-87.566858,40,5,Saturday,10,6,Morning_Rush,1,1
2026-10-03 08:16:00,25,RAIN,DAYLIGHT,REAR END,FOUR WAY INTERSECTION,STRAIGHT ON GRADE,WET,"RUT, HOLES",Y,FAILING TO YIELD RIGHT-OF-WAY,BEAT_115,2,10,1,6,42.108885,-87.448751,40,5,Saturday,10,8,Morning_Rush,1,1
2026-10-03 09:25:00,30,CLEAR,"DARKNESS, LIGHTED ROAD",REAR END,DIVIDED - W/MEDIAN,STRAIGHT AND LEVEL,DRY,NO DEFECTS,N,WEATHER,BEAT_119,2,10,0,6,42.162219,-87.402831,40,5,Saturday,10,9,Morning_Rush,1,0
2026-10-03 10:49:00,30,CLEAR,DAYLIGHT,PARKED MOTOR VEHICLE,ONE-WAY,STRAIGHT AND LEVEL,WET,NO DEFECTS,Y,FAILING TO YIELD RIGHT-OF-WAY,BEAT_111,2,10,0,6,42.042079,-87.499252,40,5,Saturday,10,10,Midday,1,0
2026-10-03 10:58:00,25,CLEAR,DAYLIGHT,TURNING,DIVIDED - W/MEDIAN,STRAIGHT AND LEVEL,DRY,NO DEFECTS,Y,IMPROPER OVERTAKING/PASSING,BEAT_119,2,10,0,6,42.163601,-87.402375,40,5,Saturday,10,10,Midday,1,0
2026-10-03 11:34:00,25,RAIN,"DARKNESS, LIGHTED ROAD",REAR END,NOT DIVIDED,STRAIGHT AND LEVEL,WET,NO DEFECTS,Y,FOLLOWING TOO CLOSELY,BEAT_119,2,10,0,6,42.162143,-87.402332,40,5,Saturday,10,11,Midday,1,0
2026-10-03 14:40:00,30,FOG/SMOKE/HAZE,DAWN,PARKED MOTOR VEHICLE,NOT DIVIDED,STRAIGHT AND LEVEL,SNOW OR SLUSH,NO DEFECTS,N,IMPROPER OVERTAKING/PASSING,BEAT_117,1,10,1,6,42.135555,-87.426113,40,5,Saturday,10,14,Midday,1,1
2026-10-03 16:04:00,25,CLEAR,DARKNESS,SIDESWIPE SAME DIRECTION,ONE-WAY,STRAIGHT AND LEVEL,DRY,NO DEFECTS,N,FOLLOWING TOO CLOSELY,BEAT_109,2,10,0,6,42.017735,-87.524898,40,5,Saturday,10,16,Evening_Rush,1,0
2026-10-03 21:58:00,45,CLEAR,"DARKNESS, LIGHTED ROAD",SIDESWIPE SAME DIRECTION,DIVIDED - W/MEDIAN,STRAIGHT ON GRADE,DRY,NO DEFECTS,Y,FOLLOWING TOO CLOSELY,BEAT_102,2,10,0,6,41.908072,-87.602391,40,5,Saturday,10,21,Night,1,0
2026-10-03 22:11:00,20,RAIN,DAYLIGHT,ANGLE,DIVIDED - W/MEDIAN,STRAIGHT AND LEVEL,WET,NO DEFECTS,N,FAILING TO YIELD RIGHT-OF-WAY,BEAT_110,2,10,0,6,42.029416,-87.506307,40,5,Saturday,10,22,Night,1,0
2026-10-10 03:16:00,35,RAIN,DAYLIGHT,SIDESWIPE SAME DIRECTION,ONE-WAY,STRAIGHT AND LEVEL,WET,WORN SURFACE,N,FAILING TO YIELD RIGHT-OF-WAY,BEAT_117,2,10,1,6,42.128536,-87.424202,41,5,Saturday,10,3,Night,1,1
2026-10-10 05:23:00,25,CLEAR,"DARKNESS, LIGHTED ROAD",TURNING,FOUR WAY INTERSECTION,"CURVE, LEVEL",WET,NO DEFECTS,Y,DRIVING SKILLS/KNOWLEDGE/EXPERIENCE,BEAT_109,2,10,0,6,42.010858,-87.525969,41,5,Saturday,10,5,Night,1,0
2026-10-10 07:08:00,30,RAIN,"DARKNESS, LIGHTED ROAD",SIDESWIPE SAME DIRECTION,NOT DIVIDED,STRAIGHT ON GRADE,WET,NO DEFECTS,N,FAILING TO YIELD RIGHT-OF-WAY,BEAT_115,2,10,1,6,42.107611,-87.44949,41,5,Saturday,10,7,Morning_Rush,1,1
2026-10-10 09:22:00,25,CLEAR,"DARKNESS, LIGHTED ROAD",REAR END,DIVIDED - W/MEDIAN,STRAIGHT AND LEVEL,DRY,WORN SURFACE,Y,DRIVING SKILLS/KNOWLEDGE/EXPERIENCE,BEAT_113,1,10,0,6,42.075978,-87.47333,41,5,Saturday,10,9,Morning_Rush,1,0
2026-10-10 11:16:00,45,CLEAR,DAYLIGHT,REAR END,ONE-WAY,STRAIGHT AND LEVEL,DRY,NO DEFECTS,Y,FOLLOWING TOO CLOSELY,BEAT_106,2,10,0,6,41.971753,-87.560405,41,5,Saturday,10,11,Midday,1,0
2026-10-10 11:44:00,45,SNOW,DAYLIGHT,REAR END,DIVIDED - W/MEDIAN,STRAIGHT AND LEVEL,WET,NO DEFECTS,N,DISREGARDING TRAFFIC SIGNALS,BEAT_104,2,10,0,6,41.940524,-87.582106,41,5,Saturday,10,11,Midday,1,0
2026-10-10 14:31:00,40,CLEAR,DUSK,REAR END,ONE-WAY,STRAIGHT AND LEVEL,DRY,NO DEFECTS,Y,FOLLOWING TOO CLOSELY,BEAT_109,2,10,1,6,42.010724,-87.52538,41,5,Saturday,10,14,Midday,1,1
2026-10-10 15:23:00,30,CLEAR,DAYLIGHT,SIDESWIPE SAME DIRECTION,DIVIDED - W/MEDIAN,STRAIGHT AND LEVEL,DRY,NO DEFECTS,Y,FAILING TO YIELD RIGHT-OF-WAY,BEAT_118,2,10,2,6,42.150698,-87.409376,41,5,Saturday,10,15,Midday,1,1
2026-10-10 16:35:00,40,SNOW,"DARKNESS, LIGHTED ROAD",SIDESWIPE SAME DIRECTION,ALLEY,STRAIGHT AND LEVEL,ICE,NO DEFECTS,Y,FAILING TO YIELD RIGHT-OF-WAY,BEAT_104,1,10,0,6,41.939255,-87.584641,41,5,Saturday,10,16,Evening_Rush,1,0
2026-10-10 20:23:00,30,CLEAR,DAYLIGHT,TURNING,FOUR WAY INTERSECTION,STRAIGHT AND LEVEL,DRY,NO DEFECTS,Y,FOLLOWING TOO CLOSELY,BEAT_106,2,10,0,6,41.96299,-87.560277,41,5,Saturday,10,20,Night,1,0
2026-10-10 20:40:00,30,CLEAR,"DARKNESS, LIGHTED ROAD",REAR END,FOUR WAY INTERSECTION,"CURVE, LEVEL",DRY,NO DEFECTS,Y,WEATHER,BEAT_105,4,10,2,6,41.953327,-87.575107,41,5,Saturday,10,20,Night,1,1
2026-10-10 21:25:00,40,CLEAR,"DARKNESS, LIGHTED ROAD",REAR END,DIVIDED - W/MEDIAN,STRAIGHT AND LEVEL,DRY,NO DEFECTS,N,FOLLOWING TOO CLOSELY,BEAT_112,2,10,0,6,42.052133,-87.485709,41,5,Saturday,10,21,Night,1,0
2026-10-10 23:19:00,45,SNOW,"DARKNESS, LIGHTED ROAD",REAR END,DIVIDED - W/MEDIAN,STRAIGHT AND LEVEL,ICE,"RUT, HOLES",Y,FAILING TO YIELD RIGHT-OF-WAY,BEAT_112,2,10,0,6,42.0585,-87.484748,41,5,Saturday,10,23,Night,1,0
2026-10-17 01:43:00,25,FOG/SMOKE/HAZE,DAYLIGHT,ANGLE,FOUR WAY INTERSECTION,STRAIGHT AND LEVEL,WET,NO DEFECTS,N,FOLLOWING TOO CLOSELY,BEAT_116,2,10,0,6,42.124253,-87.437826,42,5,Saturday,10,1,Night,1,0
2026-10-17 03:33:00,45,CLEAR,DAYLIGHT,TURNING,DIVIDED - W/MEDIAN,STRAIGHT AND LEVEL,WET,NO DEFECTS,Y,FOLLOWING TOO CLOSELY,BEAT_114,2,10,0,6,42.086556,-87.46703,42,5,Saturday,10,3,Night,1,0
2026-10-17 04:43:00,30,FOG/SMOKE/HAZE,"DARKNESS, LIGHTED ROAD",PARKED MOTOR VEHICLE,DIVIDED - W/MEDIAN,STRAIGHT AND LEVEL,SNOW OR SLUSH,SHOULDER DEFECT,Y,FAILING TO YIELD RIGHT-OF-WAY,BEAT_101,2,10,0,6,41.894151,-87.614483,42,5,Saturday,10,4,Night,1,0
2026-10-17 06:29:00,25,RAIN,DAYLIGHT,SIDESWIPE SAME DIRECTION,DIVIDED - W/MEDIAN,STRAIGHT AND LEVEL,ICE,NO DEFECTS,Y,FAILING TO YIELD RIGHT-OF-WAY,BEAT_117,2,10,0,6,42.130511,-87.426617,42,5,Saturday,10,6,Morning_Rush,1,0
2026-10-17 09:39:00,30,SNOW,DAYLIGHT,REAR END,DIVIDED - W/MEDIAN,CURVE ON GRADE,SNOW OR SLUSH,NO DEFECTS,Y,FOLLOWING TOO CLOSELY,BEAT_112,2,10,0,6,42.053704,-87.484869,42,5,Saturday,10,9,Morning_Rush,1,0
2026-10-17 11:21:00,30,CLEAR,"DARKNESS, LIGHTED ROAD",SIDESWIPE SAME DIRECTION,DIVIDED - W/MEDIAN,STRAIGHT AND LEVEL,DRY,NO DEFECTS,N,FAILING TO YIELD RIGHT-OF-WAY,BEAT_104,3,10,0,6,41.938011,-87.584727,42,5,Saturday,10,11,Midday,1,0
2026-10-17 11:21:00,25,CLEAR,DARKNESS,REAR END,ALLEY,STRAIGHT AND LEVEL,DRY,NO DEFECTS,Y,FAILING TO YIELD RIGHT-OF-WAY,BEAT_108,2,10,0,6,41.999082,-87.534917,42,5,Saturday,10,11,Midday,1,0
2026-10-17 11:38:00,30,CLEAR,DAYLIGHT,REAR END,ALLEY,STRAIGHT AND LEVEL,WET,WORN SURFACE,Y,IMPROPER OVERTAKING/PASSING,BEAT_106,2,10,0,6,41.964127,-87.560144,42,5,Saturday,10,11,Midday,1,0
2026-10-17 11:51:00,30,CLEAR,"DARKNESS, LIGHTED ROAD",TURNING,ONE-WAY,CURVE ON GRADE,DRY,NO DEFECTS,N,DISREGARDING TRAFFIC SIGNALS,BEAT_112,2,10,0,6,42.055476,-87.483709,42,5,Saturday,10,11,Midday,1,0
2026-10-17 12:41:00,25,RAIN,DAYLIGHT,TURNING,NOT DIVIDED,STRAIGHT AND LEVEL,WET,NO DEFECTS,Y,DISREGARDING TRAFFIC SIGNALS,BEAT_109,3,10,0,6,42.015779,-87.516311,42,5,Saturday,10,12,Midday,1,0
2026-10-17 13:03:00,25,SNOW,DAYLIGHT,PARKED MOTOR VEHICLE,NOT DIVIDED,STRAIGHT AND LEVEL,WET,NO DEFECTS,N,DRIVING SKILLS/KNOWLEDGE/EXPERIENCE,BEAT_116,2,10,0,6,42.124248,-87.436966,42,5,Saturday,10,13,Midday,1,0
2026-10-17 15:02:00,30,CLEAR,DARKNESS,TURNING,DIVIDED - W/MEDIAN,STRAIGHT AND LEVEL,DRY,NO DEFECTS,Y,DRIVING SKILLS/KNOWLEDGE/EXPERIENCE,BEAT_106,2,10,0,6,41.967505,-87.557528,42,5,Saturday,10,15,Midday,1,0
2026-10-17 15:05:00,25,CLEAR,"DARKNESS, LIGHTED ROAD",PARKED MOTOR VEHICLE,NOT DIVIDED,"CURVE, LEVEL",DRY,NO DEFECTS,N,FOLLOWING TOO CLOSELY,BEAT_111,2,10,0,6,42.041715,-87.499317,42,5,Saturday,10,15,Midday,1,0
2026-10-17 15:13:00,20,FOG/SMOKE/HAZE,"DARKNESS, LIGHTED ROAD",REAR END,NOT DIVIDED,STRAIGHT AND LEVEL,WET,NO DEFECTS,Y,IMPROPER OVERTAKING/PASSING,BEAT_101,2,10,0,6,41.897115,-87.613826,42,5,Saturday,10,15,Midday,1,0
2026-10-17 16:11:00,25,CLEAR,DAYLIGHT,TURNING,DIVIDED - W/MEDIAN,STRAIGHT ON GRADE,DRY,"RUT, HOLES",N,IMPROPER OVERTAKING/PASSING,BEAT_105,2,10,0,6,41.952594,-87.565247,42,5,Saturday,10,16,Evening_Rush,1,0
2026-10-17 17:49:00,45,CLEAR,DAYLIGHT,REAR END,T-INTERSECTION,STRAIGHT AND LEVEL,WET,NO DEFECTS,Y,FOLLOWING TOO CLOSELY,BEAT_114,1,10,1,6,42.090411,-87.463157,42,5,Saturday,10,17,Evening_Rush,1,1
2026-10-24 04:00:00,25,CLEAR,DAYLIGHT,REAR END,ONE-WAY,STRAIGHT AND LEVEL,DRY,DEBRIS ON ROAD,Y,DISREGARDING TRAFFIC SIGNALS,BEAT_109,3,10,2,6,42.011809,-87.524292,43,5,Saturday,10,4,Night,1,1
2026-10-24 04:29:00,25,CLEAR,DAYLIGHT,ANGLE,ONE-WAY,"CURVE, LEVEL",DRY,NO DEFECTS,Y,FAILING TO YIELD RIGHT-OF-WAY,BEAT_112,2,10,0,6,42.059693,-87.476154,43,5,Saturday,10,4,Night,1,0
2026-10-24 05:50:00,35,RAIN,DAYLIGHT,SIDESWIPE SAME DIRECTION,NOT DIVIDED,STRAIGHT AND LEVEL,WET,NO DEFECTS,Y,FOLLOWING TOO CLOSELY,BEAT_113,1,10,0,6,42.069959,-87.471825,43,5,Saturday,10,5,Night,1,0
2026-10-24 09:10:00,30,CLEAR,DAYLIGHT,REAR END,FOUR WAY INTERSECTION,"CURVE, LEVEL",DRY,NO DEFECTS,N,DRIVING SKILLS/KNOWLEDGE/EXPERIENCE,BEAT_101,2,10,0,6,41.892955,-87.61731,43,5,Saturday,10,9,Morning_Rush,1,0
2026-10-24 09:46:00,25,FOG/SMOKE/HAZE,DAYLIGHT,SIDESWIPE SAME DIRECTION,ONE-WAY,STRAIGHT AND LEVEL,WET,NO DEFECTS,N,FOLLOWING TOO CLOSELY,BEAT_109,2,10,0,6,42.018471,-87.516607,43,5,Saturday,10,9,Morning_Rush,1,0
2026-10-24 09:51:00,25,CLEAR,DAYLIGHT,FIXED OBJECT,ONE-WAY,STRAIGHT AND LEVEL,DRY,NO DEFECTS,N,FOLLOWING TOO CLOSELY,BEAT_102,2,10,0,6,41.906617,-87.605687,43,5,Saturday,10,9,Morning_Rush,1,0
2026-10-24 13:52:00,30,RAIN,DAYLIGHT,REAR END,DIVIDED - W/MEDIAN,STRAIGHT AND LEVEL,WET,NO DEFECTS,Y,FOLLOWING TOO CLOSELY,BEAT_108,2,10,0,6,41.997659,-87.531403,43,5,Saturday,10,13,Midday,1,0
2026-10-24 14:19:00,40,CLEAR,DAYLIGHT,ANGLE,DIVIDED - W/MEDIAN,STRAIGHT AND LEVEL,DRY,NO DEFECTS,Y,IMPROPER OVERTAKING/PASSING,BEAT_113,2,10,0,6,42.076042,-87.476557,43,5,Saturday,10,14,Midday,1,0
2026-10-24 15:09:00,25,SEVERE RAIN,DAYLIGHT,REAR END,DIVIDED - W/MEDIAN,STRAIGHT AND LEVEL,SNOW OR SLUSH,NO DEFECTS,N,DISREGARDING TRAFFIC SIGNALS,BEAT_109,2,10,0,6,42.013724,-87.523604,43,5,Saturday,10,15,Midday,1,0
2026-10-24 19:02:00,30,CLEAR,DAWN,ANGLE,DIVIDED - W/MEDIAN,STRAIGHT AND LEVEL,DRY,NO DEFECTS,N,FOLLOWING TOO CLOSELY,BEAT_108,1,10,0,6,42.00394,-87.535118,43,5,Saturday,10,19,Evening_Rush,1,0
2026-10-24 22:44:00,30,SNOW,DAYLIGHT,PEDESTRIAN,DIVIDED - W/MEDIAN,"CURVE, LEVEL",WET,NO DEFECTS,Y,DRIVING SKILLS/KNOWLEDGE/EXPERIENCE,BEAT_118,2,10,0,6,42.14842,-87.412703,43,5,Saturday,10,22,Night,1,0
2026-10-24 23:16:00,40,CLEAR,"DARKNESS, LIGHTED ROAD",REAR END,NOT DIVIDED,STRAIGHT AND LEVEL,DRY,NO DEFECTS,N,FOLLOWING TOO CLOSELY,BEAT_106,2,10,0,6,41.963136,-87.556351,43,5,Saturday,10,23,Night,1,0
2026-10-31 04:43:00,25,CLEAR,DAYLIGHT,FIXED OBJECT,NOT DIVIDED,STRAIGHT AND LEVEL,DRY,"RUT, HOLES",Y,DISREGARDING TRAFFIC SIGNALS,BEAT_114,2,10,0,6,42.085206,-87.464269,44,5,Saturday,10,4,Night,1,0
2026-10-31 06:26:00,50,RAIN,DAYLIGHT,SIDESWIPE SAME DIRECTION,ONE-WAY,STRAIGHT AND LEVEL,SNOW OR SLUSH,NO DEFECTS,N,FOLLOWING TOO CLOSELY,BEAT_107,4,10,0,6,41.984285,-87.550359,44,5,Saturday,10,6,Morning_Rush,1,0
2026-10-31 06:26:00,40,CLEAR,DAYLIGHT,ANGLE,NOT DIVIDED,STRAIGHT AND LEVEL,DRY,NO DEFECTS,Y,FOLLOWING TOO CLOSELY,BEAT_116,2,10,0,6,42.119251,-87.437478,44,5,Saturday,10,6,Morning_Rush,1,0
2026-10-31 07:16:00,35,CLEAR,DAYLIGHT,TURNING,NOT DIVIDED,"CURVE, LEVEL",DRY,NO DEFECTS,N,FOLLOWING TOO CLOSELY,BEAT_108,1,10,0,6,41.996959,-87.53625,44,5,Saturday,10,7,Morning_Rush,1,0
2026-10-31 07:55:00,30,SNOW,DAYLIGHT,ANGLE,ONE-WAY,"CURVE, LEVEL",ICE,NO DEFECTS,N,FAILING TO YIELD RIGHT-OF-WAY,BEAT_117,2,10,0,6,42.136054,-87.423428,44,5,Saturday,10,7,Morning_Rush,1,0
2026-10-31 11:32:00,30,CLEAR,"DARKNESS, LIGHTED ROAD",SIDESWIPE SAME DIRECTION,DIVIDED - W/MEDIAN,STRAIGHT AND LEVEL,DRY,DEBRIS ON ROAD,Y,FAILING TO YIELD RIGHT-OF-WAY,BEAT_111,2,10,0,6,42.048331,-87.496212,44,5,Saturday,10,11,Midday,1,0
2026-10-31 15:06:00,25,CLEAR,"DARKNESS, LIGHTED ROAD",PEDESTRIAN,DIVIDED - W/MEDIAN,STRAIGHT ON GRADE,DRY,NO DEFECTS,Y,FOLLOWING TOO CLOSELY,BEAT_106,2,10,0,6,41.967113,-87.560249,44,5,Saturday,10,15,Midday,1,0
2026-10-31 17:52:00,25,CLEAR,DAYLIGHT,REAR END,DIVIDED - W/MEDIAN,STRAIGHT AND LEVEL,DRY,DEBRIS ON ROAD,N,DISREGARDING TRAFFIC SIGNALS,BEAT_110,2,10,0,6,42.029252,-87.51195,44,5,Saturday,10,17,Evening_Rush,1,0
2026-10-31 20:27:00,40,CLEAR,DAWN,REAR END,DIVIDED - W/MEDIAN,STRAIGHT AND LEVEL,ICE,SHOULDER DEFECT,Y,DRIVING SKILLS/KNOWLEDGE/EXPERIENCE,BEAT_111,2,10,0,6,42.043442,-87.502518,44,5,Saturday,10,20,Night,1,0
2026-10-31 22:49:00,35,CLEAR,DAYLIGHT,TURNING,NOT DIVIDED,STRAIGHT AND LEVEL,DRY,NO DEFECTS,N,FAILING TO YIELD RIGHT-OF-WAY,BEAT_119,2,10,0,6,42.165951,-87.400634,44,5,Saturday,10,22,Night,1,0
2026-11-07 02:04:00,25,CLEAR,"DARKNESS, LIGHTED ROAD",REAR END,DIVIDED - W/MEDIAN,STRAIGHT AND LEVEL,DRY,NO DEFECTS,N,FAILING TO YIELD RIGHT-OF-WAY,BEAT_110,2,11,0,6,42.030633,-87.511199,45,5,Saturday,11,2,Night,1,0
2026-11-07 04:08:00,40,CLEAR,"DARKNESS, LIGHTED ROAD",SIDESWIPE SAME DIRECTION,DIVIDED - W/MEDIAN,STRAIGHT AND LEVEL,DRY,"RUT, HOLES",N,WEATHER,BEAT_119,2,11,2,6,42.16278,-87.399087,45,5,Saturday,11,4,Night,1,1
2026-11-07 04:11:00,45,CLEAR,"DARKNESS, LIGHTED ROAD",SIDESWIPE SAME DIRECTION,NOT DIVIDED,STRAIGHT AND LEVEL,DRY,NO DEFECTS,N,DRIVING SKILLS/KNOWLEDGE/EXPERIENCE,BEAT_117,2,11,0,6,42.128744,-87.428534,45,5,Saturday,11,4,Night,1,0
2026-11-07 05:27:00,25,SNOW,"DARKNESS, LIGHTED ROAD",REAR END,ONE-WAY,STRAIGHT AND LEVEL,WET,NO DEFECTS,Y,FAILING TO YIELD RIGHT-OF-WAY,BEAT_117,2,11,0,6,42.138017,-87.425124,45,5,Saturday,11,5,Night,1,0
2026-11-07 05:28:00,45,CLEAR,DARKNESS,PARKED MOTOR VEHICLE,DIVIDED - W/MEDIAN,STRAIGHT AND LEVEL,DRY,NO DEFECTS,N,FAILING TO YIELD RIGHT-OF-WAY,BEAT_116,1,11,0,6,42.113389,-87.436276,45,5,Saturday,11,5,Night,1,0
2026-11-07 05:47:00,35,CLEAR,DAYLIGHT,REAR END,DIVIDED - W/MEDIAN,STRAIGHT AND LEVEL,WET,NO DEFECTS,N,DISREGARDING TRAFFIC SIGNALS,BEAT_118,2,11,0,6,42.151193,-87.41442,45,5,Saturday,11,5,Night,1,0
2026-11-07 13:00:00,55,RAIN,DAYLIGHT,ANGLE,NOT DIVIDED,STRAIGHT AND LEVEL,SNOW OR SLUSH,NO DEFECTS,Y,IMPROPER OVERTAKING/PASSING,BEAT_119,2,11,1,6,42.163914,-87.398956,45,5,Saturday,11,13,Midday,1,1
2026-11-07 18:17:00,30,CLEAR,DAYLIGHT,REAR END,NOT DIVIDED,"CURVE, LEVEL",DRY,NO DEFECTS,N,DISREGARDING TRAFFIC SIGNALS,BEAT_109,3,11,0,6,42.009103,-87.521065,45,5,Saturday,11,18,Evening_Rush,1,0
2026-11-07 19:36:00,25,CLEAR,DAYLIGHT,REAR END,DIVIDED - W/MEDIAN,STRAIGHT AND LEVEL,DRY,NO DEFECTS,N,FAILING TO YIELD RIGHT-OF-WAY,BEAT_117,2,11,0,6,42.137825,-87.423285,45,5,Saturday,11,19,Evening_Rush,1,0
2026-11-07 22:33:00,30,CLEAR,DAYLIGHT,REAR END,ONE-WAY,STRAIGHT AND LEVEL,DRY,NO DEFECTS,N,FOLLOWING TOO CLOSELY,BEAT_109,1,11,0,6,42.013642,-87.517545,45,5,Saturday,11,22,Night,1,0
2026-11-14 01:56:00,25,CLEAR,DAYLIGHT,REAR END,FOUR WAY INTERSECTION,STRAIGHT AND LEVEL,WET,NO DEFECTS,N,FOLLOWING TOO CLOSELY,BEAT_111,2,11,0,6,42.040587,-87.496857,46,5,Saturday,11,1,Night,1,0
2026-11-14 03:50:00,25,CLEAR,DAYLIGHT,SIDESWIPE SAME DIRECTION,DIVIDED - W/MEDIAN,STRAIGHT AND LEVEL,DRY,NO DEFECTS,N,WEATHER,BEAT_107,2,11,0,6,41.982758,-87.54233,46,5,Saturday,11,3,Night,1,0
2026-11-14 04:45:00,25,CLEAR,"DARKNESS, LIGHTED ROAD",REAR END,NOT DIVIDED,STRAIGHT AND LEVEL,DRY,NO DEFECTS,N,WEATHER,BEAT_120,2,11,0,6,42.180084,-87.3922,46,5,Saturday,11,4,Night,1,0
2026-11-14 06:31:00,30,CLEAR,"DARKNESS, LIGHTED ROAD",ANGLE,DIVIDED - W/MEDIAN,STRAIGHT AND LEVEL,WET,NO DEFECTS,N,DRIVING SKILLS/KNOWLEDGE/EXPERIENCE,BEAT_120,3,11,0,6,42.179329,-87.392383,46,5,Saturday,11,6,Morning_Rush,1,0
2026-11-14 10:38:00,40,CLEAR,DAYLIGHT,SIDESWIPE SAME DIRECTION,NOT DIVIDED,STRAIGHT AND LEVEL,ICE,NO DEFECTS,N,DRIVING SKILLS/KNOWLEDGE/EXPERIENCE,BEAT_120,2,11,0,6,42.175645,-87.390405,46,5,Saturday,11,10,Midday,1,0
2026-11-14 11:01:00,40,CLEAR,DAYLIGHT,SIDESWIPE SAME DIRECTION,DIVIDED - W/MEDIAN,STRAIGHT AND LEVEL,DRY,NO DEFECTS,N,FOLLOWING TOO CLOSELY,BEAT_115,1,11,1,6,42.106358,-87.452238,46,5,Saturday,11,11,Midday,1,1
2026-11-14 11:29:00,25,CLEAR,DAYLIGHT,SIDESWIPE SAME DIRECTION,DIVIDED - W/MEDIAN,STRAIGHT ON GRADE,DRY,NO DEFECTS,Y,FAILING TO YIELD RIGHT-OF-WAY,BEAT_101,2,11,0,6,41.886226,-87.621125,46,5,Saturday,11,11,Midday,1,0
2026-11-14 12:45:00,45,CLEAR,DAYLIGHT,ANGLE,NOT DIVIDED,"CURVE, LEVEL",SNOW OR SLUSH,NO DEFECTS,N,FAILING TO YIELD RIGHT-OF-WAY,BEAT_109,1,11,1,6,42.013977,-87.524171,46,5,Saturday,11,12,Midday,1,1
2026-11-14 13:26:00,25,CLEAR,DAYLIGHT,SIDESWIPE SAME DIRECTION,DIVIDED - W/MEDIAN,STRAIGHT AND LEVEL,DRY,NO DEFECTS,N,IMPROPER OVERTAKING/PASSING,BEAT_104,2,11,1,6,41.935859,-87.586152,46,5,Saturday,11,13,Midday,1,1
2026-11-14 17:13:00,35,CLEAR,DAYLIGHT,PARKED MOTOR VEHICLE,FOUR WAY INTERSECTION,CURVE ON GRADE,DRY,NO DEFECTS,Y,FOLLOWING TOO CLOSELY,BEAT_113,2,11,0,6,42.07441,-87.470686,46,5,Saturday,11,17,Evening_Rush,1,0
2026-11-21 01:30:00,35,CLEAR,DAYLIGHT,TURNING,FOUR WAY INTERSECTION,STRAIGHT AND LEVEL,DRY,NO DEFECTS,N,FOLLOWING TOO CLOSELY,BEAT_112,2,11,0,6,42.052827,-87.487561,47,5,Saturday,11,1,Night,1,0
2026-11-21 02:46:00,30,CLEAR,DAYLIGHT,SIDESWIPE SAME DIRECTION,DIVIDED - W/MEDIAN,STRAIGHT AND LEVEL,DRY,NO DEFECTS,N,FOLLOWING TOO CLOSELY,BEAT_114,2,11,0,6,42.084701,-87.465756,47,5,Saturday,11,2,Night,1,0
2026-11-21 03:25:00,25,SNOW,DAYLIGHT,REAR END,DIVIDED - W/MEDIAN,STRAIGHT AND LEVEL,SNOW OR SLUSH,NO DEFECTS,Y,FOLLOWING TOO CLOSELY,BEAT_110,2,11,0,6,42.029989,-87.508811,47,5,Saturday,11,3,Night,1,0
2026-11-21 04:16:00,45,SNOW,DAYLIGHT,PARKED MOTOR VEHICLE,DIVIDED - W/MEDIAN,STRAIGHT AND LEVEL,WET,NO DEFECTS,Y,FAILING TO YIELD RIGHT-OF-WAY,BEAT_115,3,11,0,6,42.109293,-87.447809,47,5,Saturday,11,4,Night,1,0
2026-11-21 04:37:00,30,CLEAR,DAYLIGHT,REAR END,NOT DIVIDED,STRAIGHT AND LEVEL,DRY,NO DEFECTS,N,FAILING TO YIELD RIGHT-OF-WAY,BEAT_114,2,11,0,6,42.089553,-87.468344,47,5,Saturday,11,4,Night,1,0
2026-11-21 06:16:00,25,CLEAR,DAYLIGHT,SIDESWIPE SAME DIRECTION,ONE-WAY,STRAIGHT AND LEVEL,DRY,NO DEFECTS,N,FAILING TO YIELD RIGHT-OF-WAY,BEAT_117,1,11,0,6,42.134818,-87.42013,47,5,Saturday,11,6,Morning_Rush,1,0
2026-11-21 07:44:00,25,CLEAR,DAYLIGHT,SIDESWIPE SAME DIRECTION,FOUR WAY INTERSECTION,STRAIGHT AND LEVEL,SNOW OR SLUSH,NO DEFECTS,Y,FOLLOWING TOO CLOSELY,BEAT_105,2,11,0,6,41.953683,-87.569459,47,5,Saturday,11,7,Morning_Rush,1,0
2026-11-21 09:17:00,30,CLEAR,DAYLIGHT,TURNING,T-INTERSECTION,STRAIGHT ON GRADE,WET,NO DEFECTS,Y,DRIVING SKILLS/KNOWLEDGE/EXPERIENCE,BEAT_113,2,11,0,6,42.070539,-87.474823,47,5,Saturday,11,9,Morning_Rush,1,0
2026-11-21 10:55:00,25,CLEAR,DAYLIGHT,ANGLE,NOT DIVIDED,CURVE ON GRADE,DRY,SHOULDER DEFECT,Y,FAILING TO YIELD RIGHT-OF-WAY,BEAT_105,2,11,0,6,41.95433,-87.572914,47,5,Saturday,11,10,Midday,1,0
2026-11-21 12:18:00,30,RAIN,DAYLIGHT,SIDESWIPE SAME DIRECTION,NOT DIVIDED,STRAIGHT ON GRADE,WET,NO DEFECTS,Y,WEATHER,BEAT_119,2,11,0,6,42.167303,-87.39778,47,5,Saturday,11,12,Midday,1,0
2026-11-21 13:29:00,20,SNOW,DAYLIGHT,REAR END,ALLEY,CURVE ON GRADE,WET,DEBRIS ON ROAD,N,IMPROPER OVERTAKING/PASSING,BEAT_106,2,11,0,6,41.967312,-87.557306,47,5,Saturday,11,13,Midday,1,0
2026-11-21 15:39:00,35,RAIN,DAYLIGHT,ANGLE,DIVIDED - W/MEDIAN,STRAIGHT AND LEVEL,WET,NO DEFECTS,N,FAILING TO YIELD RIGHT-OF-WAY,BEAT_119,2,11,0,6,42.165263,-87.400841,47,5,Saturday,11,15,Midday,1,0
2026-11-21 17:07:00,25,CLEAR,"DARKNESS, LIGHTED ROAD",PARKED MOTOR VEHICLE,NOT DIVIDED,"CURVE, LEVEL",DRY,"RUT, HOLES",N,WEATHER,BEAT_103,2,11,0,6,41.922004,-87.587221,47,5,Saturday,11,17,Evening_Rush,1,0
2026-11-28 03:05:00,25,CLEAR,DAYLIGHT,TURNING,DIVIDED - W/MEDIAN,STRAIGHT AND LEVEL,DRY,NO DEFECTS,N,FAILING TO YIELD RIGHT-OF-WAY,BEAT_114,2,11,1,6,42.086464,-87.458466,48,5,Saturday,11,3,Night,1,1
2026-11-28 04:33:00,30,RAIN,DAWN,TURNING,NOT DIVIDED,STRAIGHT AND LEVEL,SNOW OR SLUSH,NO DEFECTS,N,FAILING TO YIELD RIGHT-OF-WAY,BEAT_107,2,11,0,6,41.985405,-87.547673,48,5,Saturday,11,4,Night,1,0
2026-11-28 06:14:00,25,CLEAR,DAYLIGHT,PARKED MOTOR VEHICLE,T-INTERSECTION,STRAIGHT AND LEVEL,"SAND, MUD, DIRT",NO DEFECTS,Y,DRIVING SKILLS/KNOWLEDGE/EXPERIENCE,BEAT_102,2,11,0,6,41.905592,-87.603876,48,5,Saturday,11,6,Morning_Rush,1,0
2026-11-28 09:11:00,25,RAIN,"DARKNESS, LIGHTED ROAD",TURNING,NOT DIVIDED,STRAIGHT AND LEVEL,WET,NO DEFECTS,Y,FAILING TO YIELD RIGHT-OF-WAY,BEAT_107,2,11,0,6,41.983081,-87.544829,48,5,Saturday,11,9,Morning_Rush,1,0
2026-11-28 15:41:00,25,RAIN,"DARKNESS, LIGHTED ROAD",PEDESTRIAN,DIVIDED - W/MEDIAN,STRAIGHT AND LEVEL,WET,NO DEFECTS,Y,DRIVING SKILLS/KNOWLEDGE/EXPERIENCE,BEAT_116,2,11,1,6,42.116389,-87.433,48,5,Saturday,11,15,Midday,1,1
2026-11-28 17:11:00,40,CLEAR,"DARKNESS, LIGHTED ROAD",TURNING,FOUR WAY INTERSECTION,STRAIGHT AND LEVEL,DRY,NO DEFECTS,Y,FOLLOWING TOO CLOSELY,BEAT_107,4,11,0,6,41.982147,-87.543719,48,5,Saturday,11,17,Evening_Rush,1,0
2026-11-28 18:20:00,30,CLEAR,DAYLIGHT,REAR END,DIVIDED - W/MEDIAN,STRAIGHT AND LEVEL,DRY,NO DEFECTS,Y,FOLLOWING TOO CLOSELY,BEAT_117,2,11,0,6,42.135465,-87.425849,48,5,Saturday,11,18,Evening_Rush,1,0
2026-12-05 00:57:00,25,RAIN,DARKNESS,REAR END,NOT DIVIDED,STRAIGHT AND LEVEL,WET,NO DEFECTS,N,FAILING TO YIELD RIGHT-OF-WAY,BEAT_115,1,12,0,6,42.101762,-87.450904,49,5,Saturday,12,0,Night,1,0
2026-12-05 05:50:00,25,CLEAR,DAYLIGHT,TURNING,NOT DIVIDED,STRAIGHT AND LEVEL,WET,NO DEFECTS,Y,IMPROPER OVERTAKING/PASSING,BEAT_115,2,12,0,6,42.102582,-87.450605,49,5,Saturday,12,5,Night,1,0
2026-12-05 11:36:00,30,RAIN,"DARKNESS, LIGHTED ROAD",ANGLE,DIVIDED - W/MEDIAN,STRAIGHT AND LEVEL,WET,NO DEFECTS,N,PHYSICAL CONDITION OF DRIVER,BEAT_115,2,12,0,6,42.105304,-87.447101,49,5,Saturday,12,11,Midday,1,0
2026-12-05 15:11:00,25,SNOW,DAYLIGHT,REAR END,DIVIDED - W/MEDIAN,STRAIGHT AND LEVEL,WET,NO DEFECTS,Y,DRIVING SKILLS/KNOWLEDGE/EXPERIENCE,BEAT_110,2,12,2,6,42.032485,-87.515083,49,5,Saturday,12,15,Midday,1,1
2026-12-05 19:00:00,30,RAIN,"DARKNESS, LIGHTED ROAD",PARKED MOTOR VEHICLE,DIVIDED - W/MEDIAN,STRAIGHT AND LEVEL,WET,NO DEFECTS,N,FOLLOWING TOO CLOSELY,BEAT_108,1,12,0,6,41.998361,-87.536823,49,5,Saturday,12,19,Evening_Rush,1,0
2026-12-05 22:04:00,30,RAIN,DARKNESS,REAR END,DIVIDED - W/MEDIAN,STRAIGHT AND LEVEL,WET,NO DEFECTS,Y,WEATHER,BEAT_114,2,12,0,6,42.090457,-87.462008,49,5,Saturday,12,22,Night,1,0
2026-12-05 22:13:00,25,CLEAR,DAYLIGHT,PARKED MOTOR VEHICLE,NOT DIVIDED,STRAIGHT AND LEVEL,DRY,NO DEFECTS,N,FOLLOWING TOO CLOSELY,BEAT_117,2,12,0,6,42.130285,-87.431566,49,5,Saturday,12,22,Night,1,0
2026-12-12 01:15:00,20,RAIN,DAYLIGHT,SIDESWIPE SAME DIRECTION,DIVIDED - W/MEDIAN,STRAIGHT AND LEVEL,WET,NO DEFECTS,N,FOLLOWING TOO CLOSELY,BEAT_106,1,12,0,6,41.970229,-87.54953,50,5,Saturday,12,1,Night,1,0
2026-12-12 01:47:00,25,CLEAR,DAYLIGHT,ANGLE,FOUR WAY INTERSECTION,STRAIGHT AND LEVEL,"SAND, MUD, DIRT",WORN SURFACE,N,IMPROPER OVERTAKING/PASSING,BEAT_102,2,12,1,6,41.907522,-87.606389,50,5,Saturday,12,1,Night,1,1
2026-12-12 02:16:00,45,RAIN,"DARKNESS, LIGHTED ROAD",REAR END,ONE-WAY,STRAIGHT AND LEVEL,WET,NO DEFECTS,Y,FAILING TO YIELD RIGHT-OF-WAY,BEAT_109,3,12,1,6,42.016394,-87.527783,50,5,Saturday,12,2,Night,1,1
2026-12-12 03:44:00,30,CLEAR,"DARKNESS, LIGHTED ROAD",ANGLE,NOT DIVIDED,STRAIGHT AND LEVEL,DRY,NO DEFECTS,Y,DRIVING SKILLS/KNOWLEDGE/EXPERIENCE,BEAT_118,2,12,0,6,42.146193,-87.415201,50,5,Saturday,12,3,Night,1,0
2026-12-12 03:48:00,25,RAIN,DAYLIGHT,SIDESWIPE SAME DIRECTION,FOUR WAY INTERSECTION,STRAIGHT AND LEVEL,SNOW OR SLUSH,NO DEFECTS,N,FAILING TO YIELD RIGHT-OF-WAY,BEAT_114,4,12,0,6,42.089819,-87.460434,50,5,Saturday,12,3,Night,1,0
2026-12-12 04:25:00,30,SNOW,DAYLIGHT,SIDESWIPE SAME DIRECTION,DIVIDED - W/MEDIAN,STRAIGHT AND LEVEL,WET,WORN SURFACE,N,DRIVING SKILLS/KNOWLEDGE/EXPERIENCE,BEAT_109,2,12,1,6,42.011995,-87.521328,50,5,Saturday,12,4,Night,1,1
2026-12-12 12:01:00,35,RAIN,DUSK,TURNING,DIVIDED - W/MEDIAN,"CURVE, LEVEL",ICE,WORN SURFACE,N,FOLLOWING TOO CLOSELY,BEAT_103,2,12,0,6,41.923143,-87.598529,50,5,Saturday,12,12,Midday,1,0
2026-12-12 12:54:00,25,CLEAR,DAYLIGHT,REAR END,DIVIDED - W/MEDIAN,STRAIGHT AND LEVEL,WET,NO DEFECTS,Y,WEATHER,BEAT_102,2,12,0,6,41.912698,-87.608546,50,5,Saturday,12,12,Midday,1,0
2026-12-12 13:03:00,25,CLEAR,DAYLIGHT,REAR END,NOT DIVIDED,STRAIGHT AND LEVEL,DRY,NO DEFECTS,Y,DRIVING SKILLS/KNOWLEDGE/EXPERIENCE,BEAT_107,4,12,0,6,41.983117,-87.546192,50,5,Saturday,12,13,Midday,1,0
2026-12-12 19:15:00,40,SNOW,"DARKNESS, LIGHTED ROAD",ANGLE,DIVIDED - W/MEDIAN,STRAIGHT AND LEVEL,SNOW OR SLUSH,NO DEFECTS,N,FAILING TO YIELD RIGHT-OF-WAY,BEAT_113,2,12,0,6,42.076761,-87.471596,50,5,Saturday,12,19,Evening_Rush,1,0
2026-12-12 22:25:00,25,RAIN,DAYLIGHT,ANGLE,NOT DIVIDED,CURVE ON GRADE,WET,"RUT, HOLES",Y,DRIVING SKILLS/KNOWLEDGE/EXPERIENCE,BEAT_113,2,12,1,6,42.077725,-87.478538,50,5,Saturday,12,22,Night,1,1
2026-12-12 23:47:00,25,CLEAR,"DARKNESS, LIGHTED ROAD",FIXED OBJECT,NOT DIVIDED,STRAIGHT ON GRADE,WET,NO DEFECTS,Y,FOLLOWING TOO CLOSELY,BEAT_117,2,12,0,6,42.133015,-87.426799,50,5,Saturday,12,23,Night,1,0
2026-12-19 02:51:00,20,CLEAR,DAYLIGHT,REAR END,DIVIDED - W/MEDIAN,STRAIGHT AND LEVEL,DRY,"RUT, HOLES",Y,WEATHER,BEAT_102,2,12,0,6,41.904778,-87.600499,51,5,Saturday,12,2,Night,1,0
2026-12-19 05:44:00,30,RAIN,DAYLIGHT,TURNING,DIVIDED - W/MEDIAN,STRAIGHT AND LEVEL,WET,"RUT, HOLES",Y,FAILING TO YIELD RIGHT-OF-WAY,BEAT_101,2,12,0,6,41.893597,-87.62047,51,5,Saturday,12,5,Night,1,0
2026-12-19 09:02:00,30,CLEAR,"DARKNESS, LIGHTED ROAD",TURNING,DIVIDED - W/MEDIAN,CURVE ON GRADE,WET,NO DEFECTS,N,FAILING TO YIELD RIGHT-OF-WAY,BEAT_106,2,12,0,6,41.967417,-87.551701,51,5,Saturday,12,9,Morning_Rush,1,0
2026-12-19 09:19:00,40,RAIN,DAYLIGHT,PARKED MOTOR VEHICLE,ONE-WAY,STRAIGHT AND LEVEL,WET,NO DEFECTS,N,FOLLOWING TOO CLOSELY,BEAT_110,2,12,1,6,42.03032,-87.504761,51,5,Saturday,12,9,Morning_Rush,1,1
2026-12-19 10:51:00,30,CLEAR,DAWN,REAR END,NOT DIVIDED,STRAIGHT AND LEVEL,WET,NO DEFECTS,Y,WEATHER,BEAT_115,1,12,0,6,42.09912,-87.449919,51,5,Saturday,12,10,Midday,1,0
2026-12-19 13:14:00,30,CLEAR,DAYLIGHT,SIDESWIPE SAME DIRECTION,NOT DIVIDED,STRAIGHT AND LEVEL,WET,DEBRIS ON ROAD,N,DRIVING SKILLS/KNOWLEDGE/EXPERIENCE,BEAT_113,2,12,0,6,42.076841,-87.476445,51,5,Saturday,12,13,Midday,1,0
2026-12-19 13:52:00,30,CLEAR,DAYLIGHT,SIDESWIPE SAME DIRECTION,DIVIDED - W/MEDIAN,STRAIGHT AND LEVEL,WET,NO DEFECTS,Y,FOLLOWING TOO CLOSELY,BEAT_112,2,12,2,6,42.057759,-87.48495,51,5,Saturday,12,13,Midday,1,1
2026-12-19 16:27:00,30,CLEAR,"DARKNESS, LIGHTED ROAD",SIDESWIPE SAME DIRECTION,FOUR WAY INTERSECTION,"CURVE, LEVEL",DRY,NO DEFECTS,N,FAILING TO YIELD RIGHT-OF-WAY,BEAT_118,2,12,0,6,42.144457,-87.414192,51,5,Saturday,12,16,Evening_Rush,1,0
2026-12-19 22:14:00,35,CLEAR,DAYLIGHT,SIDESWIPE SAME DIRECTION,FOUR WAY INTERSECTION,STRAIGHT AND LEVEL,DRY,WORN SURFACE,N,FAILING TO YIELD RIGHT-OF-WAY,BEAT_101,2,12,0,6,41.894081,-87.618457,51,5,Saturday,12,22,Night,1,0
2026-12-26 02:07:00,25,CLEAR,DAYLIGHT,ANGLE,DIVIDED - W/MEDIAN,"CURVE, LEVEL",WET,SHOULDER DEFECT,N,DRIVING SKILLS/KNOWLEDGE/EXPERIENCE,BEAT_118,2,12,0,6,42.143692,-87.410944,52,5,Saturday,12,2,Night,1,0
2026-12-26 06:05:00,20,CLEAR,"DARKNESS, LIGHTED ROAD",ANGLE,DIVIDED - W/MEDIAN,STRAIGHT AND LEVEL,DRY,NO DEFECTS,N,DRIVING SKILLS/KNOWLEDGE/EXPERIENCE,BEAT_102,3,12,0,6,41.909025,-87.606281,52,5,Saturday,12,6,Morning_Rush,1,0
2026-12-26 07:40:00,30,CLEAR,"DARKNESS, LIGHTED ROAD",ANGLE,NOT DIVIDED,STRAIGHT AND LEVEL,DRY,NO DEFECTS,Y,DRIVING SKILLS/KNOWLEDGE/EXPERIENCE,BEAT_107,2,12,0,6,41.986918,-87.544599,52,5,Saturday,12,7,Morning_Rush,1,0
2026-12-26 16:54:00,25,CLEAR,"DARKNESS, LIGHTED ROAD",TURNING,NOT DIVIDED,"CURVE, LEVEL",DRY,NO DEFECTS,Y,DRIVING SKILLS/KNOWLEDGE/EXPERIENCE,BEAT_113,2,12,0,6,42.075303,-87.471012,52,5,Saturday,12,16,Evening_Rush,1,0
2026-12-26 17:32:00,25,CLEAR,"DARKNESS, LIGHTED ROAD",REAR END,NOT DIVIDED,"CURVE, LEVEL",DRY,NO DEFECTS,Y,FAILING TO YIELD RIGHT-OF-WAY,BEAT_109,2,12,0,6,42.013577,-87.518759,52,5,Saturday,12,17,Evening_Rush,1,0
2026-12-26 18:16:00,50,CLEAR,DARKNESS,REAR END,DIVIDED - W/MEDIAN,STRAIGHT AND LEVEL,DRY,NO DEFECTS,N,IMPROPER OVERTAKING/PASSING,BEAT_109,1,12,0,6,42.013779,-87.520605,52,5,Saturday,12,18,Evening_Rush,1,0
2026-12-26 21:11:00,25,CLEAR,DAYLIGHT,ANGLE,DIVIDED - W/MEDIAN,STRAIGHT AND LEVEL,SNOW OR SLUSH,NO DEFECTS,Y,DRIVING SKILLS/KNOWLEDGE/EXPERIENCE,BEAT_108,2,12,0,6,41.996658,-87.526182,52,5,Saturday,12,21,Night,1,0
