CRASH_DATE,POSTED_SPEED_LIMIT,WEATHER_CONDITION,LIGHTING_CONDITION,FIRST_CRASH_TYPE,TRAFFICWAY_TYPE,ALIGNMENT,ROADWAY_SURFACE_COND,ROAD_DEFECT,INTERSECTION_RELATED_I,PRIM_CONTRIBUTORY_CAUSE,BEAT_OF_OCCURRENCE,NUM_UNITS,CRASH_MONTH,INJURIES_TOTAL,CRASH_DAY_OF_WEEK,LATITUDE,LONGITUDE,week,day_of_week,day_name,month,hour,time_of_day,is_weekend,incident_occurred
2026-01-04 00:25:00,40,CLEAR,DAYLIGHT,SIDESWIPE SAME DIRECTION,NOT DIVIDED,STRAIGHT AND LEVEL,DRY,NO DEFECTS,N,FOLLOWING TOO CLOSELY,BEAT_101,2,1,0,7,41.892353,-87.620744,1,6,Sunday,1,0,Night,1,0
2026-01-04 04:44:00,25,SNOW,DAYLIGHT,REAR END,FOUR WAY INTERSECTION,STRAIGHT AND LEVEL,ICE,"RUT, HOLES",Y,FAILING TO YIELD RIGHT-OF-WAY,BEAT_116,2,1,0,7,42.123856,-87.43886,1,6,Sunday,1,4,Night,1,0
2026-01-04 06:44:00,30,CLEAR,DAYLIGHT,REAR END,DIVIDED - W/MEDIAN,"CURVE, LEVEL",WET,NO DEFECTS,Y,FAILING TO YIELD RIGHT-OF-WAY,BEAT_110,2,1,1,7,42.03038,-87.513006,1,6,Sunday,1,6,Morning_Rush,1,1
2026-01-04 09:33:00,45,CLEAR,DAYLIGHT,REAR END,NOT DIVIDED,STRAIGHT AND LEVEL,WET,NO DEFECTS,Y,FOLLOWING TOO CLOSELY,BEAT_108,2,1,1,7,41.997631,-87.534954,1,6,Sunday,1,9,Morning_Rush,1,1
2026-01-04 13:39:00,30,CLEAR,DAYLIGHT,REAR END,FOUR WAY INTERSECTION,"CURVE, LEVEL",DRY,NO DEFECTS,N,FOLLOWING TOO CLOSELY,BEAT_113,2,1,0,7,42.06877,-87.470698,1,6,Sunday,1,13,Midday,1,0
2026-01-04 15:27:00,25,SNOW,"DARKNESS, LIGHTED ROAD",SIDESWIPE SAME DIRECTION,T-INTERSECTION,STRAIGHT AND LEVEL,WET,NO DEFECTS,Y,DRIVING SKILLS/KNOWLEDGE/EXPERIENCE,BEAT_116,2,1,1,7,42.118926,-87.441405,1,6,Sunday,1,15,Midday,1,1
2026-01-04 17:45:00,35,CLEAR,DARKNESS,PARKED MOTOR VEHICLE,ONE-WAY,STRAIGHT AND LEVEL,DRY,NO DEFECTS,N,FAILING TO YIELD RIGHT-OF-WAY,BEAT_111,2,1,0,7,42.041842,-87.499296,1,6,Sunday,1,17,Evening_Rush,1,0
2026-01-04 19:04:00,45,CLEAR,DAYLIGHT,SIDESWIPE SAME DIRECTION,NOT DIVIDED,STRAIGHT AND LEVEL,DRY,NO DEFECTS,N,FAILING TO YIELD RIGHT-OF-WAY,BEAT_112,2,1,0,7,42.060503,-87.486912,1,6,Sunday,1,19,Evening_Rush,1,0
2026-01-04 22:50:00,30,CLEAR,DAYLIGHT,SIDESWIPE SAME DIRECTION,FOUR WAY INTERSECTION,STRAIGHT AND LEVEL,DRY,NO DEFECTS,N,DRIVING SKILLS/KNOWLEDGE/EXPERIENCE,BEAT_101,3,1,0,7,41.887053,-87.613724,1,6,Sunday,1,22,Night,1,0
2026-01-11 02:26:00,30,CLEAR,"DARKNESS, LIGHTED ROAD",REAR END,NOT DIVIDED,STRAIGHT AND LEVEL,DRY,NO DEFECTS,N,FOLLOWING TOO CLOSELY,BEAT_107,2,1,0,7,41.979818,-87.54478,2,6,Sunday,1,2,Night,1,0
2026-01-11 03:01:00,30,CLEAR,DAYLIGHT,REAR END,T-INTERSECTION,STRAIGHT AND LEVEL,DRY,NO DEFECTS,Y,FAILING TO YIELD RIGHT-OF-WAY,BEAT_101,2,1,0,7,41.894634,-87.617861,2,6,Sunday,1,3,Night,1,0
2026-01-11 09:01:00,25,CLEAR,"DARKNESS, LIGHTED ROAD",ANGLE,FOUR WAY INTERSECTION,STRAIGHT AND LEVEL,DRY,NO DEFECTS,N,PHYSICAL CONDITION OF DRIVER,BEAT_104,2,1,0,7,41.935953,-87.578928,2,6,Sunday,1,9,Morning_Rush,1,0
2026-01-11 09:02:00,35,CLEAR,DAYLIGHT,REAR END,NOT DIVIDED,STRAIGHT AND LEVEL,DRY,NO DEFECTS,Y,FAILING TO YIELD RIGHT-OF-WAY,BEAT_113,2,1,2,7,42.077056,-87.47403,2,6,Sunday,1,9,Morning_Rush,1,1
2026-01-11 10:50:00,30,RAIN,DARKNESS,ANGLE,FOUR WAY INTERSECTION,STRAIGHT AND LEVEL,WET,NO DEFECTS,Y,FAILING TO YIELD RIGHT-OF-WAY,BEAT_111,2,1,0,7,42.04265,-87.495762,2,6,Sunday,1,10,Midday,1,0
2026-01-11 11:45:00,55,CLEAR,DAYLIGHT,TURNING,DIVIDED - W/MEDIAN,"CURVE, LEVEL",ICE,NO DEFECTS,N,FAILING TO YIELD RIGHT-OF-WAY,BEAT_105,1,1,0,7,41.94827,-87.568817,2,6,Sunday,1,11,Midday,1,0
2026-01-11 12:09:00,30,CLEAR,DAWN,ANGLE,DIVIDED - W/MEDIAN,STRAIGHT AND LEVEL,DRY,"RUT, HOLES",N,DRIVING SKILLS/KNOWLEDGE/EXPERIENCE,BEAT_107,2,1,0,7,41.982677,-87.546709,2,6,Sunday,1,12,Midday,1,0
2026-01-11 14:54:00,35,CLEAR,"DARKNESS, LIGHTED ROAD",PARKED MOTOR VEHICLE,ONE-WAY,STRAIGHT AND LEVEL,WET,NO DEFECTS,N,IMPROPER OVERTAKING/PASSING,BEAT_101,2,1,0,7,41.896449,-87.617985,2,6,Sunday,1,14,Midday,1,0
2026-01-11 15:51:00,30,RAIN,"DARKNESS, LIGHTED ROAD",REAR END,ONE-WAY,STRAIGHT AND LEVEL,WET,NO DEFECTS,Y,WEATHER,BEAT_110,2,1,0,7,42.023382,-87.513022,2,6,Sunday,1,15,Midday,1,0
2026-01-11 16:24:00,25,CLEAR,DUSK,SIDESWIPE SAME DIRECTION,T-INTERSECTION,STRAIGHT AND LEVEL,DRY,NO DEFECTS,Y,FAILING TO YIELD RIGHT-OF-WAY,BEAT_118,2,1,0,7,42.153379,-87.407491,2,6,Sunday,1,16,Evening_Rush,1,0
2026-01-11 21:03:00,20,RAIN,DARKNESS,REAR END,NOT DIVIDED,STRAIGHT AND LEVEL,WET,WORN SURFACE,N,FAILING TO YIELD RIGHT-OF-WAY,BEAT_104,2,1,0,7,41.934598,-87.578823,2,6,Sunday,1,21,Night,1,0
2026-01-11 21:21:00,25,SNOW,DAYLIGHT,TURNING,NOT DIVIDED,STRAIGHT AND LEVEL,WET,NO DEFECTS,N,WEATHER,BEAT_111,2,1,0,7,42.036008,-87.498087,2,6,Sunday,1,21,Night,1,0
2026-01-11 21:28:00,25,RAIN,"DARKNESS, LIGHTED ROAD",SIDESWIPE SAME DIRECTION,DIVIDED - W/MEDIAN,STRAIGHT AND LEVEL,ICE,NO DEFECTS,N,FOLLOWING TOO CLOSELY,BEAT_108,2,1,0,7,41.998015,-87.53721,2,6,Sunday,1,21,Night,1,0
2026-01-11 21:39:00,25,FOG/SMOKE/HAZE,DAYLIGHT,REAR END,DIVIDED - W/MEDIAN,STRAIGHT AND LEVEL,WET,NO DEFECTS,Y,DRIVING SKILLS/KNOWLEDGE/EXPERIENCE,BEAT_119,1,1,0,7,42.163006,-87.39981,2,6,Sunday,1,21,Night,1,0
2026-01-18 02:42:00,30,CLEAR,DAYLIGHT,ANGLE,DIVIDED - W/MEDIAN,STRAIGHT AND LEVEL,DRY,NO DEFECTS,N,FAILING TO YIELD RIGHT-OF-WAY,BEAT_118,1,1,0,7,42.146168,-87.413902,3,6,Sunday,1,2,Night,1,0
2026-01-18 03:36:00,30,RAIN,DAYLIGHT,TURNING,NOT DIVIDED,STRAIGHT ON GRADE,SNOW OR SLUSH,WORN SURFACE,Y,FAILING TO YIELD RIGHT-OF-WAY,BEAT_108,2,1,0,7,41.997592,-87.536794,3,6,Sunday,1,3,Night,1,0
2026-01-18 09:27:00,25,CLEAR,DAYLIGHT,PEDESTRIAN,ONE-WAY,STRAIGHT AND LEVEL,DRY,NO DEFECTS,N,FAILING TO YIELD RIGHT-OF-WAY,BEAT_111,2,1,0,7,42.043919,-87.504024,3,6,Sunday,1,9,Morning_Rush,1,0
2026-01-18 11:44:00,25,CLEAR,DARKNESS,ANGLE,NOT DIVIDED,STRAIGHT AND LEVEL,DRY,NO DEFECTS,N,FOLLOWING TOO CLOSELY,BEAT_104,2,1,0,7,41.938583,-87.576371,3,6,Sunday,1,11,Midday,1,0
2026-01-18 12:16:00,30,CLEAR,DAYLIGHT,SIDESWIPE SAME DIRECTION,DIVIDED - W/MEDIAN,STRAIGHT AND LEVEL,DRY,NO DEFECTS,N,DRIVING SKILLS/KNOWLEDGE/EXPERIENCE,BEAT_101,3,1,0,7,41.891654,-87.619479,3,6,Sunday,1,12,Midday,1,0
2026-01-18 14:03:00,45,CLEAR,DAYLIGHT,REAR END,NOT DIVIDED,STRAIGHT AND LEVEL,DRY,WORN SURFACE,N,FOLLOWING TOO CLOSELY,BEAT_102,2,1,0,7,41.912194,-87.601714,3,6,Sunday,1,14,Midday,1,0
2026-01-18 14:38:00,25,CLEAR,DAYLIGHT,REAR END,NOT DIVIDED,STRAIGHT AND LEVEL,DRY,NO DEFECTS,N,DISREGARDING TRAFFIC SIGNALS,BEAT_112,2,1,0,7,42.061702,-87.487209,3,6,Sunday,1,14,Midday,1,0
2026-01-18 16:33:00,30,RAIN,DARKNESS,ANGLE,DIVIDED - W/MEDIAN,STRAIGHT AND LEVEL,WET,NO DEFECTS,Y,FAILING TO YIELD RIGHT-OF-WAY,BEAT_107,2,1,2,7,41.984475,-87.540581,3,6,Sunday,1,16,Evening_Rush,1,1
2026-01-18 17:13:00,30,CLEAR,DUSK,TURNING,ONE-WAY,STRAIGHT AND LEVEL,DRY,NO DEFECTS,Y,FOLLOWING TOO CLOSELY,BEAT_112,1,1,0,7,42.055091,-87.48518,3,6,Sunday,1,17,Evening_Rush,1,0
2026-01-18 18:52:00,25,CLEAR,DAYLIGHT,SIDESWIPE SAME DIRECTION,DIVIDED - W/MEDIAN,STRAIGHT ON GRADE,DRY,NO DEFECTS,N,DRIVING SKILLS/KNOWLEDGE/EXPERIENCE,BEAT_110,2,1,0,7,42.026965,-87.508779,3,6,Sunday,1,18,Evening_Rush,1,0
2026-01-18 19:29:00,40,RAIN,"DARKNESS, LIGHTED ROAD",REAR END,NOT DIVIDED,STRAIGHT AND LEVEL,SNOW OR SLUSH,WORN SURFACE,N,FAILING TO YIELD RIGHT-OF-WAY,BEAT_105,1,1,1,7,41.955946,-87.565257,3,6,Sunday,1,19,Evening_Rush,1,1
2026-01-18 19:54:00,25,CLEAR,"DARKNESS, LIGHTED ROAD",TURNING,ONE-WAY,STRAIGHT ON GRADE,DRY,NO DEFECTS,Y,DISREGARDING TRAFFIC SIGNALS,BEAT_104,2,1,0,7,41.930907,-87.583502,3,6,Sunday,1,19,Evening_Rush,1,0
2026-01-18 20:00:00,25,CLEAR,"DARKNESS, LIGHTED ROAD",SIDESWIPE SAME DIRECTION,NOT DIVIDED,"CURVE, LEVEL",DRY,NO DEFECTS,N,FAILING TO YIELD RIGHT-OF-WAY,BEAT_114,4,1,0,7,42.089571,-87.461192,3,6,Sunday,1,20,Night,1,0
2026-01-18 23:22:00,25,CLEAR,DAYLIGHT,FIXED OBJECT,T-INTERSECTION,STRAIGHT ON GRADE,WET,"RUT, HOLES",Y,FOLLOWING TOO CLOSELY,BEAT_103,2,1,0,7,41.923762,-87.595605,3,6,Sunday,1,23,Night,1,0
2026-01-18 23:51:00,25,CLEAR,DAYLIGHT,TURNING,NOT DIVIDED,STRAIGHT AND LEVEL,DRY,WORN SURFACE,N,FAILING TO YIELD RIGHT-OF-WAY,BEAT_120,2,1,0,7,42.179328,-87.389394,3,6,Sunday,1,23,Night,1,0
2026-01-25 02:04:00,25,CLEAR,"DARKNESS, LIGHTED ROAD",SIDESWIPE SAME DIRECTION,NOT DIVIDED,STRAIGHT AND LEVEL,WET,NO DEFECTS,Y,FOLLOWING TOO CLOSELY,BEAT_106,2,1,3,7,41.971712,-87.555752,4,6,Sunday,1,2,Night,1,1
2026-01-25 07:14:00,20,CLEAR,DAYLIGHT,TURNING,DIVIDED - W/MEDIAN,STRAIGHT AND LEVEL,DRY,NO DEFECTS,Y,FOLLOWING TOO CLOSELY,BEAT_111,2,1,1,7,42.048648,-87.499045,4,6,Sunday,1,7,Morning_Rush,1,1
2026-01-25 09:49:00,25,RAIN,DUSK,TURNING,NOT DIVIDED,STRAIGHT AND LEVEL,WET,WORN SURFACE,Y,FOLLOWING TOO CLOSELY,BEAT_112,1,1,0,7,42.056775,-87.482373,4,6,Sunday,1,9,Morning_Rush,1,0
2026-01-25 10:47:00,20,CLEAR,DAYLIGHT,ANGLE,DIVIDED - W/MEDIAN,"CURVE, LEVEL",DRY,NO DEFECTS,Y,WEATHER,BEAT_101,1,1,0,7,41.891077,-87.613444,4,6,Sunday,1,10,Midday,1,0
2026-01-25 14:03:00,25,CLEAR,DAYLIGHT,TURNING,NOT DIVIDED,STRAIGHT AND LEVEL,DRY,NO DEFECTS,Y,DRIVING SKILLS/KNOWLEDGE/EXPERIENCE,BEAT_113,1,1,0,7,42.074623,-87.473638,4,6,Sunday,1,14,Midday,1,0
2026-01-25 17:40:00,25,CLEAR,DAYLIGHT,ANGLE,DIVIDED - W/MEDIAN,STRAIGHT AND LEVEL,DRY,NO DEFECTS,Y,FOLLOWING TOO CLOSELY,BEAT_106,2,1,0,7,41.967495,-87.55684,4,6,Sunday,1,17,Evening_Rush,1,0
2026-01-25 21:27:00,30,RAIN,"DARKNESS, LIGHTED ROAD",PARKED MOTOR VEHICLE,NOT DIVIDED,STRAIGHT AND LEVEL,SNOW OR SLUSH,NO DEFECTS,Y,DISREGARDING TRAFFIC SIGNALS,BEAT_109,1,1,0,7,42.016833,-87.521404,4,6,Sunday,1,21,Night,1,0
2026-02-01 00:15:00,25,CLEAR,"DARKNESS, LIGHTED ROAD",PARKED MOTOR VEHICLE,NOT DIVIDED,STRAIGHT AND LEVEL,WET,NO DEFECTS,Y,DISREGARDING TRAFFIC SIGNALS,BEAT_111,2,2,2,7,42.040579,-87.495411,5,6,Sunday,2,0,Night,1,1
2026-02-01 01:15:00,30,SEVERE RAIN,DAYLIGHT,REAR END,DIVIDED - W/MEDIAN,STRAIGHT AND LEVEL,SNOW OR SLUSH,NO DEFECTS,N,DISREGARDING TRAFFIC SIGNALS,BEAT_117,2,2,0,7,42.133406,-87.429259,5,6,Sunday,2,1,Night,1,0
2026-02-01 08:06:00,30,SNOW,"DARKNESS, LIGHTED ROAD",REAR END,DIVIDED - W/MEDIAN,STRAIGHT AND LEVEL,WET,SHOULDER DEFECT,N,WEATHER,BEAT_112,2,2,0,7,42.055875,-87.486922,5,6,Sunday,2,8,Morning_Rush,1,0
2026-02-01 08:22:00,35,FOG/SMOKE/HAZE,DARKNESS,TURNING,FOUR WAY INTERSECTION,STRAIGHT AND LEVEL,WET,NO DEFECTS,N,WEATHER,BEAT_113,2,2,0,7,42.068428,-87.476074,5,6,Sunday,2,8,Morning_Rush,1,0
2026-02-01 09:54:00,30,CLEAR,"DARKNESS, LIGHTED ROAD",REAR END,FOUR WAY INTERSECTION,STRAIGHT AND LEVEL,WET,NO DEFECTS,Y,DRIVING SKILLS/KNOWLEDGE/EXPERIENCE,BEAT_118,2,2,0,7,42.146605,-87.413209,5,6,Sunday,2,9,Morning_Rush,1,0
2026-02-01 11:22:00,50,CLEAR,"DARKNESS, LIGHTED ROAD",PARKED MOTOR VEHICLE,DIVIDED - W/MEDIAN,STRAIGHT AND LEVEL,DRY,NO DEFECTS,N,FAILING TO YIELD RIGHT-OF-WAY,BEAT_110,2,2,0,7,42.034486,-87.513428,5,6,Sunday,2,11,Midday,1,0
2026-02-01 17:18:00,30,RAIN,DAYLIGHT,TURNING,FOUR WAY INTERSECTION,STRAIGHT AND LEVEL,WET,NO DEFECTS,Y,DRIVING SKILLS/KNOWLEDGE/EXPERIENCE,BEAT_118,2,2,0,7,42.147312,-87.411031,5,6,Sunday,2,17,Evening_Rush,1,0
2026-02-01 18:50:00,50,RAIN,DAYLIGHT,ANGLE,ONE-WAY,STRAIGHT AND LEVEL,SNOW OR SLUSH,NO DEFECTS,Y,FAILING TO YIELD RIGHT-OF-WAY,BEAT_105,2,2,1,7,41.954556,-87.56833,5,6,Sunday,2,18,Evening_Rush,1,1
2026-02-01 21:38:00,35,CLEAR,DAYLIGHT,REAR END,DIVIDED - W/MEDIAN,STRAIGHT AND LEVEL,WET,NO DEFECTS,N,DRIVING SKILLS/KNOWLEDGE/EXPERIENCE,BEAT_112,2,2,0,7,42.052661,-87.4841,5,6,Sunday,2,21,Night,1,0
2026-02-01 22:37:00,40,CLEAR,DAYLIGHT,SIDESWIPE SAME DIRECTION,ONE-WAY,"CURVE, LEVEL",DRY,NO DEFECTS,Y,FOLLOWING TOO CLOSELY,BEAT_105,1,2,1,7,41.955634,-87.57054,5,6,Sunday,2,22,Night,1,1
2026-02-01 22:58:00,45,CLEAR,DAYLIGHT,TURNING,NOT DIVIDED,STRAIGHT ON GRADE,DRY,"RUT, HOLES",N,FAILING TO YIELD RIGHT-OF-WAY,BEAT_117,2,2,0,7,42.132154,-87.427241,5,6,Sunday,2,22,Night,1,0
2026-02-01 23:23:00,25,RAIN,"DARKNESS, LIGHTED ROAD",REAR END,NOT DIVIDED,STRAIGHT AND LEVEL,WET,NO DEFECTS,Y,DISREGARDING TRAFFIC SIGNALS,BEAT_104,2,2,1,7,41.940196,-87.579158,5,6,Sunday,2,23,Night,1,1
2026-02-01 23:49:00,45,CLEAR,DAYLIGHT,REAR END,DIVIDED - W/MEDIAN,STRAIGHT AND LEVEL,DRY,NO DEFECTS,N,FAILING TO YIELD RIGHT-OF-WAY,BEAT_115,2,2,0,7,42.102709,-87.447665,5,6,Sunday,2,23,Night,1,0
2026-02-08 01:12:00,30,CLEAR,DARKNESS,ANGLE,DIVIDED - W/MEDIAN,STRAIGHT ON GRADE,DRY,DEBRIS ON ROAD,N,FAILING TO YIELD RIGHT-OF-WAY,BEAT_102,2,2,0,7,41.90686,-87.60245,6,6,Sunday,2,1,Night,1,0
2026-02-08 01:50:00,25,CLEAR,"DARKNESS, LIGHTED ROAD",PEDESTRIAN,ONE-WAY,STRAIGHT AND LEVEL,WET,NO DEFECTS,N,FAILING TO YIELD RIGHT-OF-WAY,BEAT_102,3,2,0,7,41.914754,-87.603208,6,6,Sunday,2,1,Night,1,0
2026-02-08 02:19:00,25,CLEAR,DAYLIGHT,REAR END,NOT DIVIDED,STRAIGHT AND LEVEL,DRY,NO DEFECTS,Y,DRIVING SKILLS/KNOWLEDGE/EXPERIENCE,BEAT_106,2,2,0,7,41.968275,-87.560034,6,6,Sunday,2,2,Night,1,0
2026-02-08 04:51:00,45,CLEAR,DAYLIGHT,TURNING,DIVIDED - W/MEDIAN,STRAIGHT AND LEVEL,WET,NO DEFECTS,N,WEATHER,BEAT_112,2,2,0,7,42.053141,-87.484391,6,6,Sunday,2,4,Night,1,0
2026-02-08 06:10:00,30,CLEAR,"DARKNESS, LIGHTED ROAD",ANGLE,DIVIDED - W/MEDIAN,"CURVE, LEVEL",DRY,NO DEFECTS,Y,WEATHER,BEAT_104,3,2,0,7,41.939296,-87.584408,6,6,Sunday,2,6,Morning_Rush,1,0
2026-02-08 15:43:00,25,SNOW,DAYLIGHT,PEDESTRIAN,NOT DIVIDED,STRAIGHT AND LEVEL,WET,NO DEFECTS,N,FAILING TO YIELD RIGHT-OF-WAY,BEAT_111,2,2,0,7,42.039588,-87.49886,6,6,Sunday,2,15,Midday,1,0
2026-02-08 17:19:00,30,CLEAR,"DARKNESS, LIGHTED ROAD",REAR END,NOT DIVIDED,STRAIGHT AND LEVEL,ICE,NO DEFECTS,N,FOLLOWING TOO CLOSELY,BEAT_111,2,2,0,7,42.042129,-87.499021,6,6,Sunday,2,17,Evening_Rush,1,0
2026-02-15 01:26:00,35,CLEAR,DAYLIGHT,SIDESWIPE SAME DIRECTION,ONE-WAY,CURVE ON GRADE,WET,NO DEFECTS,Y,DISREGARDING TRAFFIC SIGNALS,BEAT_104,2,2,1,7,41.939562,-87.578584,7,6,Sunday,2,1,Night,1,1
2026-02-15 03:16:00,25,RAIN,"DARKNESS, LIGHTED ROAD",REAR END,NOT DIVIDED,STRAIGHT AND LEVEL,SNOW OR SLUSH,NO DEFECTS,N,FAILING TO YIELD RIGHT-OF-WAY,BEAT_109,2,2,0,7,42.013966,-87.521522,7,6,Sunday,2,3,Night,1,0
2026-02-15 04:06:00,30,CLEAR,"DARKNESS, LIGHTED ROAD",REAR END,DIVIDED - W/MEDIAN,STRAIGHT AND LEVEL,SNOW OR SLUSH,NO DEFECTS,N,FAILING TO YIELD RIGHT-OF-WAY,BEAT_116,2,2,0,7,42.118756,-87.439854,7,6,Sunday,2,4,Night,1,0
2026-02-15 06:57:00,25,CLEAR,DAYLIGHT,REAR END,FOUR WAY INTERSECTION,STRAIGHT AND LEVEL,WET,NO DEFECTS,Y,FAILING TO YIELD RIGHT-OF-WAY,BEAT_113,1,2,0,7,42.072369,-87.478595,7,6,Sunday,2,6,Morning_Rush,1,0
2026-02-15 07:43:00,25,CLEAR,DAYLIGHT,REAR END,ONE-WAY,STRAIGHT AND LEVEL,DRY,WORN SURFACE,Y,DRIVING SKILLS/KNOWLEDGE/EXPERIENCE,BEAT_108,2,2,0,7,41.997367,-87.536804,7,6,Sunday,2,7,Morning_Rush,1,0
2026-02-15 07:54:00,30,CLEAR,DAYLIGHT,SIDESWIPE SAME DIRECTION,FOUR WAY INTERSECTION,"CURVE, LEVEL",DRY,NO DEFECTS,N,DRIVING SKILLS/KNOWLEDGE/EXPERIENCE,BEAT_105,2,2,0,7,41.953455,-87.571881,7,6,Sunday,2,7,Morning_Rush,1,0
2026-02-15 12:54:00,30,CLEAR,DAYLIGHT,REAR END,T-INTERSECTION,"CURVE, LEVEL",DRY,NO DEFECTS,Y,FOLLOWING TOO CLOSELY,BEAT_103,1,2,0,7,41.921676,-87.594885,7,6,Sunday,2,12,Midday,1,0
2026-02-15 14:28:00,30,CLEAR,DAYLIGHT,TURNING,FOUR WAY INTERSECTION,STRAIGHT AND LEVEL,"SAND, MUD, DIRT",NO DEFECTS,Y,IMPROPER OVERTAKING/PASSING,BEAT_112,3,2,1,7,42.060853,-87.488134,7,6,Sunday,2,14,Midday,1,1
2026-02-15 16:50:00,30,RAIN,"DARKNESS, LIGHTED ROAD",SIDESWIPE SAME DIRECTION,NOT DIVIDED,STRAIGHT AND LEVEL,ICE,NO DEFECTS,Y,FAILING TO YIELD RIGHT-OF-WAY,BEAT_120,2,2,1,7,42.178113,-87.390135,7,6,Sunday,2,16,Evening_Rush,1,1
2026-02-15 18:27:00,40,CLEAR,DAYLIGHT,FIXED OBJECT,NOT DIVIDED,STRAIGHT AND LEVEL,DRY,NO DEFECTS,N,PHYSICAL CONDITION OF DRIVER,BEAT_110,2,2,0,7,42.036983,-87.507393,7,6,Sunday,2,18,Evening_Rush,1,0
2026-02-15 18:31:00,25,SNOW,"DARKNESS, LIGHTED ROAD",ANGLE,DIVIDED - W/MEDIAN,"CURVE, LEVEL",SNOW OR SLUSH,NO DEFECTS,Y,FAILING TO YIELD RIGHT-OF-WAY,BEAT_119,2,2,0,7,42.164795,-87.403266,7,6,Sunday,2,18,Evening_Rush,1,0
2026-02-15 20:59:00,25,CLEAR,"DARKNESS, LIGHTED ROAD",SIDESWIPE SAME DIRECTION,FOUR WAY INTERSECTION,STRAIGHT AND LEVEL,DRY,NO DEFECTS,Y,DISREGARDING TRAFFIC SIGNALS,BEAT_110,2,2,0,7,42.023563,-87.510309,7,6,Sunday,2,20,Night,1,0
2026-02-22 00:36:00,30,RAIN,DAYLIGHT,REAR END,T-INTERSECTION,STRAIGHT AND LEVEL,WET,NO DEFECTS,N,DRIVING SKILLS/KNOWLEDGE/EXPERIENCE,BEAT_113,2,2,0,7,42.074287,-87.468846,8,6,Sunday,2,0,Night,1,0
2026-02-22 01:24:00,35,RAIN,"DARKNESS, LIGHTED ROAD",SIDESWIPE SAME DIRECTION,FOUR WAY INTERSECTION,STRAIGHT AND LEVEL,ICE,WORN SURFACE,N,FAILING TO YIELD RIGHT-OF-WAY,BEAT_103,2,2,0,7,41.921614,-87.594183,8,6,Sunday,2,1,Night,1,0
2026-02-22 07:25:00,40,CLEAR,DAYLIGHT,ANGLE,DIVIDED - W/MEDIAN,STRAIGHT AND LEVEL,DRY,NO DEFECTS,N,FOLLOWING TOO CLOSELY,BEAT_114,3,2,0,7,42.088434,-87.453173,8,6,Sunday,2,7,Morning_Rush,1,0
2026-02-22 07:33:00,25,RAIN,DAWN,PEDESTRIAN,DIVIDED - W/MEDIAN,STRAIGHT AND LEVEL,WET,NO DEFECTS,Y,WEATHER,BEAT_114,3,2,1,7,42.087942,-87.462781,8,6,Sunday,2,7,Morning_Rush,1,1
2026-02-22 09:07:00,55,CLEAR,DAWN,ANGLE,NOT DIVIDED,STRAIGHT AND LEVEL,DRY,NO DEFECTS,N,FAILING TO YIELD RIGHT-OF-WAY,BEAT_103,3,2,0,7,41.928512,-87.594264,8,6,Sunday,2,9,Morning_Rush,1,0
2026-02-22 09:48:00,25,CLEAR,"DARKNESS, LIGHTED ROAD",TURNING,NOT DIVIDED,STRAIGHT AND LEVEL,DRY,NO DEFECTS,N,FAILING TO YIELD RIGHT-OF-WAY,BEAT_117,2,2,0,7,42.135449,-87.424672,8,6,Sunday,2,9,Morning_Rush,1,0
2026-02-22 11:37:00,40,CLEAR,"DARKNESS, LIGHTED ROAD",REAR END,NOT DIVIDED,"CURVE, LEVEL",DRY,NO DEFECTS,Y,FOLLOWING TOO CLOSELY,BEAT_103,2,2,0,7,41.9298,-87.592783,8,6,Sunday,2,11,Midday,1,0
2026-02-22 17:00:00,25,CLEAR,DAYLIGHT,REAR END,NOT DIVIDED,STRAIGHT AND LEVEL,DRY,NO DEFECTS,Y,FAILING TO YIELD RIGHT-OF-WAY,BEAT_102,2,2,0,7,41.908613,-87.609287,8,6,Sunday,2,17,Evening_Rush,1,0
2026-02-22 19:50:00,25,CLEAR,DAYLIGHT,PEDESTRIAN,NOT DIVIDED,STRAIGHT AND LEVEL,"SAND, MUD, DIRT",NO DEFECTS,Y,FAILING TO YIELD RIGHT-OF-WAY,BEAT_108,2,2,0,7,41.997798,-87.536639,8,6,Sunday,2,19,Evening_Rush,1,0
2026-02-22 19:51:00,30,SEVERE RAIN,DAYLIGHT,TURNING,ONE-WAY,STRAIGHT AND LEVEL,WET,"RUT, HOLES",N,IMPROPER OVERTAKING/PASSING,BEAT_109,2,2,0,7,42.007425,-87.516774,8,6,Sunday,2,19,Evening_Rush,1,0
2026-02-22 20:48:00,35,CLEAR,DAYLIGHT,TURNING,ONE-WAY,STRAIGHT AND LEVEL,DRY,NO DEFECTS,N,WEATHER,BEAT_103,2,2,0,7,41.923715,-87.592557,8,6,Sunday,2,20,Night,1,0
2026-02-22 22:15:00,25,CLEAR,DAYLIGHT,ANGLE,NOT DIVIDED,"CURVE, LEVEL",DRY,NO DEFECTS,Y,DRIVING SKILLS/KNOWLEDGE/EXPERIENCE,BEAT_107,1,2,0,7,41.983063,-87.548492,8,6,Sunday,2,22,Night,1,0
2026-03-01 02:47:00,55,CLEAR,"DARKNESS, LIGHTED ROAD",ANGLE,DIVIDED - W/MEDIAN,STRAIGHT AND LEVEL,DRY,NO DEFECTS,Y,FAILING TO YIELD RIGHT-OF-WAY,BEAT_119,2,3,0,7,42.156326,-87.402092,9,6,Sunday,3,2,Night,1,0
2026-03-01 02:49:00,20,SNOW,DAYLIGHT,PARKED MOTOR VEHICLE,DIVIDED - W/MEDIAN,STRAIGHT AND LEVEL,WET,NO DEFECTS,Y,DISREGARDING TRAFFIC SIGNALS,BEAT_111,2,3,0,7,42.043024,-87.498224,9,6,Sunday,3,2,Night,1,0
2026-03-01 03:37:00,35,CLEAR,DAYLIGHT,REAR END,DIVIDED - W/MEDIAN,STRAIGHT AND LEVEL,DRY,NO DEFECTS,Y,FOLLOWING TOO CLOSELY,BEAT_118,2,3,0,7,42.145412,-87.409337,9,6,Sunday,3,3,Night,1,0
2026-03-01 07:10:00,35,RAIN,DAYLIGHT,ANGLE,DIVIDED - W/MEDIAN,STRAIGHT AND LEVEL,SNOW OR SLUSH,NO DEFECTS,N,FOLLOWING TOO CLOSELY,BEAT_109,3,3,0,7,42.015389,-87.519886,9,6,Sunday,3,7,Morning_Rush,1,0
2026-03-01 08:10:00,25,FOG/SMOKE/HAZE,DAYLIGHT,REAR END,DIVIDED - W/MEDIAN,STRAIGHT AND LEVEL,WET,NO DEFECTS,Y,DISREGARDING TRAFFIC SIGNALS,BEAT_104,2,3,0,7,41.938314,-87.582048,9,6,Sunday,3,8,Morning_Rush,1,0
2026-03-01 10:50:00,25,SEVERE RAIN,DAYLIGHT,PARKED MOTOR VEHICLE,DIVIDED - W/MEDIAN,STRAIGHT AND LEVEL,WET,NO DEFECTS,N,FOLLOWING TOO CLOSELY,BEAT_108,2,3,1,7,42.003878,-87.533417,9,6,Sunday,3,10,Midday,1,1
2026-03-01 12:21:00,30,SNOW,DAYLIGHT,ANGLE,DIVIDED - W/MEDIAN,STRAIGHT AND LEVEL,SNOW OR SLUSH,NO DEFECTS,N,FAILING TO YIELD RIGHT-OF-WAY,BEAT_116,2,3,0,7,42.112788,-87.439959,9,6,Sunday,3,12,Midday,1,0
2026-03-01 13:32:00,30,RAIN,"DARKNESS, LIGHTED ROAD",ANGLE,ONE-WAY,CURVE ON GRADE,ICE,NO DEFECTS,Y,FOLLOWING TOO CLOSELY,BEAT_105,3,3,0,7,41.951629,-87.570009,9,6,Sunday,3,13,Midday,1,0
2026-03-01 15:10:00,25,RAIN,DAYLIGHT,REAR END,NOT DIVIDED,STRAIGHT AND LEVEL,ICE,NO DEFECTS,N,FOLLOWING TOO CLOSELY,BEAT_114,2,3,0,7,42.088856,-87.458912,9,6,Sunday,3,15,Midday,1,0
2026-03-01 15:48:00,25,CLEAR,DAYLIGHT,REAR END,NOT DIVIDED,STRAIGHT AND LEVEL,DRY,NO DEFECTS,Y,FAILING TO YIELD RIGHT-OF-WAY,BEAT_101,2,3,0,7,41.886596,-87.618803,9,6,Sunday,3,15,Midday,1,0
2026-03-01 17:51:00,25,SEVERE RAIN,"DARKNESS, LIGHTED ROAD",REAR END,ONE-WAY,STRAIGHT AND LEVEL,WET,NO DEFECTS,Y,PHYSICAL CONDITION OF DRIVER,BEAT_117,2,3,0,7,42.135099,-87.418593,9,6,Sunday,3,17,Evening_Rush,1,0
2026-03-01 22:10:00,30,CLEAR,DAYLIGHT,TURNING,ONE-WAY,STRAIGHT AND LEVEL,SNOW OR SLUSH,NO DEFECTS,N,DISREGARDING TRAFFIC SIGNALS,BEAT_109,2,3,0,7,42.009456,-87.514512,9,6,Sunday,3,22,Night,1,0
2026-03-01 22:15:00,40,RAIN,DAYLIGHT,TURNING,NOT DIVIDED,STRAIGHT AND LEVEL,ICE,NO DEFECTS,N,FOLLOWING TOO CLOSELY,BEAT_103,2,3,0,7,41.92459,-87.596323,9,6,Sunday,3,22,Night,1,0
2026-03-08 17:55:00,40,CLEAR,DAYLIGHT,PARKED MOTOR VEHICLE,ALLEY,STRAIGHT AND LEVEL,DRY,NO DEFECTS,N,FOLLOWING TOO CLOSELY,BEAT_118,2,3,0,7,42.146961,-87.417294,10,6,Sunday,3,17,Evening_Rush,1,0
2026-03-08 19:01:00,35,CLEAR,DAYLIGHT,TURNING,DIVIDED - W/MEDIAN,STRAIGHT AND LEVEL,WET,"RUT, HOLES",Y,FAILING TO YIELD RIGHT-OF-WAY,BEAT_118,2,3,0,7,42.148351,-87.41492,10,6,Sunday,3,19,Evening_Rush,1,0
2026-03-15 00:25:00,25,CLEAR,DAYLIGHT,REAR END,DIVIDED - W/MEDIAN,STRAIGHT ON GRADE,WET,NO DEFECTS,N,FOLLOWING TOO CLOSELY,BEAT_102,2,3,0,7,41.906784,-87.604525,11,6,Sunday,3,0,Night,1,0
2026-03-15 01:39:00,20,CLEAR,DAYLIGHT,ANGLE,NOT DIVIDED,STRAIGHT AND LEVEL,DRY,NO DEFECTS,Y,FAILING TO YIELD RIGHT-OF-WAY,BEAT_106,2,3,0,7,41.96618,-87.553349,11,6,Sunday,3,1,Night,1,0
2026-03-15 06:26:00,25,FOG/SMOKE/HAZE,DARKNESS,SIDESWIPE SAME DIRECTION,NOT DIVIDED,STRAIGHT AND LEVEL,SNOW OR SLUSH,NO DEFECTS,Y,DRIVING SKILLS/KNOWLEDGE/EXPERIENCE,BEAT_103,1,3,0,7,41.920099,-87.596108,11,6,Sunday,3,6,Morning_Rush,1,0
2026-03-15 06:45:00,40,CLEAR,DAYLIGHT,REAR END,DIVIDED - W/MEDIAN,STRAIGHT AND LEVEL,WET,NO DEFECTS,Y,FOLLOWING TOO CLOSELY,BEAT_107,2,3,0,7,41.985453,-87.54538,11,6,Sunday,3,6,Morning_Rush,1,0
2026-03-15 07:40:00,30,CLEAR,DARKNESS,REAR END,FOUR WAY INTERSECTION,"CURVE, LEVEL",DRY,NO DEFECTS,Y,FAILING TO YIELD RIGHT-OF-WAY,BEAT_107,2,3,0,7,41.985963,-87.542428,11,6,Sunday,3,7,Morning_Rush,1,0
2026-03-15 11:40:00,25,RAIN,DAYLIGHT,TURNING,DIVIDED - W/MEDIAN,STRAIGHT AND LEVEL,WET,NO DEFECTS,Y,FAILING TO YIELD RIGHT-OF-WAY,BEAT_107,2,3,0,7,41.987004,-87.551196,11,6,Sunday,3,11,Midday,1,0
2026-03-15 11:57:00,25,CLEAR,DAYLIGHT,SIDESWIPE SAME DIRECTION,DIVIDED - W/MEDIAN,STRAIGHT AND LEVEL,WET,NO DEFECTS,Y,FOLLOWING TOO CLOSELY,BEAT_120,1,3,1,7,42.179179,-87.387254,11,6,Sunday,3,11,Midday,1,1
2026-03-15 17:32:00,30,CLEAR,DAYLIGHT,PARKED MOTOR VEHICLE,NOT DIVIDED,STRAIGHT AND LEVEL,DRY,NO DEFECTS,Y,FAILING TO YIELD RIGHT-OF-WAY,BEAT_117,2,3,1,7,42.133592,-87.424569,11,6,Sunday,3,17,Evening_Rush,1,1
2026-03-15 18:02:00,25,CLEAR,DARKNESS,REAR END,DIVIDED - W/MEDIAN,STRAIGHT AND LEVEL,DRY,NO DEFECTS,N,FOLLOWING TOO CLOSELY,BEAT_112,2,3,0,7,42.053545,-87.486068,11,6,Sunday,3,18,Evening_Rush,1,0
2026-03-15 19:20:00,30,CLEAR,DAYLIGHT,ANGLE,DIVIDED - W/MEDIAN,STRAIGHT AND LEVEL,DRY,NO DEFECTS,N,WEATHER,BEAT_105,2,3,0,7,41.950839,-87.567499,11,6,Sunday,3,19,Evening_Rush,1,0
2026-03-15 20:48:00,30,CLEAR,"DARKNESS, LIGHTED ROAD",REAR END,DIVIDED - W/MEDIAN,STRAIGHT AND LEVEL,DRY,DEBRIS ON ROAD,Y,DRIVING SKILLS/KNOWLEDGE/EXPERIENCE,BEAT_106,2,3,0,7,41.961933,-87.558489,11,6,Sunday,3,20,Night,1,0
2026-03-15 23:44:00,30,CLEAR,"DARKNESS, LIGHTED ROAD",TURNING,ONE-WAY,STRAIGHT AND LEVEL,DRY,NO DEFECTS,Y,FAILING TO YIELD RIGHT-OF-WAY,BEAT_119,2,3,0,7,42.166092,-87.400639,11,6,Sunday,3,23,Night,1,0
2026-03-22 02:32:00,30,CLEAR,DAYLIGHT,SIDESWIPE SAME DIRECTION,FOUR WAY INTERSECTION,STRAIGHT AND LEVEL,WET,NO DEFECTS,N,FAILING TO YIELD RIGHT-OF-WAY,BEAT_118,2,3,0,7,42.149349,-87.414756,12,6,Sunday,3,2,Night,1,0
2026-03-22 02:59:00,25,CLEAR,"DARKNESS, LIGHTED ROAD",REAR END,DIVIDED - W/MEDIAN,STRAIGHT AND LEVEL,DRY,NO DEFECTS,Y,FOLLOWING TOO CLOSELY,BEAT_102,2,3,1,7,41.905392,-87.603293,12,6,Sunday,3,2,Night,1,1
2026-03-22 03:18:00,25,CLEAR,DUSK,SIDESWIPE SAME DIRECTION,NOT DIVIDED,STRAIGHT AND LEVEL,ICE,NO DEFECTS,Y,DISREGARDING TRAFFIC SIGNALS,BEAT_120,2,3,0,7,42.173143,-87.390498,12,6,Sunday,3,3,Night,1,0
2026-03-22 03:18:00,30,CLEAR,DAYLIGHT,TURNING,DIVIDED - W/MEDIAN,STRAIGHT AND LEVEL,DRY,SHOULDER DEFECT,Y,FOLLOWING TOO CLOSELY,BEAT_104,3,3,0,7,41.94047,-87.581388,12,6,Sunday,3,3,Night,1,0
2026-03-22 09:52:00,25,RAIN,DAYLIGHT,SIDESWIPE SAME DIRECTION,FOUR WAY INTERSECTION,STRAIGHT AND LEVEL,WET,NO DEFECTS,Y,FOLLOWING TOO CLOSELY,BEAT_101,2,3,0,7,41.890612,-87.617788,12,6,Sunday,3,9,Morning_Rush,1,0
2026-03-22 11:00:00,30,CLEAR,DAYLIGHT,ANGLE,NOT DIVIDED,STRAIGHT AND LEVEL,DRY,"RUT, HOLES",N,FOLLOWING TOO CLOSELY,BEAT_103,2,3,0,7,41.925828,-87.598239,12,6,Sunday,3,11,Midday,1,0
2026-03-22 17:02:00,25,CLEAR,DAYLIGHT,PARKED MOTOR VEHICLE,NOT DIVIDED,STRAIGHT AND LEVEL,DRY,DEBRIS ON ROAD,N,PHYSICAL CONDITION OF DRIVER,BEAT_105,2,3,0,7,41.954239,-87.571022,12,6,Sunday,3,17,Evening_Rush,1,0
2026-03-22 17:51:00,30,RAIN,DAYLIGHT,REAR END,DIVIDED - W/MEDIAN,STRAIGHT AND LEVEL,WET,NO DEFECTS,Y,FAILING TO YIELD RIGHT-OF-WAY,BEAT_108,2,3,0,7,41.99313,-87.531899,12,6,Sunday,3,17,Evening_Rush,1,0
2026-03-22 19:41:00,30,SNOW,"DARKNESS, LIGHTED ROAD",FIXED OBJECT,ONE-WAY,STRAIGHT AND LEVEL,WET,NO DEFECTS,N,DRIVING SKILLS/KNOWLEDGE/EXPERIENCE,BEAT_110,2,3,0,7,42.024267,-87.50996,12,6,Sunday,3,19,Evening_Rush,1,0
2026-03-22 22:38:00,25,CLEAR,DAYLIGHT,SIDESWIPE SAME DIRECTION,ONE-WAY,"CURVE, LEVEL",DRY,NO DEFECTS,Y,PHYSICAL CONDITION OF DRIVER,BEAT_115,1,3,0,7,42.102151,-87.452961,12,6,Sunday,3,22,Night,1,0
2026-03-29 01:43:00,35,CLEAR,DAYLIGHT,TURNING,DIVIDED - W/MEDIAN,STRAIGHT AND LEVEL,DRY,NO DEFECTS,Y,DRIVING SKILLS/KNOWLEDGE/EXPERIENCE,BEAT_118,3,3,0,7,42.146419,-87.417053,13,6,Sunday,3,1,Night,1,0
2026-03-29 01:49:00,25,CLEAR,DAYLIGHT,SIDESWIPE SAME DIRECTION,DIVIDED - W/MEDIAN,STRAIGHT AND LEVEL,DRY,NO DEFECTS,N,FAILING TO YIELD RIGHT-OF-WAY,BEAT_109,2,3,0,7,42.017301,-87.526149,13,6,Sunday,3,1,Night,1,0
2026-03-29 04:28:00,35,RAIN,DARKNESS,FIXED OBJECT,NOT DIVIDED,STRAIGHT AND LEVEL,WET,NO DEFECTS,Y,FAILING TO YIELD RIGHT-OF-WAY,BEAT_106,2,3,1,7,41.967548,-87.554592,13,6,Sunday,3,4,Night,1,1
2026-03-29 05:45:00,20,CLEAR,DAYLIGHT,REAR END,NOT DIVIDED,STRAIGHT ON GRADE,DRY,NO DEFECTS,N,FAILING TO YIELD RIGHT-OF-WAY,BEAT_111,2,3,2,7,42.043997,-87.498705,13,6,Sunday,3,5,Night,1,1
2026-03-29 06:29:00,30,CLEAR,DARKNESS,ANGLE,DIVIDED - W/MEDIAN,STRAIGHT AND LEVEL,DRY,NO DEFECTS,N,DRIVING SKILLS/KNOWLEDGE/EXPERIENCE,BEAT_101,1,3,0,7,41.894391,-87.61995,13,6,Sunday,3,6,Morning_Rush,1,0
2026-03-29 08:18:00,50,CLEAR,DAYLIGHT,SIDESWIPE SAME DIRECTION,NOT DIVIDED,CURVE ON GRADE,WET,NO DEFECTS,N,DRIVING SKILLS/KNOWLEDGE/EXPERIENCE,BEAT_112,2,3,0,7,42.058542,-87.479362,13,6,Sunday,3,8,Morning_Rush,1,0
2026-03-29 08:30:00,25,CLEAR,DAYLIGHT,REAR END,FOUR WAY INTERSECTION,STRAIGHT AND LEVEL,DRY,NO DEFECTS,N,DRIVING SKILLS/KNOWLEDGE/EXPERIENCE,BEAT_105,1,3,0,7,41.951526,-87.56941,13,6,Sunday,3,8,Morning_Rush,1,0
2026-03-29 09:50:00,25,CLEAR,DARKNESS,REAR END,NOT DIVIDED,STRAIGHT AND LEVEL,SNOW OR SLUSH,NO DEFECTS,N,DRIVING SKILLS/KNOWLEDGE/EXPERIENCE,BEAT_116,3,3,0,7,42.11395,-87.438337,13,6,Sunday,3,9,Morning_Rush,1,0
2026-03-29 10:47:00,35,CLEAR,"DARKNESS, LIGHTED ROAD",REAR END,NOT DIVIDED,STRAIGHT AND LEVEL,DRY,NO DEFECTS,N,DRIVING SKILLS/KNOWLEDGE/EXPERIENCE,BEAT_108,2,3,0,7,42.001589,-87.53566,13,6,Sunday,3,10,Midday,1,0
2026-03-29 15:32:00,25,CLEAR,"DARKNESS, LIGHTED ROAD",FIXED OBJECT,T-INTERSECTION,STRAIGHT AND LEVEL,DRY,NO DEFECTS,N,WEATHER,BEAT_105,2,3,0,7,41.953372,-87.567139,13,6,Sunday,3,15,Midday,1,0
2026-03-29 18:46:00,25,CLEAR,"DARKNESS, LIGHTED ROAD",REAR END,DIVIDED - W/MEDIAN,STRAIGHT AND LEVEL,DRY,NO DEFECTS,N,FOLLOWING TOO CLOSELY,BEAT_108,3,3,1,7,41.99755,-87.538809,13,6,Sunday,3,18,Evening_Rush,1,1
2026-03-29 19:09:00,45,CLEAR,DAWN,PEDESTRIAN,ONE-WAY,STRAIGHT AND LEVEL,WET,NO DEFECTS,Y,DRIVING SKILLS/KNOWLEDGE/EXPERIENCE,BEAT_106,4,3,0,7,41.968528,-87.562529,13,6,Sunday,3,19,Evening_Rush,1,0
2026-03-29 20:57:00,35,CLEAR,DAYLIGHT,TURNING,FOUR WAY INTERSECTION,STRAIGHT AND LEVEL,DRY,NO DEFECTS,N,DRIVING SKILLS/KNOWLEDGE/EXPERIENCE,BEAT_107,3,3,0,7,41.982481,-87.545926,13,6,Sunday,3,20,Night,1,0
2026-03-29 22:47:00,30,CLEAR,DAYLIGHT,SIDESWIPE SAME DIRECTION,DIVIDED - W/MEDIAN,STRAIGHT AND LEVEL,DRY,NO DEFECTS,Y,FAILING TO YIELD RIGHT-OF-WAY,BEAT_119,2,3,1,7,42.159697,-87.398712,13,6,Sunday,3,22,Night,1,1
2026-03-29 23:40:00,35,CLEAR,"DARKNESS, LIGHTED ROAD",REAR END,NOT DIVIDED,STRAIGHT AND LEVEL,DRY,NO DEFECTS,Y,FAILING TO YIELD RIGHT-OF-WAY,BEAT_116,2,3,0,7,42.115235,-87.442817,13,6,Sunday,3,23,Night,1,0
2026-04-05 00:43:00,30,SEVERE RAIN,DAYLIGHT,SIDESWIPE SAME DIRECTION,DIVIDED - W/MEDIAN,STRAIGHT AND LEVEL,WET,DEBRIS ON ROAD,Y,DRIVING SKILLS/KNOWLEDGE/EXPERIENCE,BEAT_116,2,4,0,7,42.117471,-87.438208,14,6,Sunday,4,0,Night,1,0
2026-04-05 01:44:00,25,CLEAR,DAYLIGHT,REAR END,DIVIDED - W/MEDIAN,STRAIGHT AND LEVEL,DRY,NO DEFECTS,N,FOLLOWING TOO CLOSELY,BEAT_117,2,4,0,7,42.13387,-87.426199,14,6,Sunday,4,1,Night,1,0
2026-04-05 05:05:00,25,CLEAR,DARKNESS,SIDESWIPE SAME DIRECTION,DIVIDED - W/MEDIAN,STRAIGHT AND LEVEL,SNOW OR SLUSH,NO DEFECTS,N,WEATHER,BEAT_108,2,4,0,7,41.992817,-87.53113,14,6,Sunday,4,5,Night,1,0
2026-04-05 05:24:00,30,CLEAR,DAYLIGHT,ANGLE,NOT DIVIDED,STRAIGHT AND LEVEL,WET,NO DEFECTS,Y,DRIVING SKILLS/KNOWLEDGE/EXPERIENCE,BEAT_107,2,4,0,7,41.982852,-87.544143,14,6,Sunday,4,5,Night,1,0
2026-04-05 08:05:00,30,CLEAR,"DARKNESS, LIGHTED ROAD",FIXED OBJECT,NOT DIVIDED,STRAIGHT AND LEVEL,ICE,NO DEFECTS,N,PHYSICAL CONDITION OF DRIVER,BEAT_120,2,4,0,7,42.18057,-87.390281,14,6,Sunday,4,8,Morning_Rush,1,0
2026-04-05 08:36:00,45,CLEAR,DAYLIGHT,TURNING,NOT DIVIDED,STRAIGHT AND LEVEL,DRY,WORN SURFACE,N,FOLLOWING TOO CLOSELY,BEAT_102,2,4,0,7,41.91418,-87.59962,14,6,Sunday,4,8,Morning_Rush,1,0
2026-04-05 09:50:00,25,CLEAR,"DARKNESS, LIGHTED ROAD",REAR END,FOUR WAY INTERSECTION,STRAIGHT AND LEVEL,DRY,NO DEFECTS,Y,FAILING TO YIELD RIGHT-OF-WAY,BEAT_116,2,4,1,7,42.118648,-87.434126,14,6,Sunday,4,9,Morning_Rush,1,1
2026-04-05 10:37:00,30,SEVERE RAIN,DAYLIGHT,REAR END,NOT DIVIDED,STRAIGHT AND LEVEL,SNOW OR SLUSH,NO DEFECTS,Y,DRIVING SKILLS/KNOWLEDGE/EXPERIENCE,BEAT_119,2,4,1,7,42.162684,-87.397958,14,6,Sunday,4,10,Midday,1,1
2026-04-05 10:37:00,30,CLEAR,"DARKNESS, LIGHTED ROAD",TURNING,DIVIDED - W/MEDIAN,STRAIGHT AND LEVEL,WET,NO DEFECTS,N,FAILING TO YIELD RIGHT-OF-WAY,BEAT_114,2,4,0,7,42.085612,-87.457854,14,6,Sunday,4,10,Midday,1,0
2026-04-05 11:46:00,50,RAIN,DAYLIGHT,PARKED MOTOR VEHICLE,NOT DIVIDED,STRAIGHT AND LEVEL,WET,NO DEFECTS,N,FOLLOWING TOO CLOSELY,BEAT_106,2,4,1,7,41.971871,-87.558406,14,6,Sunday,4,11,Midday,1,1
2026-04-05 13:26:00,30,CLEAR,DAYLIGHT,ANGLE,ALLEY,STRAIGHT AND LEVEL,WET,NO DEFECTS,Y,FAILING TO YIELD RIGHT-OF-WAY,BEAT_113,2,4,1,7,42.075636,-87.472192,14,6,Sunday,4,13,Midday,1,1
2026-04-05 14:36:00,30,CLEAR,DAYLIGHT,ANGLE,T-INTERSECTION,STRAIGHT AND LEVEL,DRY,NO DEFECTS,Y,FAILING TO YIELD RIGHT-OF-WAY,BEAT_101,2,4,0,7,41.891269,-87.613842,14,6,Sunday,4,14,Midday,1,0
2026-04-05 20:47:00,35,CLEAR,DAYLIGHT,SIDESWIPE SAME DIRECTION,DIVIDED - W/MEDIAN,STRAIGHT AND LEVEL,DRY,WORN SURFACE,N,DRIVING SKILLS/KNOWLEDGE/EXPERIENCE,BEAT_106,2,4,0,7,41.970562,-87.557313,14,6,Sunday,4,20,Night,1,0
2026-04-05 23:31:00,30,CLEAR,DUSK,TURNING,NOT DIVIDED,"CURVE, LEVEL",WET,NO DEFECTS,N,DRIVING SKILLS/KNOWLEDGE/EXPERIENCE,BEAT_112,2,4,0,7,42.060456,-87.491133,14,6,Sunday,4,23,Night,1,0
2026-04-12 00:21:00,30,CLEAR,DAYLIGHT,PARKED MOTOR VEHICLE,ONE-WAY,STRAIGHT AND LEVEL,DRY,NO DEFECTS,Y,DISREGARDING TRAFFIC SIGNALS,BEAT_112,2,4,0,7,42.06318,-87.485708,15,6,Sunday,4,0,Night,1,0
2026-04-12 04:00:00,25,CLEAR,"DARKNESS, LIGHTED ROAD",FIXED OBJECT,T-INTERSECTION,STRAIGHT AND LEVEL,WET,NO DEFECTS,N,FOLLOWING TOO CLOSELY,BEAT_101,3,4,0,7,41.888804,-87.61976,15,6,Sunday,4,4,Night,1,0
2026-04-12 04:04:00,25,SNOW,DARKNESS,SIDESWIPE SAME DIRECTION,T-INTERSECTION,STRAIGHT AND LEVEL,SNOW OR SLUSH,WORN SURFACE,Y,WEATHER,BEAT_110,2,4,1,7,42.027457,-87.508619,15,6,Sunday,4,4,Night,1,1
2026-04-12 04:14:00,30,CLEAR,DAYLIGHT,TURNING,FOUR WAY INTERSECTION,STRAIGHT AND LEVEL,DRY,NO DEFECTS,Y,PHYSICAL CONDITION OF DRIVER,BEAT_118,2,4,0,7,42.146243,-87.416174,15,6,Sunday,4,4,Night,1,0
2026-04-12 05:30:00,30,SNOW,"DARKNESS, LIGHTED ROAD",FIXED OBJECT,DIVIDED - W/MEDIAN,STRAIGHT AND LEVEL,SNOW OR SLUSH,NO DEFECTS,N,PHYSICAL CONDITION OF DRIVER,BEAT_119,2,4,0,7,42.159691,-87.402386,15,6,Sunday,4,5,Night,1,0
2026-04-12 06:21:00,50,CLEAR,DUSK,REAR END,NOT DIVIDED,STRAIGHT AND LEVEL,"SAND, MUD, DIRT",NO DEFECTS,N,DISREGARDING TRAFFIC SIGNALS,BEAT_120,3,4,0,7,42.177527,-87.392488,15,6,Sunday,4,6,Morning_Rush,1,0
2026-04-12 08:28:00,35,CLEAR,DAYLIGHT,PARKED MOTOR VEHICLE,NOT DIVIDED,STRAIGHT AND LEVEL,DRY,WORN SURFACE,N,FOLLOWING TOO CLOSELY,BEAT_106,2,4,0,7,41.968191,-87.556654,15,6,Sunday,4,8,Morning_Rush,1,0
2026-04-12 09:09:00,45,CLEAR,DAYLIGHT,TURNING,NOT DIVIDED,STRAIGHT AND LEVEL,DRY,NO DEFECTS,Y,FOLLOWING TOO CLOSELY,BEAT_119,2,4,0,7,42.160943,-87.399512,15,6,Sunday,4,9,Morning_Rush,1,0
2026-04-12 13:48:00,25,CLEAR,"DARKNESS, LIGHTED ROAD",PARKED MOTOR VEHICLE,NOT DIVIDED,STRAIGHT ON GRADE,WET,"RUT, HOLES",Y,WEATHER,BEAT_109,1,4,1,7,42.012846,-87.527431,15,6,Sunday,4,13,Midday,1,1
2026-04-12 14:18:00,35,SNOW,"DARKNESS, LIGHTED ROAD",REAR END,NOT DIVIDED,STRAIGHT AND LEVEL,WET,NO DEFECTS,N,FAILING TO YIELD RIGHT-OF-WAY,BEAT_111,2,4,0,7,42.037707,-87.501001,15,6,Sunday,4,14,Midday,1,0
2026-04-12 16:00:00,35,RAIN,"DARKNESS, LIGHTED ROAD",PARKED MOTOR VEHICLE,ONE-WAY,STRAIGHT AND LEVEL,SNOW OR SLUSH,NO DEFECTS,N,FAILING TO YIELD RIGHT-OF-WAY,BEAT_119,2,4,0,7,42.16492,-87.40235,15,6,Sunday,4,16,Evening_Rush,1,0
2026-04-12 20:28:00,25,RAIN,"DARKNESS, LIGHTED ROAD",REAR END,NOT DIVIDED,STRAIGHT AND LEVEL,WET,NO DEFECTS,Y,DRIVING SKILLS/KNOWLEDGE/EXPERIENCE,BEAT_112,2,4,0,7,42.052552,-87.48675,15,6,Sunday,4,20,Night,1,0
2026-04-19 06:34:00,25,CLEAR,DARKNESS,SIDESWIPE SAME DIRECTION,T-INTERSECTION,STRAIGHT AND LEVEL,WET,NO DEFECTS,N,FAILING TO YIELD RIGHT-OF-WAY,BEAT_106,2,4,1,7,41.967196,-87.558817,16,6,Sunday,4,6,Morning_Rush,1,1
2026-04-19 07:56:00,25,CLEAR,"DARKNESS, LIGHTED ROAD",REAR END,NOT DIVIDED,STRAIGHT AND LEVEL,DRY,NO DEFECTS,Y,FOLLOWING TOO CLOSELY,BEAT_107,1,4,0,7,41.986157,-87.54618,16,6,Sunday,4,7,Morning_Rush,1,0
2026-04-19 10:09:00,25,RAIN,DAWN,SIDESWIPE SAME DIRECTION,T-INTERSECTION,STRAIGHT AND LEVEL,WET,WORN SURFACE,N,DRIVING SKILLS/KNOWLEDGE/EXPERIENCE,BEAT_109,1,4,0,7,42.011182,-87.524552,16,6,Sunday,4,10,Midday,1,0
2026-04-19 13:57:00,25,CLEAR,"DARKNESS, LIGHTED ROAD",FIXED OBJECT,NOT DIVIDED,STRAIGHT ON GRADE,DRY,NO DEFECTS,N,FOLLOWING TOO CLOSELY,BEAT_119,2,4,0,7,42.164527,-87.402758,16,6,Sunday,4,13,Midday,1,0
2026-04-19 16:39:00,35,CLEAR,DAYLIGHT,REAR END,ONE-WAY,"CURVE, LEVEL",DRY,NO DEFECTS,Y,FAILING TO YIELD RIGHT-OF-WAY,BEAT_113,3,4,0,7,42.071318,-87.473553,16,6,Sunday,4,16,Evening_Rush,1,0
2026-04-19 18:42:00,25,CLEAR,"DARKNESS, LIGHTED ROAD",PARKED MOTOR VEHICLE,DIVIDED - W/MEDIAN,STRAIGHT AND LEVEL,DRY,"RUT, HOLES",N,FOLLOWING TOO CLOSELY,BEAT_119,2,4,0,7,42.163627,-87.402246,16,6,Sunday,4,18,Evening_Rush,1,0
2026-04-19 20:47:00,30,CLEAR,"DARKNESS, LIGHTED ROAD",SIDESWIPE SAME DIRECTION,ONE-WAY,STRAIGHT AND LEVEL,DRY,NO DEFECTS,N,FAILING TO YIELD RIGHT-OF-WAY,BEAT_102,2,4,1,7,41.90851,-87.604701,16,6,Sunday,4,20,Night,1,1
2026-04-19 22:52:00,25,CLEAR,DAYLIGHT,REAR END,FOUR WAY INTERSECTION,STRAIGHT AND LEVEL,DRY,SHOULDER DEFECT,Y,IMPROPER OVERTAKING/PASSING,BEAT_113,2,4,0,7,42.07427,-87.476117,16,6,Sunday,4,22,Night,1,0
2026-04-26 03:35:00,30,CLEAR,DAYLIGHT,SIDESWIPE SAME DIRECTION,DIVIDED - W/MEDIAN,STRAIGHT AND LEVEL,DRY,NO DEFECTS,Y,DISREGARDING TRAFFIC SIGNALS,BEAT_103,2,4,1,7,41.924334,-87.592912,17,6,Sunday,4,3,Night,1,1
2026-04-26 04:20:00,35,CLEAR,DARKNESS,TURNING,FOUR WAY INTERSECTION,STRAIGHT AND LEVEL,DRY,NO DEFECTS,Y,DISREGARDING TRAFFIC SIGNALS,BEAT_106,2,4,0,7,41.969871,-87.553376,17,6,Sunday,4,4,Night,1,0
2026-04-26 08:52:00,30,CLEAR,DAYLIGHT,REAR END,DIVIDED - W/MEDIAN,STRAIGHT AND LEVEL,DRY,"RUT, HOLES",Y,DISREGARDING TRAFFIC SIGNALS,BEAT_111,3,4,1,7,42.039333,-87.492849,17,6,Sunday,4,8,Morning_Rush,1,1
2026-04-26 09:12:00,20,CLEAR,DAWN,REAR END,DIVIDED - W/MEDIAN,STRAIGHT AND LEVEL,WET,SHOULDER DEFECT,Y,FAILING TO YIELD RIGHT-OF-WAY,BEAT_112,2,4,0,7,42.055463,-87.489957,17,6,Sunday,4,9,Morning_Rush,1,0
2026-04-26 10:23:00,30,CLEAR,DAYLIGHT,ANGLE,ONE-WAY,STRAIGHT AND LEVEL,DRY,NO DEFECTS,N,FOLLOWING TOO CLOSELY,BEAT_115,2,4,0,7,42.103379,-87.447773,17,6,Sunday,4,10,Midday,1,0
2026-04-26 13:31:00,25,CLEAR,DAYLIGHT,REAR END,NOT DIVIDED,STRAIGHT AND LEVEL,DRY,"RUT, HOLES",N,DRIVING SKILLS/KNOWLEDGE/EXPERIENCE,BEAT_105,2,4,0,7,41.950748,-87.570864,17,6,Sunday,4,13,Midday,1,0
2026-04-26 16:28:00,45,CLEAR,DAYLIGHT,PARKED MOTOR VEHICLE,DIVIDED - W/MEDIAN,STRAIGHT AND LEVEL,DRY,NO DEFECTS,N,IMPROPER OVERTAKING/PASSING,BEAT_112,2,4,0,7,42.064255,-87.485766,17,6,Sunday,4,16,Evening_Rush,1,0
2026-04-26 17:21:00,30,RAIN,DAYLIGHT,TURNING,ONE-WAY,STRAIGHT AND LEVEL,WET,SHOULDER DEFECT,Y,FAILING TO YIELD RIGHT-OF-WAY,BEAT_116,2,4,1,7,42.116217,-87.43509,17,6,Sunday,4,17,Evening_Rush,1,1
2026-04-26 18:52:00,40,CLEAR,DARKNESS,PARKED MOTOR VEHICLE,ONE-WAY,STRAIGHT AND LEVEL,DRY,NO DEFECTS,N,DRIVING SKILLS/KNOWLEDGE/EXPERIENCE,BEAT_104,1,4,2,7,41.943267,-87.581201,17,6,Sunday,4,18,Evening_Rush,1,1
2026-04-26 19:22:00,35,CLEAR,"DARKNESS, LIGHTED ROAD",PARKED MOTOR VEHICLE,FOUR WAY INTERSECTION,STRAIGHT AND LEVEL,DRY,NO DEFECTS,N,FAILING TO YIELD RIGHT-OF-WAY,BEAT_119,2,4,0,7,42.162884,-87.40167,17,6,Sunday,4,19,Evening_Rush,1,0
2026-05-03 00:44:00,35,CLEAR,DARKNESS,ANGLE,DIVIDED - W/MEDIAN,STRAIGHT AND LEVEL,DRY,NO DEFECTS,Y,FOLLOWING TOO CLOSELY,BEAT_106,2,5,0,7,41.96862,-87.561539,18,6,Sunday,5,0,Night,1,0
2026-05-03 05:44:00,25,CLEAR,DAYLIGHT,REAR END,FOUR WAY INTERSECTION,STRAIGHT AND LEVEL,DRY,WORN SURFACE,N,PHYSICAL CONDITION OF DRIVER,BEAT_115,2,5,1,7,42.101324,-87.452758,18,6,Sunday,5,5,Night,1,1
2026-05-03 09:52:00,25,CLEAR,DAYLIGHT,REAR END,DIVIDED - W/MEDIAN,STRAIGHT AND LEVEL,DRY,NO DEFECTS,N,FAILING TO YIELD RIGHT-OF-WAY,BEAT_111,4,5,0,7,42.046444,-87.505035,18,6,Sunday,5,9,Morning_Rush,1,0
2026-05-03 10:41:00,30,CLEAR,"DARKNESS, LIGHTED ROAD",PARKED MOTOR VEHICLE,NOT DIVIDED,STRAIGHT AND LEVEL,WET,NO DEFECTS,Y,DRIVING SKILLS/KNOWLEDGE/EXPERIENCE,BEAT_101,2,5,0,7,41.894909,-87.620352,18,6,Sunday,5,10,Midday,1,0
2026-05-03 14:53:00,25,CLEAR,"DARKNESS, LIGHTED ROAD",ANGLE,DIVIDED - W/MEDIAN,STRAIGHT AND LEVEL,DRY,NO DEFECTS,N,FAILING TO YIELD RIGHT-OF-WAY,BEAT_108,2,5,3,7,41.9969,-87.532288,18,6,Sunday,5,14,Midday,1,1
2026-05-03 15:37:00,25,CLEAR,DAYLIGHT,SIDESWIPE SAME DIRECTION,FOUR WAY INTERSECTION,STRAIGHT AND LEVEL,DRY,"RUT, HOLES",Y,FOLLOWING TOO CLOSELY,BEAT_103,2,5,0,7,41.923884,-87.600514,18,6,Sunday,5,15,Midday,1,0
2026-05-03 17:50:00,30,CLEAR,DAYLIGHT,PEDESTRIAN,NOT DIVIDED,"CURVE, LEVEL",DRY,NO DEFECTS,Y,FAILING TO YIELD RIGHT-OF-WAY,BEAT_105,2,5,0,7,41.955293,-87.569854,18,6,Sunday,5,17,Evening_Rush,1,0
2026-05-03 21:53:00,30,CLEAR,DAYLIGHT,ANGLE,DIVIDED - W/MEDIAN,STRAIGHT AND LEVEL,WET,NO DEFECTS,N,FOLLOWING TOO CLOSELY,BEAT_116,2,5,0,7,42.115656,-87.442331,18,6,Sunday,5,21,Night,1,0
2026-05-03 23:21:00,30,CLEAR,DAYLIGHT,REAR END,ONE-WAY,STRAIGHT AND LEVEL,DRY,NO DEFECTS,N,DISREGARDING TRAFFIC SIGNALS,BEAT_117,2,5,0,7,42.133073,-87.429948,18,6,Sunday,5,23,Night,1,0
2026-05-10 04:00:00,25,CLEAR,"DARKNESS, LIGHTED ROAD",REAR END,FOUR WAY INTERSECTION,STRAIGHT ON GRADE,WET,NO DEFECTS,Y,FOLLOWING TOO CLOSELY,BEAT_104,3,5,0,7,41.940291,-87.581622,19,6,Sunday,5,4,Night,1,0
2026-05-10 08:18:00,30,CLEAR,"DARKNESS, LIGHTED ROAD",SIDESWIPE SAME DIRECTION,FOUR WAY INTERSECTION,STRAIGHT AND LEVEL,DRY,NO DEFECTS,N,FOLLOWING TOO CLOSELY,BEAT_109,1,5,1,7,42.009329,-87.518731,19,6,Sunday,5,8,Morning_Rush,1,1
2026-05-10 08:36:00,30,SNOW,DAYLIGHT,SIDESWIPE SAME DIRECTION,NOT DIVIDED,STRAIGHT AND LEVEL,SNOW OR SLUSH,WORN SURFACE,Y,PHYSICAL CONDITION OF DRIVER,BEAT_117,2,5,0,7,42.132572,-87.423464,19,6,Sunday,5,8,Morning_Rush,1,0
2026-05-10 09:05:00,30,CLEAR,"DARKNESS, LIGHTED ROAD",SIDESWIPE SAME DIRECTION,NOT DIVIDED,STRAIGHT AND LEVEL,WET,NO DEFECTS,Y,FOLLOWING TOO CLOSELY,BEAT_107,2,5,0,7,41.981543,-87.544621,19,6,Sunday,5,9,Morning_Rush,1,0
2026-05-10 12:07:00,35,CLEAR,DAYLIGHT,REAR END,NOT DIVIDED,STRAIGHT AND LEVEL,DRY,NO DEFECTS,N,FAILING TO YIELD RIGHT-OF-WAY,BEAT_107,2,5,0,7,41.980262,-87.53931,19,6,Sunday,5,12,Midday,1,0
2026-05-10 13:16:00,30,CLEAR,DAYLIGHT,REAR END,DIVIDED - W/MEDIAN,STRAIGHT AND LEVEL,DRY,NO DEFECTS,Y,DRIVING SKILLS/KNOWLEDGE/EXPERIENCE,BEAT_101,1,5,0,7,41.89018,-87.615102,19,6,Sunday,5,13,Midday,1,0
2026-05-10 18:15:00,30,CLEAR,DUSK,ANGLE,NOT DIVIDED,STRAIGHT AND LEVEL,DRY,NO DEFECTS,N,DRIVING SKILLS/KNOWLEDGE/EXPERIENCE,BEAT_111,2,5,0,7,42.040764,-87.495868,19,6,Sunday,5,18,Evening_Rush,1,0
2026-05-10 18:26:00,35,CLEAR,DAYLIGHT,REAR END,DIVIDED - W/MEDIAN,STRAIGHT AND LEVEL,DRY,NO DEFECTS,Y,DRIVING SKILLS/KNOWLEDGE/EXPERIENCE,BEAT_110,2,5,0,7,42.035203,-87.509324,19,6,Sunday,5,18,Evening_Rush,1,0
2026-05-10 21:31:00,30,SEVERE RAIN,DAYLIGHT,SIDESWIPE SAME DIRECTION,DIVIDED - W/MEDIAN,STRAIGHT AND LEVEL,WET,NO DEFECTS,N,FAILING TO YIELD RIGHT-OF-WAY,BEAT_117,2,5,0,7,42.133932,-87.422589,19,6,Sunday,5,21,Night,1,0
2026-05-10 21:40:00,25,SNOW,DAYLIGHT,SIDESWIPE SAME DIRECTION,FOUR WAY INTERSECTION,STRAIGHT AND LEVEL,WET,NO DEFECTS,Y,DRIVING SKILLS/KNOWLEDGE/EXPERIENCE,BEAT_112,2,5,0,7,42.058728,-87.488754,19,6,Sunday,5,21,Night,1,0
2026-05-17 01:42:00,30,CLEAR,DAYLIGHT,REAR END,NOT DIVIDED,"CURVE, LEVEL",DRY,NO DEFECTS,Y,PHYSICAL CONDITION OF DRIVER,BEAT_115,2,5,0,7,42.103846,-87.450601,20,6,Sunday,5,1,Night,1,0
2026-05-17 04:57:00,30,CLEAR,DAYLIGHT,REAR END,DIVIDED - W/MEDIAN,STRAIGHT AND LEVEL,DRY,"RUT, HOLES",N,FAILING TO YIELD RIGHT-OF-WAY,BEAT_111,2,5,0,7,42.044932,-87.49877,20,6,Sunday,5,4,Night,1,0
2026-05-17 08:37:00,30,RAIN,"DARKNESS, LIGHTED ROAD",FIXED OBJECT,DIVIDED - W/MEDIAN,STRAIGHT AND LEVEL,ICE,NO DEFECTS,N,FAILING TO YIELD RIGHT-OF-WAY,BEAT_111,2,5,0,7,42.045613,-87.493879,20,6,Sunday,5,8,Morning_Rush,1,0
2026-05-17 09:48:00,25,RAIN,DAYLIGHT,SIDESWIPE SAME DIRECTION,DIVIDED - W/MEDIAN,STRAIGHT AND LEVEL,WET,"RUT, HOLES",N,FOLLOWING TOO CLOSELY,BEAT_110,2,5,2,7,42.025368,-87.507714,20,6,Sunday,5,9,Morning_Rush,1,1
2026-05-17 12:29:00,35,CLEAR,DARKNESS,REAR END,DIVIDED - W/MEDIAN,STRAIGHT AND LEVEL,DRY,NO DEFECTS,N,FOLLOWING TOO CLOSELY,BEAT_116,2,5,0,7,42.117339,-87.436268,20,6,Sunday,5,12,Midday,1,0
2026-05-17 18:38:00,25,CLEAR,"DARKNESS, LIGHTED ROAD",TURNING,NOT DIVIDED,STRAIGHT AND LEVEL,DRY,NO DEFECTS,Y,FOLLOWING TOO CLOSELY,BEAT_117,2,5,0,7,42.127502,-87.425715,20,6,Sunday,5,18,Evening_Rush,1,0
2026-05-17 18:47:00,25,RAIN,DAYLIGHT,REAR END,DIVIDED - W/MEDIAN,STRAIGHT AND LEVEL,WET,NO DEFECTS,Y,FAILING TO YIELD RIGHT-OF-WAY,BEAT_116,2,5,1,7,42.11711,-87.438443,20,6,Sunday,5,18,Evening_Rush,1,1
2026-05-17 19:07:00,20,CLEAR,"DARKNESS, LIGHTED ROAD",TURNING,DIVIDED - W/MEDIAN,STRAIGHT AND LEVEL,DRY,"RUT, HOLES",N,IMPROPER OVERTAKING/PASSING,BEAT_109,2,5,0,7,42.015503,-87.519964,20,6,Sunday,5,19,Evening_Rush,1,0
2026-05-24 00:15:00,25,SEVERE RAIN,DAWN,REAR END,NOT DIVIDED,"CURVE, LEVEL",WET,NO DEFECTS,N,IMPROPER OVERTAKING/PASSING,BEAT_105,2,5,0,7,41.954387,-87.57195,21,6,Sunday,5,0,Night,1,0
2026-05-24 00:38:00,25,RAIN,DAYLIGHT,REAR END,NOT DIVIDED,STRAIGHT AND LEVEL,WET,NO DEFECTS,Y,PHYSICAL CONDITION OF DRIVER,BEAT_114,3,5,0,7,42.086122,-87.457452,21,6,Sunday,5,0,Night,1,0
2026-05-24 02:33:00,30,SNOW,"DARKNESS, LIGHTED ROAD",PARKED MOTOR VEHICLE,NOT DIVIDED,STRAIGHT AND LEVEL,WET,NO DEFECTS,Y,FAILING TO YIELD RIGHT-OF-WAY,BEAT_108,2,5,1,7,41.9946,-87.531515,21,6,Sunday,5,2,Night,1,1
2026-05-24 07:24:00,20,SNOW,DAYLIGHT,TURNING,ONE-WAY,STRAIGHT AND LEVEL,WET,NO DEFECTS,Y,FAILING TO YIELD RIGHT-OF-WAY,BEAT_120,2,5,1,7,42.178703,-87.389498,21,6,Sunday,5,7,Morning_Rush,1,1
2026-05-24 08:46:00,25,RAIN,"DARKNESS, LIGHTED ROAD",TURNING,ONE-WAY,CURVE ON GRADE,WET,NO DEFECTS,Y,DRIVING SKILLS/KNOWLEDGE/EXPERIENCE,BEAT_114,2,5,0,7,42.089554,-87.460998,21,6,Sunday,5,8,Morning_Rush,1,0
2026-05-24 08:51:00,50,CLEAR,"DARKNESS, LIGHTED ROAD",SIDESWIPE SAME DIRECTION,T-INTERSECTION,STRAIGHT AND LEVEL,DRY,NO DEFECTS,Y,FOLLOWING TOO CLOSELY,BEAT_116,2,5,0,7,42.114747,-87.441074,21,6,Sunday,5,8,Morning_Rush,1,0
2026-05-24 12:06:00,30,CLEAR,DAYLIGHT,TURNING,ONE-WAY,STRAIGHT AND LEVEL,DRY,NO DEFECTS,Y,FOLLOWING TOO CLOSELY,BEAT_115,2,5,2,7,42.103935,-87.449333,21,6,Sunday,5,12,Midday,1,1
2026-05-24 13:34:00,30,CLEAR,"DARKNESS, LIGHTED ROAD",PARKED MOTOR VEHICLE,NOT DIVIDED,STRAIGHT AND LEVEL,DRY,NO DEFECTS,N,WEATHER,BEAT_102,2,5,0,7,41.906738,-87.603049,21,6,Sunday,5,13,Midday,1,0
2026-05-24 18:05:00,25,CLEAR,DAYLIGHT,PARKED MOTOR VEHICLE,FOUR WAY INTERSECTION,STRAIGHT AND LEVEL,DRY,NO DEFECTS,Y,FAILING TO YIELD RIGHT-OF-WAY,BEAT_106,2,5,1,7,41.967853,-87.562503,21,6,Sunday,5,18,Evening_Rush,1,1
2026-05-24 22:54:00,25,SNOW,DARKNESS,FIXED OBJECT,NOT DIVIDED,STRAIGHT AND LEVEL,WET,NO DEFECTS,N,IMPROPER OVERTAKING/PASSING,BEAT_108,1,5,0,7,42.001467,-87.531094,21,6,Sunday,5,22,Night,1,0
2026-05-24 23:08:00,25,CLEAR,"DARKNESS, LIGHTED ROAD",SIDESWIPE SAME DIRECTION,T-INTERSECTION,STRAIGHT ON GRADE,DRY,NO DEFECTS,Y,DISREGARDING TRAFFIC SIGNALS,BEAT_104,2,5,0,7,41.941249,-87.584142,21,6,Sunday,5,23,Night,1,0
2026-05-31 03:48:00,35,CLEAR,DAYLIGHT,SIDESWIPE SAME DIRECTION,DIVIDED - W/MEDIAN,STRAIGHT AND LEVEL,DRY,NO DEFECTS,N,FOLLOWING TOO CLOSELY,BEAT_107,2,5,1,7,41.981067,-87.544736,22,6,Sunday,5,3,Night,1,1
2026-05-31 13:21:00,25,SEVERE RAIN,DAYLIGHT,SIDESWIPE SAME DIRECTION,DIVIDED - W/MEDIAN,STRAIGHT AND LEVEL,WET,NO DEFECTS,N,FAILING TO YIELD RIGHT-OF-WAY,BEAT_104,2,5,0,7,41.932656,-87.579523,22,6,Sunday,5,13,Midday,1,0
2026-05-31 13:32:00,25,SNOW,"DARKNESS, LIGHTED ROAD",FIXED OBJECT,FOUR WAY INTERSECTION,"CURVE, LEVEL",WET,NO DEFECTS,N,WEATHER,BEAT_107,2,5,0,7,41.989515,-87.541846,22,6,Sunday,5,13,Midday,1,0
2026-05-31 15:35:00,25,SNOW,DAYLIGHT,REAR END,NOT DIVIDED,STRAIGHT AND LEVEL,WET,NO DEFECTS,N,WEATHER,BEAT_109,2,5,0,7,42.010712,-87.525351,22,6,Sunday,5,15,Midday,1,0
2026-05-31 17:18:00,20,CLEAR,"DARKNESS, LIGHTED ROAD",PARKED MOTOR VEHICLE,NOT DIVIDED,STRAIGHT AND LEVEL,DRY,WORN SURFACE,N,DISREGARDING TRAFFIC SIGNALS,BEAT_117,2,5,0,7,42.135304,-87.422319,22,6,Sunday,5,17,Evening_Rush,1,0
2026-05-31 18:48:00,35,CLEAR,DUSK,SIDESWIPE SAME DIRECTION,DIVIDED - W/MEDIAN,STRAIGHT AND LEVEL,DRY,"RUT, HOLES",N,FAILING TO YIELD RIGHT-OF-WAY,BEAT_113,2,5,0,7,42.065192,-87.476468,22,6,Sunday,5,18,Evening_Rush,1,0
2026-05-31 20:57:00,30,CLEAR,"DARKNESS, LIGHTED ROAD",TURNING,FOUR WAY INTERSECTION,STRAIGHT AND LEVEL,DRY,NO DEFECTS,N,IMPROPER OVERTAKING/PASSING,BEAT_102,2,5,0,7,41.908919,-87.598793,22,6,Sunday,5,20,Night,1,0
2026-05-31 21:20:00,55,CLEAR,DAYLIGHT,REAR END,FOUR WAY INTERSECTION,STRAIGHT AND LEVEL,DRY,NO DEFECTS,N,DRIVING SKILLS/KNOWLEDGE/EXPERIENCE,BEAT_111,2,5,2,7,42.046725,-87.497311,22,6,Sunday,5,21,Night,1,1
2026-05-31 21:54:00,25,SNOW,DAYLIGHT,SIDESWIPE SAME DIRECTION,ALLEY,STRAIGHT AND LEVEL,WET,NO DEFECTS,N,DRIVING SKILLS/KNOWLEDGE/EXPERIENCE,BEAT_102,2,5,0,7,41.910726,-87.606731,22,6,Sunday,5,21,Night,1,0
2026-05-31 22:25:00,30,CLEAR,DAYLIGHT,REAR END,DIVIDED - W/MEDIAN,STRAIGHT AND LEVEL,DRY,NO DEFECTS,N,FOLLOWING TOO CLOSELY,BEAT_112,2,5,1,7,42.052462,-87.483802,22,6,Sunday,5,22,Night,1,1
2026-05-31 22:56:00,25,SNOW,DAYLIGHT,TURNING,DIVIDED - W/MEDIAN,STRAIGHT AND LEVEL,WET,NO DEFECTS,Y,IMPROPER OVERTAKING/PASSING,BEAT_118,2,5,0,7,42.150134,-87.413115,22,6,Sunday,5,22,Night,1,0
2026-05-31 23:03:00,25,CLEAR,DARKNESS,REAR END,DIVIDED - W/MEDIAN,STRAIGHT AND LEVEL,WET,NO DEFECTS,Y,FAILING TO YIELD RIGHT-OF-WAY,BEAT_111,2,5,0,7,42.044061,-87.497454,22,6,Sunday,5,23,Night,1,0
2026-06-07 01:32:00,30,CLEAR,"DARKNESS, LIGHTED ROAD",SIDESWIPE SAME DIRECTION,ONE-WAY,STRAIGHT AND LEVEL,DRY,"RUT, HOLES",N,FOLLOWING TOO CLOSELY,BEAT_113,2,6,1,7,42.076787,-87.473188,23,6,Sunday,6,1,Night,1,1
2026-06-07 03:47:00,45,SNOW,DAYLIGHT,PEDESTRIAN,NOT DIVIDED,STRAIGHT AND LEVEL,WET,"RUT, HOLES",Y,DRIVING SKILLS/KNOWLEDGE/EXPERIENCE,BEAT_116,2,6,1,7,42.122955,-87.438753,23,6,Sunday,6,3,Night,1,1
2026-06-07 08:49:00,35,CLEAR,DAYLIGHT,SIDESWIPE SAME DIRECTION,ONE-WAY,STRAIGHT AND LEVEL,DRY,NO DEFECTS,Y,DRIVING SKILLS/KNOWLEDGE/EXPERIENCE,BEAT_106,2,6,0,7,41.96829,-87.559356,23,6,Sunday,6,8,Morning_Rush,1,0
2026-06-07 09:10:00,35,CLEAR,DAYLIGHT,REAR END,NOT DIVIDED,STRAIGHT AND LEVEL,DRY,NO DEFECTS,Y,FOLLOWING TOO CLOSELY,BEAT_101,2,6,1,7,41.894467,-87.619584,23,6,Sunday,6,9,Morning_Rush,1,1
2026-06-07 09:20:00,45,CLEAR,DAYLIGHT,SIDESWIPE SAME DIRECTION,DIVIDED - W/MEDIAN,STRAIGHT AND LEVEL,DRY,NO DEFECTS,N,PHYSICAL CONDITION OF DRIVER,BEAT_101,1,6,0,7,41.895612,-87.618532,23,6,Sunday,6,9,Morning_Rush,1,0
2026-06-07 11:50:00,25,CLEAR,"DARKNESS, LIGHTED ROAD",FIXED OBJECT,FOUR WAY INTERSECTION,STRAIGHT AND LEVEL,DRY,NO DEFECTS,Y,DISREGARDING TRAFFIC SIGNALS,BEAT_116,2,6,0,7,42.117619,-87.440047,23,6,Sunday,6,11,Midday,1,0
2026-06-07 13:10:00,25,CLEAR,"DARKNESS, LIGHTED ROAD",ANGLE,ONE-WAY,STRAIGHT AND LEVEL,DRY,NO DEFECTS,Y,WEATHER,BEAT_117,2,6,0,7,42.134634,-87.432222,23,6,Sunday,6,13,Midday,1,0
2026-06-07 13:52:00,45,FOG/SMOKE/HAZE,DUSK,REAR END,FOUR WAY INTERSECTION,STRAIGHT AND LEVEL,WET,"RUT, HOLES",Y,DRIVING SKILLS/KNOWLEDGE/EXPERIENCE,BEAT_106,2,6,0,7,41.967728,-87.555579,23,6,Sunday,6,13,Midday,1,0
2026-06-07 16:43:00,30,CLEAR,DAYLIGHT,SIDESWIPE SAME DIRECTION,FOUR WAY INTERSECTION,STRAIGHT AND LEVEL,DRY,NO DEFECTS,N,DISREGARDING TRAFFIC SIGNALS,BEAT_108,3,6,1,7,42.000448,-87.537114,23,6,Sunday,6,16,Evening_Rush,1,1
2026-06-07 16:58:00,30,RAIN,DAYLIGHT,ANGLE,DIVIDED - W/MEDIAN,STRAIGHT ON GRADE,WET,NO DEFECTS,Y,DRIVING SKILLS/KNOWLEDGE/EXPERIENCE,BEAT_110,2,6,0,7,42.033788,-87.510172,23,6,Sunday,6,16,Evening_Rush,1,0
2026-06-07 23:44:00,25,CLEAR,DAYLIGHT,REAR END,NOT DIVIDED,STRAIGHT AND LEVEL,DRY,NO DEFECTS,N,DRIVING SKILLS/KNOWLEDGE/EXPERIENCE,BEAT_104,3,6,0,7,41.935747,-87.581192,23,6,Sunday,6,23,Night,1,0
2026-06-14 00:41:00,25,CLEAR,DAYLIGHT,SIDESWIPE SAME DIRECTION,DIVIDED - W/MEDIAN,STRAIGHT AND LEVEL,SNOW OR SLUSH,NO DEFECTS,Y,FAILING TO YIELD RIGHT-OF-WAY,BEAT_117,2,6,0,7,42.13282,-87.424446,24,6,Sunday,6,0,Night,1,0
2026-06-14 00:56:00,25,CLEAR,DAWN,TURNING,DIVIDED - W/MEDIAN,"CURVE, LEVEL",DRY,NO DEFECTS,N,DRIVING SKILLS/KNOWLEDGE/EXPERIENCE,BEAT_111,2,6,0,7,42.044928,-87.49794,24,6,Sunday,6,0,Night,1,0
2026-06-14 01:35:00,30,CLEAR,DAYLIGHT,REAR END,DIVIDED - W/MEDIAN,STRAIGHT ON GRADE,DRY,WORN SURFACE,Y,FOLLOWING TOO CLOSELY,BEAT_112,2,6,0,7,42.060688,-87.484739,24,6,Sunday,6,1,Night,1,0
2026-06-14 04:04:00,40,RAIN,DARKNESS,ANGLE,NOT DIVIDED,STRAIGHT ON GRADE,WET,NO DEFECTS,Y,FOLLOWING TOO CLOSELY,BEAT_114,2,6,0,7,42.089622,-87.459972,24,6,Sunday,6,4,Night,1,0
2026-06-14 04:43:00,25,CLEAR,DARKNESS,REAR END,ONE-WAY,STRAIGHT AND LEVEL,DRY,NO DEFECTS,N,DISREGARDING TRAFFIC SIGNALS,BEAT_118,1,6,0,7,42.141524,-87.41658,24,6,Sunday,6,4,Night,1,0
2026-06-14 12:14:00,30,CLEAR,DAYLIGHT,REAR END,ONE-WAY,STRAIGHT AND LEVEL,SNOW OR SLUSH,NO DEFECTS,Y,FAILING TO YIELD RIGHT-OF-WAY,BEAT_104,2,6,1,7,41.936358,-87.579761,24,6,Sunday,6,12,Midday,1,1
2026-06-14 18:21:00,25,CLEAR,"DARKNESS, LIGHTED ROAD",ANGLE,NOT DIVIDED,STRAIGHT AND LEVEL,DRY,NO DEFECTS,Y,FOLLOWING TOO CLOSELY,BEAT_113,2,6,0,7,42.077119,-87.474061,24,6,Sunday,6,18,Evening_Rush,1,0
2026-06-14 22:55:00,45,CLEAR,"DARKNESS, LIGHTED ROAD",REAR END,ONE-WAY,"CURVE, LEVEL",DRY,NO DEFECTS,N,FOLLOWING TOO CLOSELY,BEAT_113,2,6,0,7,42.078704,-87.473812,24,6,Sunday,6,22,Night,1,0
2026-06-21 00:01:00,25,SNOW,DAYLIGHT,REAR END,NOT DIVIDED,STRAIGHT AND LEVEL,WET,NO DEFECTS,Y,DRIVING SKILLS/KNOWLEDGE/EXPERIENCE,BEAT_118,2,6,0,7,42.147622,-87.412323,25,6,Sunday,6,0,Night,1,0
2026-06-21 04:06:00,25,CLEAR,"DARKNESS, LIGHTED ROAD",FIXED OBJECT,DIVIDED - W/MEDIAN,STRAIGHT AND LEVEL,SNOW OR SLUSH,NO DEFECTS,N,DRIVING SKILLS/KNOWLEDGE/EXPERIENCE,BEAT_108,2,6,0,7,41.993379,-87.533556,25,6,Sunday,6,4,Night,1,0
2026-06-21 05:12:00,40,CLEAR,DAYLIGHT,SIDESWIPE SAME DIRECTION,DIVIDED - W/MEDIAN,STRAIGHT AND LEVEL,ICE,NO DEFECTS,N,FOLLOWING TOO CLOSELY,BEAT_101,2,6,0,7,41.896939,-87.611773,25,6,Sunday,6,5,Night,1,0
2026-06-21 05:48:00,25,CLEAR,DAYLIGHT,TURNING,DIVIDED - W/MEDIAN,STRAIGHT AND LEVEL,DRY,NO DEFECTS,Y,FOLLOWING TOO CLOSELY,BEAT_111,3,6,0,7,42.04639,-87.499824,25,6,Sunday,6,5,Night,1,0
2026-06-21 06:43:00,30,RAIN,DAYLIGHT,TURNING,NOT DIVIDED,STRAIGHT AND LEVEL,WET,NO DEFECTS,N,DRIVING SKILLS/KNOWLEDGE/EXPERIENCE,BEAT_103,2,6,2,7,41.923486,-87.593436,25,6,Sunday,6,6,Morning_Rush,1,1
2026-06-21 07:02:00,55,CLEAR,DAYLIGHT,ANGLE,FOUR WAY INTERSECTION,STRAIGHT AND LEVEL,WET,NO DEFECTS,Y,FAILING TO YIELD RIGHT-OF-WAY,BEAT_113,2,6,1,7,42.068919,-87.473248,25,6,Sunday,6,7,Morning_Rush,1,1
2026-06-21 15:53:00,30,CLEAR,DAYLIGHT,ANGLE,DIVIDED - W/MEDIAN,STRAIGHT AND LEVEL,DRY,NO DEFECTS,N,FAILING TO YIELD RIGHT-OF-WAY,BEAT_110,2,6,0,7,42.031017,-87.507182,25,6,Sunday,6,15,Midday,1,0
2026-06-21 18:04:00,25,RAIN,DAYLIGHT,ANGLE,NOT DIVIDED,STRAIGHT AND LEVEL,SNOW OR SLUSH,NO DEFECTS,N,DRIVING SKILLS/KNOWLEDGE/EXPERIENCE,BEAT_112,2,6,1,7,42.0544,-87.485943,25,6,Sunday,6,18,Evening_Rush,1,1
2026-06-21 19:43:00,25,SNOW,"DARKNESS, LIGHTED ROAD",REAR END,NOT DIVIDED,STRAIGHT AND LEVEL,WET,NO DEFECTS,Y,FAILING TO YIELD RIGHT-OF-WAY,BEAT_106,2,6,0,7,41.973333,-87.555809,25,6,Sunday,6,19,Evening_Rush,1,0
2026-06-21 22:26:00,30,SEVERE RAIN,DAYLIGHT,REAR END,FOUR WAY INTERSECTION,STRAIGHT AND LEVEL,SNOW OR SLUSH,NO DEFECTS,Y,FAILING TO YIELD RIGHT-OF-WAY,BEAT_118,4,6,0,7,42.152415,-87.414717,25,6,Sunday,6,22,Night,1,0
2026-06-21 23:25:00,40,RAIN,DAYLIGHT,TURNING,NOT DIVIDED,STRAIGHT AND LEVEL,WET,"RUT, HOLES",N,FAILING TO YIELD RIGHT-OF-WAY,BEAT_117,1,6,0,7,42.131573,-87.419439,25,6,Sunday,6,23,Night,1,0
2026-06-28 00:21:00,45,CLEAR,DAYLIGHT,PEDESTRIAN,DIVIDED - W/MEDIAN,STRAIGHT AND LEVEL,DRY,NO DEFECTS,Y,WEATHER,BEAT_115,1,6,0,7,42.105442,-87.452164,26,6,Sunday,6,0,Night,1,0
2026-06-28 02:16:00,25,CLEAR,DAYLIGHT,PEDESTRIAN,DIVIDED - W/MEDIAN,STRAIGHT AND LEVEL,WET,NO DEFECTS,N,DRIVING SKILLS/KNOWLEDGE/EXPERIENCE,BEAT_114,2,6,0,7,42.087438,-87.464998,26,6,Sunday,6,2,Night,1,0
2026-06-28 08:28:00,20,CLEAR,DAYLIGHT,SIDESWIPE SAME DIRECTION,NOT DIVIDED,STRAIGHT AND LEVEL,DRY,NO DEFECTS,Y,FAILING TO YIELD RIGHT-OF-WAY,BEAT_108,2,6,0,7,41.9949,-87.533091,26,6,Sunday,6,8,Morning_Rush,1,0
2026-06-28 10:00:00,25,RAIN,DAYLIGHT,ANGLE,NOT DIVIDED,STRAIGHT AND LEVEL,WET,NO DEFECTS,Y,FOLLOWING TOO CLOSELY,BEAT_109,4,6,0,7,42.011116,-87.522617,26,6,Sunday,6,10,Midday,1,0
2026-06-28 14:08:00,25,CLEAR,DAYLIGHT,PEDESTRIAN,NOT DIVIDED,STRAIGHT AND LEVEL,DRY,NO DEFECTS,N,DRIVING SKILLS/KNOWLEDGE/EXPERIENCE,BEAT_114,2,6,0,7,42.088812,-87.458751,26,6,Sunday,6,14,Midday,1,0
2026-06-28 15:16:00,25,SNOW,DAYLIGHT,REAR END,ONE-WAY,STRAIGHT AND LEVEL,WET,NO DEFECTS,N,FOLLOWING TOO CLOSELY,BEAT_113,4,6,0,7,42.073895,-87.472239,26,6,Sunday,6,15,Midday,1,0
2026-06-28 20:48:00,20,CLEAR,"DARKNESS, LIGHTED ROAD",REAR END,ONE-WAY,STRAIGHT AND LEVEL,SNOW OR SLUSH,NO DEFECTS,N,FOLLOWING TOO CLOSELY,BEAT_104,2,6,2,7,41.939362,-87.585817,26,6,Sunday,6,20,Night,1,1
2026-06-28 21:04:00,40,CLEAR,"DARKNESS, LIGHTED ROAD",PARKED MOTOR VEHICLE,DIVIDED - W/MEDIAN,STRAIGHT AND LEVEL,DRY,NO DEFECTS,N,DRIVING SKILLS/KNOWLEDGE/EXPERIENCE,BEAT_113,2,6,0,7,42.074482,-87.478367,26,6,Sunday,6,21,Night,1,0
2026-06-28 21:41:00,20,RAIN,DARKNESS,PARKED MOTOR VEHICLE,NOT DIVIDED,STRAIGHT AND LEVEL,SNOW OR SLUSH,"RUT, HOLES",N,WEATHER,BEAT_108,2,6,1,7,41.999808,-87.533749,26,6,Sunday,6,21,Night,1,1
2026-06-28 23:34:00,35,CLEAR,"DARKNESS, LIGHTED ROAD",ANGLE,NOT DIVIDED,STRAIGHT AND LEVEL,DRY,NO DEFECTS,N,DRIVING SKILLS/KNOWLEDGE/EXPERIENCE,BEAT_108,2,6,0,7,41.996363,-87.530923,26,6,Sunday,6,23,Night,1,0
2026-07-05 01:27:00,25,CLEAR,DAYLIGHT,REAR END,FOUR WAY INTERSECTION,STRAIGHT AND LEVEL,WET,NO DEFECTS,Y,FOLLOWING TOO CLOSELY,BEAT_110,1,7,1,7,42.029056,-87.504064,27,6,Sunday,7,1,Night,1,1
2026-07-05 03:02:00,50,CLEAR,DAYLIGHT,REAR END,NOT DIVIDED,STRAIGHT AND LEVEL,WET,NO DEFECTS,Y,DRIVING SKILLS/KNOWLEDGE/EXPERIENCE,BEAT_101,2,7,1,7,41.891008,-87.618175,27,6,Sunday,7,3,Night,1,1
2026-07-05 03:07:00,25,CLEAR,DAYLIGHT,ANGLE,DIVIDED - W/MEDIAN,STRAIGHT AND LEVEL,DRY,NO DEFECTS,Y,FAILING TO YIELD RIGHT-OF-WAY,BEAT_119,2,7,0,7,42.160551,-87.405182,27,6,Sunday,7,3,Night,1,0
2026-07-05 05:21:00,30,CLEAR,DAYLIGHT,REAR END,DIVIDED - W/MEDIAN,STRAIGHT AND LEVEL,DRY,NO DEFECTS,Y,FAILING TO YIELD RIGHT-OF-WAY,BEAT_113,2,7,0,7,42.07312,-87.473406,27,6,Sunday,7,5,Night,1,0
2026-07-05 05:49:00,30,SEVERE RAIN,DAYLIGHT,SIDESWIPE SAME DIRECTION,DIVIDED - W/MEDIAN,STRAIGHT AND LEVEL,WET,NO DEFECTS,N,DRIVING SKILLS/KNOWLEDGE/EXPERIENCE,BEAT_117,2,7,0,7,42.130931,-87.426629,27,6,Sunday,7,5,Night,1,0
2026-07-05 08:18:00,35,CLEAR,DAWN,REAR END,ONE-WAY,STRAIGHT AND LEVEL,DRY,NO DEFECTS,N,FAILING TO YIELD RIGHT-OF-WAY,BEAT_107,2,7,0,7,41.984783,-87.548638,27,6,Sunday,7,8,Morning_Rush,1,0
2026-07-05 09:41:00,20,CLEAR,"DARKNESS, LIGHTED ROAD",REAR END,NOT DIVIDED,STRAIGHT AND LEVEL,DRY,NO DEFECTS,Y,WEATHER,BEAT_104,2,7,0,7,41.934963,-87.580658,27,6,Sunday,7,9,Morning_Rush,1,0
2026-07-05 11:03:00,20,CLEAR,DAYLIGHT,TURNING,FOUR WAY INTERSECTION,STRAIGHT AND LEVEL,DRY,WORN SURFACE,Y,DRIVING SKILLS/KNOWLEDGE/EXPERIENCE,BEAT_117,2,7,0,7,42.132059,-87.421425,27,6,Sunday,7,11,Midday,1,0
2026-07-05 12:54:00,30,CLEAR,DAYLIGHT,REAR END,FOUR WAY INTERSECTION,STRAIGHT AND LEVEL,DRY,NO DEFECTS,Y,WEATHER,BEAT_105,2,7,0,7,41.956804,-87.571009,27,6,Sunday,7,12,Midday,1,0
2026-07-12 00:53:00,40,SEVERE RAIN,DAYLIGHT,SIDESWIPE SAME DIRECTION,FOUR WAY INTERSECTION,STRAIGHT AND LEVEL,WET,WORN SURFACE,N,IMPROPER OVERTAKING/PASSING,BEAT_107,3,7,0,7,41.978283,-87.54195,28,6,Sunday,7,0,Night,1,0
2026-07-12 01:06:00,25,CLEAR,DAYLIGHT,REAR END,NOT DIVIDED,STRAIGHT AND LEVEL,DRY,NO DEFECTS,Y,FOLLOWING TOO CLOSELY,BEAT_117,2,7,0,7,42.13438,-87.422163,28,6,Sunday,7,1,Night,1,0
2026-07-12 04:56:00,25,CLEAR,"DARKNESS, LIGHTED ROAD",ANGLE,NOT DIVIDED,STRAIGHT AND LEVEL,DRY,NO DEFECTS,Y,WEATHER,BEAT_106,3,7,0,7,41.975616,-87.559155,28,6,Sunday,7,4,Night,1,0
2026-07-12 05:25:00,25,CLEAR,DAYLIGHT,SIDESWIPE SAME DIRECTION,FOUR WAY INTERSECTION,STRAIGHT AND LEVEL,DRY,NO DEFECTS,Y,IMPROPER OVERTAKING/PASSING,BEAT_106,2,7,1,7,41.96574,-87.559361,28,6,Sunday,7,5,Night,1,1
2026-07-12 07:31:00,30,CLEAR,"DARKNESS, LIGHTED ROAD",REAR END,DIVIDED - W/MEDIAN,STRAIGHT AND LEVEL,DRY,NO DEFECTS,N,FAILING TO YIELD RIGHT-OF-WAY,BEAT_120,3,7,0,7,42.172368,-87.390528,28,6,Sunday,7,7,Morning_Rush,1,0
2026-07-12 09:40:00,30,CLEAR,DAWN,REAR END,ONE-WAY,STRAIGHT ON GRADE,DRY,NO DEFECTS,N,IMPROPER OVERTAKING/PASSING,BEAT_120,3,7,0,7,42.179696,-87.386152,28,6,Sunday,7,9,Morning_Rush,1,0
2026-07-12 11:37:00,25,CLEAR,DAYLIGHT,REAR END,DIVIDED - W/MEDIAN,STRAIGHT AND LEVEL,DRY,NO DEFECTS,Y,FOLLOWING TOO CLOSELY,BEAT_120,1,7,0,7,42.177351,-87.390432,28,6,Sunday,7,11,Midday,1,0
2026-07-12 14:25:00,45,RAIN,DAYLIGHT,REAR END,T-INTERSECTION,STRAIGHT AND LEVEL,WET,"RUT, HOLES",Y,FAILING TO YIELD RIGHT-OF-WAY,BEAT_103,3,7,1,7,41.923275,-87.591055,28,6,Sunday,7,14,Midday,1,1
2026-07-12 16:20:00,35,CLEAR,DUSK,ANGLE,NOT DIVIDED,STRAIGHT AND LEVEL,DRY,NO DEFECTS,N,PHYSICAL CONDITION OF DRIVER,BEAT_113,2,7,0,7,42.070379,-87.477713,28,6,Sunday,7,16,Evening_Rush,1,0
2026-07-12 16:32:00,45,CLEAR,DARKNESS,REAR END,ONE-WAY,STRAIGHT AND LEVEL,SNOW OR SLUSH,WORN SURFACE,Y,DRIVING SKILLS/KNOWLEDGE/EXPERIENCE,BEAT_110,2,7,0,7,42.028186,-87.506576,28,6,Sunday,7,16,Evening_Rush,1,0
2026-07-12 18:05:00,30,CLEAR,DAYLIGHT,PARKED MOTOR VEHICLE,DIVIDED - W/MEDIAN,STRAIGHT ON GRADE,WET,NO DEFECTS,Y,FAILING TO YIELD RIGHT-OF-WAY,BEAT_111,2,7,0,7,42.046084,-87.497804,28,6,Sunday,7,18,Evening_Rush,1,0
2026-07-12 20:46:00,40,CLEAR,DAYLIGHT,ANGLE,DIVIDED - W/MEDIAN,STRAIGHT AND LEVEL,DRY,NO DEFECTS,N,WEATHER,BEAT_101,2,7,0,7,41.898129,-87.620637,28,6,Sunday,7,20,Night,1,0
2026-07-12 23:02:00,25,CLEAR,"DARKNESS, LIGHTED ROAD",REAR END,NOT DIVIDED,STRAIGHT AND LEVEL,DRY,NO DEFECTS,N,DRIVING SKILLS/KNOWLEDGE/EXPERIENCE,BEAT_117,2,7,0,7,42.131988,-87.42739,28,6,Sunday,7,23,Night,1,0
2026-07-19 00:04:00,45,SEVERE RAIN,DARKNESS,REAR END,ALLEY,STRAIGHT AND LEVEL,WET,NO DEFECTS,Y,WEATHER,BEAT_111,1,7,0,7,42.042911,-87.500548,29,6,Sunday,7,0,Night,1,0
2026-07-19 00:40:00,20,RAIN,DAYLIGHT,SIDESWIPE SAME DIRECTION,ONE-WAY,STRAIGHT AND LEVEL,WET,"RUT, HOLES",N,PHYSICAL CONDITION OF DRIVER,BEAT_118,2,7,0,7,42.142931,-87.412511,29,6,Sunday,7,0,Night,1,0
2026-07-19 01:10:00,30,CLEAR,DAYLIGHT,REAR END,ONE-WAY,STRAIGHT AND LEVEL,DRY,NO DEFECTS,N,FAILING TO YIELD RIGHT-OF-WAY,BEAT_114,2,7,0,7,42.095712,-87.465996,29,6,Sunday,7,1,Night,1,0
2026-07-19 03:07:00,30,FOG/SMOKE/HAZE,DARKNESS,PEDESTRIAN,DIVIDED - W/MEDIAN,STRAIGHT AND LEVEL,WET,NO DEFECTS,N,WEATHER,BEAT_110,2,7,1,7,42.026501,-87.512139,29,6,Sunday,7,3,Night,1,1
2026-07-19 04:00:00,20,RAIN,DAYLIGHT,SIDESWIPE SAME DIRECTION,NOT DIVIDED,STRAIGHT AND LEVEL,WET,NO DEFECTS,Y,DRIVING SKILLS/KNOWLEDGE/EXPERIENCE,BEAT_103,3,7,0,7,41.927607,-87.594544,29,6,Sunday,7,4,Night,1,0
2026-07-19 06:07:00,55,CLEAR,DAYLIGHT,ANGLE,DIVIDED - W/MEDIAN,STRAIGHT AND LEVEL,DRY,"RUT, HOLES",N,IMPROPER OVERTAKING/PASSING,BEAT_115,3,7,0,7,42.108065,-87.450457,29,6,Sunday,7,6,Morning_Rush,1,0
2026-07-19 09:06:00,25,CLEAR,DAYLIGHT,PARKED MOTOR VEHICLE,ONE-WAY,STRAIGHT AND LEVEL,DRY,NO DEFECTS,Y,DRIVING SKILLS/KNOWLEDGE/EXPERIENCE,BEAT_119,2,7,1,7,42.15955,-87.400988,29,6,Sunday,7,9,Morning_Rush,1,1
2026-07-19 09:43:00,35,CLEAR,DAYLIGHT,REAR END,DIVIDED - W/MEDIAN,"CURVE, LEVEL",DRY,NO DEFECTS,N,DRIVING SKILLS/KNOWLEDGE/EXPERIENCE,BEAT_112,2,7,0,7,42.058241,-87.4843,29,6,Sunday,7,9,Morning_Rush,1,0
2026-07-19 11:18:00,50,CLEAR,"DARKNESS, LIGHTED ROAD",ANGLE,NOT DIVIDED,STRAIGHT AND LEVEL,WET,NO DEFECTS,N,FOLLOWING TOO CLOSELY,BEAT_118,2,7,3,7,42.147847,-87.410972,29,6,Sunday,7,11,Midday,1,1
2026-07-19 13:11:00,40,CLEAR,"DARKNESS, LIGHTED ROAD",SIDESWIPE SAME DIRECTION,NOT DIVIDED,STRAIGHT AND LEVEL,WET,NO DEFECTS,N,FOLLOWING TOO CLOSELY,BEAT_111,1,7,0,7,42.043255,-87.493677,29,6,Sunday,7,13,Midday,1,0
2026-07-19 14:50:00,25,CLEAR,DAYLIGHT,REAR END,FOUR WAY INTERSECTION,STRAIGHT AND LEVEL,DRY,NO DEFECTS,N,FOLLOWING TOO CLOSELY,BEAT_109,2,7,1,7,42.013483,-87.519076,29,6,Sunday,7,14,Midday,1,1
2026-07-19 15:52:00,25,CLEAR,"DARKNESS, LIGHTED ROAD",ANGLE,FOUR WAY INTERSECTION,STRAIGHT AND LEVEL,DRY,NO DEFECTS,N,PHYSICAL CONDITION OF DRIVER,BEAT_103,3,7,0,7,41.921921,-87.593729,29,6,Sunday,7,15,Midday,1,0
2026-07-19 16:14:00,25,CLEAR,DAYLIGHT,PARKED MOTOR VEHICLE,T-INTERSECTION,STRAIGHT ON GRADE,DRY,NO DEFECTS,Y,FAILING TO YIELD RIGHT-OF-WAY,BEAT_120,3,7,0,7,42.180045,-87.393091,29,6,Sunday,7,16,Evening_Rush,1,0
2026-07-19 17:57:00,20,RAIN,"DARKNESS, LIGHTED ROAD",REAR END,NOT DIVIDED,STRAIGHT ON GRADE,WET,NO DEFECTS,N,PHYSICAL CONDITION OF DRIVER,BEAT_109,2,7,2,7,42.01348,-87.521419,29,6,Sunday,7,17,Evening_Rush,1,1
2026-07-19 19:05:00,25,RAIN,DAYLIGHT,SIDESWIPE SAME DIRECTION,DIVIDED - W/MEDIAN,STRAIGHT AND LEVEL,SNOW OR SLUSH,NO DEFECTS,N,DISREGARDING TRAFFIC SIGNALS,BEAT_116,1,7,2,7,42.115129,-87.434345,29,6,Sunday,7,19,Evening_Rush,1,1
2026-07-19 20:09:00,30,SEVERE RAIN,DAYLIGHT,SIDESWIPE SAME DIRECTION,ONE-WAY,STRAIGHT AND LEVEL,WET,NO DEFECTS,Y,DRIVING SKILLS/KNOWLEDGE/EXPERIENCE,BEAT_103,2,7,0,7,41.925712,-87.594734,29,6,Sunday,7,20,Night,1,0
2026-07-19 22:10:00,45,CLEAR,DAYLIGHT,REAR END,NOT DIVIDED,STRAIGHT AND LEVEL,WET,NO DEFECTS,N,DRIVING SKILLS/KNOWLEDGE/EXPERIENCE,BEAT_108,2,7,1,7,41.997003,-87.530717,29,6,Sunday,7,22,Night,1,1
2026-07-26 02:10:00,50,RAIN,DUSK,PEDESTRIAN,NOT DIVIDED,STRAIGHT AND LEVEL,SNOW OR SLUSH,NO DEFECTS,N,FAILING TO YIELD RIGHT-OF-WAY,BEAT_103,2,7,0,7,41.914809,-87.588943,30,6,Sunday,7,2,Night,1,0
2026-07-26 03:19:00,25,RAIN,"DARKNESS, LIGHTED ROAD",REAR END,ONE-WAY,STRAIGHT AND LEVEL,WET,WORN SURFACE,N,IMPROPER OVERTAKING/PASSING,BEAT_103,2,7,0,7,41.92193,-87.592376,30,6,Sunday,7,3,Night,1,0
2026-07-26 07:42:00,30,CLEAR,"DARKNESS, LIGHTED ROAD",TURNING,NOT DIVIDED,STRAIGHT AND LEVEL,WET,NO DEFECTS,N,FOLLOWING TOO CLOSELY,BEAT_116,2,7,0,7,42.115702,-87.437201,30,6,Sunday,7,7,Morning_Rush,1,0
2026-07-26 07:58:00,45,CLEAR,DAWN,PEDESTRIAN,NOT DIVIDED,STRAIGHT AND LEVEL,DRY,NO DEFECTS,N,IMPROPER OVERTAKING/PASSING,BEAT_111,1,7,0,7,42.041947,-87.496238,30,6,Sunday,7,7,Morning_Rush,1,0
2026-07-26 09:27:00,20,CLEAR,DAYLIGHT,REAR END,ONE-WAY,STRAIGHT AND LEVEL,DRY,NO DEFECTS,N,FOLLOWING TOO CLOSELY,BEAT_120,2,7,0,7,42.176546,-87.393796,30,6,Sunday,7,9,Morning_Rush,1,0
2026-07-26 12:43:00,40,CLEAR,DAYLIGHT,PARKED MOTOR VEHICLE,DIVIDED - W/MEDIAN,"CURVE, LEVEL",DRY,NO DEFECTS,N,DISREGARDING TRAFFIC SIGNALS,BEAT_115,1,7,0,7,42.10648,-87.45426,30,6,Sunday,7,12,Midday,1,0
2026-07-26 12:59:00,20,CLEAR,DAYLIGHT,TURNING,DIVIDED - W/MEDIAN,"CURVE, LEVEL",DRY,NO DEFECTS,Y,DISREGARDING TRAFFIC SIGNALS,BEAT_102,2,7,0,7,41.911658,-87.601179,30,6,Sunday,7,12,Midday,1,0
2026-07-26 13:03:00,25,RAIN,DAYLIGHT,SIDESWIPE SAME DIRECTION,NOT DIVIDED,STRAIGHT AND LEVEL,WET,NO DEFECTS,Y,IMPROPER OVERTAKING/PASSING,BEAT_114,2,7,1,7,42.086561,-87.458242,30,6,Sunday,7,13,Midday,1,1
2026-07-26 15:23:00,30,CLEAR,DAYLIGHT,PEDESTRIAN,DIVIDED - W/MEDIAN,STRAIGHT AND LEVEL,WET,WORN SURFACE,Y,FAILING TO YIELD RIGHT-OF-WAY,BEAT_116,1,7,0,7,42.120377,-87.437,30,6,Sunday,7,15,Midday,1,0
2026-07-26 19:43:00,25,CLEAR,DAYLIGHT,SIDESWIPE SAME DIRECTION,ONE-WAY,STRAIGHT AND LEVEL,WET,NO DEFECTS,N,IMPROPER OVERTAKING/PASSING,BEAT_104,3,7,0,7,41.939428,-87.581674,30,6,Sunday,7,19,Evening_Rush,1,0
2026-07-26 19:55:00,30,CLEAR,"DARKNESS, LIGHTED ROAD",SIDESWIPE SAME DIRECTION,ONE-WAY,STRAIGHT AND LEVEL,DRY,NO DEFECTS,Y,DRIVING SKILLS/KNOWLEDGE/EXPERIENCE,BEAT_119,2,7,0,7,42.169439,-87.397673,30,6,Sunday,7,19,Evening_Rush,1,0
2026-07-26 22:25:00,30,CLEAR,DAYLIGHT,REAR END,DIVIDED - W/MEDIAN,STRAIGHT AND LEVEL,WET,WORN SURFACE,N,WEATHER,BEAT_103,2,7,0,7,41.92507,-87.60008,30,6,Sunday,7,22,Night,1,0
2026-07-26 23:17:00,30,CLEAR,DAYLIGHT,REAR END,DIVIDED - W/MEDIAN,STRAIGHT AND LEVEL,DRY,NO DEFECTS,Y,WEATHER,BEAT_117,2,7,0,7,42.130367,-87.42357,30,6,Sunday,7,23,Night,1,0
2026-07-26 23:48:00,55,CLEAR,"DARKNESS, LIGHTED ROAD",REAR END,NOT DIVIDED,STRAIGHT ON GRADE,DRY,SHOULDER DEFECT,N,WEATHER,BEAT_119,2,7,0,7,42.165055,-87.402057,30,6,Sunday,7,23,Night,1,0
2026-08-02 01:28:00,20,CLEAR,DAYLIGHT,REAR END,T-INTERSECTION,STRAIGHT AND LEVEL,WET,NO DEFECTS,N,FOLLOWING TOO CLOSELY,BEAT_111,2,8,0,7,42.044696,-87.499709,31,6,Sunday,8,1,Night,1,0
2026-08-02 01:40:00,30,CLEAR,"DARKNESS, LIGHTED ROAD",TURNING,NOT DIVIDED,STRAIGHT AND LEVEL,DRY,NO DEFECTS,Y,DRIVING SKILLS/KNOWLEDGE/EXPERIENCE,BEAT_118,2,8,0,7,42.154045,-87.408567,31,6,Sunday,8,1,Night,1,0
2026-08-02 02:00:00,30,RAIN,DAYLIGHT,REAR END,ONE-WAY,STRAIGHT AND LEVEL,WET,NO DEFECTS,Y,FAILING TO YIELD RIGHT-OF-WAY,BEAT_103,2,8,0,7,41.924185,-87.595735,31,6,Sunday,8,2,Night,1,0
2026-08-02 02:59:00,25,CLEAR,DAYLIGHT,ANGLE,FOUR WAY INTERSECTION,STRAIGHT AND LEVEL,DRY,NO DEFECTS,N,DISREGARDING TRAFFIC SIGNALS,BEAT_119,3,8,0,7,42.169387,-87.403175,31,6,Sunday,8,2,Night,1,0
2026-08-02 03:31:00,25,SEVERE RAIN,DAYLIGHT,REAR END,DIVIDED - W/MEDIAN,STRAIGHT AND LEVEL,ICE,"RUT, HOLES",Y,FOLLOWING TOO CLOSELY,BEAT_106,2,8,0,7,41.965436,-87.559275,31,6,Sunday,8,3,Night,1,0
2026-08-02 07:02:00,25,CLEAR,"DARKNESS, LIGHTED ROAD",PEDESTRIAN,DIVIDED - W/MEDIAN,STRAIGHT AND LEVEL,DRY,NO DEFECTS,N,FAILING TO YIELD RIGHT-OF-WAY,BEAT_113,2,8,2,7,42.071183,-87.47501,31,6,Sunday,8,7,Morning_Rush,1,1
2026-08-02 10:22:00,25,CLEAR,DAYLIGHT,TURNING,DIVIDED - W/MEDIAN,STRAIGHT AND LEVEL,DRY,NO DEFECTS,Y,IMPROPER OVERTAKING/PASSING,BEAT_101,2,8,0,7,41.900716,-87.616228,31,6,Sunday,8,10,Midday,1,0
2026-08-02 12:38:00,30,RAIN,DARKNESS,PARKED MOTOR VEHICLE,NOT DIVIDED,STRAIGHT AND LEVEL,WET,NO DEFECTS,N,FOLLOWING TOO CLOSELY,BEAT_107,2,8,0,7,41.987478,-87.542459,31,6,Sunday,8,12,Midday,1,0
2026-08-02 16:15:00,25,SNOW,DARKNESS,ANGLE,ONE-WAY,STRAIGHT AND LEVEL,WET,NO DEFECTS,Y,IMPROPER OVERTAKING/PASSING,BEAT_113,2,8,1,7,42.072344,-87.478596,31,6,Sunday,8,16,Evening_Rush,1,1
2026-08-02 16:16:00,25,CLEAR,DAYLIGHT,REAR END,DIVIDED - W/MEDIAN,STRAIGHT AND LEVEL,DRY,NO DEFECTS,N,PHYSICAL CONDITION OF DRIVER,BEAT_103,2,8,0,7,41.921887,-87.592497,31,6,Sunday,8,16,Evening_Rush,1,0
2026-08-02 16:41:00,25,CLEAR,DAYLIGHT,SIDESWIPE SAME DIRECTION,NOT DIVIDED,STRAIGHT AND LEVEL,DRY,NO DEFECTS,N,PHYSICAL CONDITION OF DRIVER,BEAT_117,3,8,0,7,42.137995,-87.426666,31,6,Sunday,8,16,Evening_Rush,1,0
2026-08-09 03:19:00,30,RAIN,DAYLIGHT,SIDESWIPE SAME DIRECTION,DIVIDED - W/MEDIAN,STRAIGHT AND LEVEL,WET,NO DEFECTS,N,FOLLOWING TOO CLOSELY,BEAT_105,2,8,0,7,41.949142,-87.567052,32,6,Sunday,8,3,Night,1,0
2026-08-09 03:33:00,45,RAIN,"DARKNESS, LIGHTED ROAD",REAR END,DIVIDED - W/MEDIAN,STRAIGHT AND LEVEL,WET,NO DEFECTS,Y,FAILING TO YIELD RIGHT-OF-WAY,BEAT_110,2,8,0,7,42.027038,-87.50883,32,6,Sunday,8,3,Night,1,0
2026-08-09 04:06:00,25,RAIN,DAYLIGHT,SIDESWIPE SAME DIRECTION,DIVIDED - W/MEDIAN,STRAIGHT AND LEVEL,WET,NO DEFECTS,N,FAILING TO YIELD RIGHT-OF-WAY,BEAT_119,1,8,2,7,42.161044,-87.40245,32,6,Sunday,8,4,Night,1,1
2026-08-09 04:35:00,45,FOG/SMOKE/HAZE,DAYLIGHT,REAR END,DIVIDED - W/MEDIAN,STRAIGHT AND LEVEL,WET,NO DEFECTS,Y,WEATHER,BEAT_103,2,8,0,7,41.923862,-87.595504,32,6,Sunday,8,4,Night,1,0
2026-08-09 06:59:00,30,RAIN,DAYLIGHT,PARKED MOTOR VEHICLE,FOUR WAY INTERSECTION,STRAIGHT AND LEVEL,WET,WORN SURFACE,Y,FOLLOWING TOO CLOSELY,BEAT_102,2,8,0,7,41.907204,-87.604978,32,6,Sunday,8,6,Morning_Rush,1,0
2026-08-09 13:10:00,40,CLEAR,DARKNESS,ANGLE,ONE-WAY,STRAIGHT AND LEVEL,DRY,NO DEFECTS,N,FAILING TO YIELD RIGHT-OF-WAY,BEAT_101,2,8,0,7,41.89361,-87.617049,32,6,Sunday,8,13,Midday,1,0
2026-08-09 14:50:00,20,CLEAR,"DARKNESS, LIGHTED ROAD",SIDESWIPE SAME DIRECTION,NOT DIVIDED,STRAIGHT AND LEVEL,DRY,NO DEFECTS,Y,FOLLOWING TOO CLOSELY,BEAT_102,2,8,0,7,41.910702,-87.603708,32,6,Sunday,8,14,Midday,1,0
2026-08-09 20:13:00,25,RAIN,DARKNESS,TURNING,ONE-WAY,STRAIGHT AND LEVEL,WET,NO DEFECTS,N,WEATHER,BEAT_110,2,8,0,7,42.030663,-87.505004,32,6,Sunday,8,20,Night,1,0
2026-08-09 23:03:00,45,CLEAR,DAYLIGHT,ANGLE,DIVIDED - W/MEDIAN,STRAIGHT AND LEVEL,DRY,NO DEFECTS,N,DRIVING SKILLS/KNOWLEDGE/EXPERIENCE,BEAT_110,2,8,0,7,42.024932,-87.509701,32,6,Sunday,8,23,Night,1,0
2026-08-09 23:35:00,30,CLEAR,DAYLIGHT,REAR END,ONE-WAY,STRAIGHT AND LEVEL,WET,WORN SURFACE,N,IMPROPER OVERTAKING/PASSING,BEAT_104,2,8,0,7,41.937427,-87.581142,32,6,Sunday,8,23,Night,1,0
2026-08-16 01:14:00,30,SEVERE RAIN,DAYLIGHT,ANGLE,NOT DIVIDED,STRAIGHT AND LEVEL,WET,"RUT, HOLES",Y,FOLLOWING TOO CLOSELY,BEAT_102,2,8,0,7,41.909899,-87.602399,33,6,Sunday,8,1,Night,1,0
2026-08-16 02:06:00,40,CLEAR,DAYLIGHT,REAR END,ONE-WAY,STRAIGHT AND LEVEL,DRY,NO DEFECTS,N,WEATHER,BEAT_116,2,8,0,7,42.117785,-87.440721,33,6,Sunday,8,2,Night,1,0
2026-08-16 02:42:00,30,CLEAR,"DARKNESS, LIGHTED ROAD",FIXED OBJECT,FOUR WAY INTERSECTION,STRAIGHT AND LEVEL,DRY,NO DEFECTS,Y,WEATHER,BEAT_103,2,8,0,7,41.919387,-87.591833,33,6,Sunday,8,2,Night,1,0
2026-08-16 05:00:00,25,CLEAR,DAYLIGHT,REAR END,FOUR WAY INTERSECTION,STRAIGHT AND LEVEL,DRY,NO DEFECTS,Y,FOLLOWING TOO CLOSELY,BEAT_120,2,8,0,7,42.173011,-87.390786,33,6,Sunday,8,5,Night,1,0
2026-08-16 05:12:00,30,CLEAR,"DARKNESS, LIGHTED ROAD",PEDESTRIAN,DIVIDED - W/MEDIAN,STRAIGHT AND LEVEL,DRY,NO DEFECTS,N,FAILING TO YIELD RIGHT-OF-WAY,BEAT_109,1,8,0,7,42.013219,-87.52446,33,6,Sunday,8,5,Night,1,0
2026-08-16 08:23:00,30,CLEAR,DUSK,PEDESTRIAN,T-INTERSECTION,STRAIGHT AND LEVEL,DRY,"RUT, HOLES",Y,FOLLOWING TOO CLOSELY,BEAT_106,2,8,0,7,41.967264,-87.559,33,6,Sunday,8,8,Morning_Rush,1,0
2026-08-16 08:27:00,25,RAIN,DARKNESS,REAR END,DIVIDED - W/MEDIAN,STRAIGHT AND LEVEL,WET,DEBRIS ON ROAD,Y,FOLLOWING TOO CLOSELY,BEAT_116,1,8,0,7,42.116196,-87.442639,33,6,Sunday,8,8,Morning_Rush,1,0
2026-08-16 09:29:00,35,RAIN,"DARKNESS, LIGHTED ROAD",FIXED OBJECT,NOT DIVIDED,STRAIGHT AND LEVEL,SNOW OR SLUSH,DEBRIS ON ROAD,N,DRIVING SKILLS/KNOWLEDGE/EXPERIENCE,BEAT_109,2,8,0,7,42.010189,-87.525717,33,6,Sunday,8,9,Morning_Rush,1,0
2026-08-16 11:40:00,30,CLEAR,"DARKNESS, LIGHTED ROAD",SIDESWIPE SAME DIRECTION,DIVIDED - W/MEDIAN,STRAIGHT ON GRADE,WET,NO DEFECTS,N,DISREGARDING TRAFFIC SIGNALS,BEAT_102,2,8,0,7,41.90353,-87.605259,33,6,Sunday,8,11,Midday,1,0
2026-08-16 13:57:00,25,CLEAR,DARKNESS,SIDESWIPE SAME DIRECTION,NOT DIVIDED,STRAIGHT AND LEVEL,DRY,NO DEFECTS,Y,FOLLOWING TOO CLOSELY,BEAT_112,4,8,0,7,42.055294,-87.486363,33,6,Sunday,8,13,Midday,1,0
2026-08-16 14:45:00,20,RAIN,"DARKNESS, LIGHTED ROAD",TURNING,DIVIDED - W/MEDIAN,STRAIGHT AND LEVEL,WET,NO DEFECTS,Y,FAILING TO YIELD RIGHT-OF-WAY,BEAT_120,2,8,0,7,42.178857,-87.393358,33,6,Sunday,8,14,Midday,1,0
2026-08-16 15:38:00,45,CLEAR,DAYLIGHT,PARKED MOTOR VEHICLE,NOT DIVIDED,STRAIGHT ON GRADE,SNOW OR SLUSH,NO DEFECTS,Y,DISREGARDING TRAFFIC SIGNALS,BEAT_120,2,8,1,7,42.177976,-87.393032,33,6,Sunday,8,15,Midday,1,1
2026-08-16 16:48:00,35,CLEAR,"DARKNESS, LIGHTED ROAD",SIDESWIPE SAME DIRECTION,NOT DIVIDED,STRAIGHT AND LEVEL,DRY,NO DEFECTS,Y,DRIVING SKILLS/KNOWLEDGE/EXPERIENCE,BEAT_109,2,8,0,7,42.014668,-87.523473,33,6,Sunday,8,16,Evening_Rush,1,0
2026-08-16 17:07:00,25,CLEAR,DAYLIGHT,REAR END,NOT DIVIDED,STRAIGHT AND LEVEL,DRY,NO DEFECTS,Y,WEATHER,BEAT_120,1,8,0,7,42.18096,-87.387433,33,6,Sunday,8,17,Evening_Rush,1,0
2026-08-16 17:24:00,25,CLEAR,DAYLIGHT,SIDESWIPE SAME DIRECTION,T-INTERSECTION,STRAIGHT AND LEVEL,DRY,NO DEFECTS,Y,DRIVING SKILLS/KNOWLEDGE/EXPERIENCE,BEAT_113,2,8,0,7,42.073806,-87.472313,33,6,Sunday,8,17,Evening_Rush,1,0
2026-08-16 18:57:00,30,CLEAR,DAYLIGHT,REAR END,FOUR WAY INTERSECTION,STRAIGHT AND LEVEL,DRY,NO DEFECTS,N,IMPROPER OVERTAKING/PASSING,BEAT_117,2,8,1,7,42.134237,-87.423714,33,6,Sunday,8,18,Evening_Rush,1,1
2026-08-16 18:59:00,30,SEVERE RAIN,DAYLIGHT,REAR END,DIVIDED - W/MEDIAN,STRAIGHT AND LEVEL,WET,WORN SURFACE,N,FOLLOWING TOO CLOSELY,BEAT_105,3,8,0,7,41.953003,-87.56506,33,6,Sunday,8,18,Evening_Rush,1,0
2026-08-16 19:03:00,45,CLEAR,DAYLIGHT,PEDESTRIAN,FOUR WAY INTERSECTION,STRAIGHT AND LEVEL,WET,WORN SURFACE,Y,FAILING TO YIELD RIGHT-OF-WAY,BEAT_114,2,8,0,7,42.091352,-87.464468,33,6,Sunday,8,19,Evening_Rush,1,0
2026-08-16 19:50:00,30,RAIN,DAYLIGHT,TURNING,T-INTERSECTION,STRAIGHT AND LEVEL,WET,NO DEFECTS,N,IMPROPER OVERTAKING/PASSING,BEAT_108,2,8,2,7,42.001388,-87.535991,33,6,Sunday,8,19,Evening_Rush,1,1
2026-08-16 20:39:00,20,CLEAR,"DARKNESS, LIGHTED ROAD",REAR END,NOT DIVIDED,STRAIGHT ON GRADE,DRY,WORN SURFACE,N,PHYSICAL CONDITION OF DRIVER,BEAT_111,2,8,0,7,42.04956,-87.494677,33,6,Sunday,8,20,Night,1,0
2026-08-16 20:49:00,25,RAIN,DAYLIGHT,SIDESWIPE SAME DIRECTION,NOT DIVIDED,STRAIGHT AND LEVEL,WET,NO DEFECTS,N,FAILING TO YIELD RIGHT-OF-WAY,BEAT_108,2,8,1,7,41.99282,-87.533237,33,6,Sunday,8,20,Night,1,1
2026-08-16 21:37:00,30,CLEAR,DAYLIGHT,TURNING,NOT DIVIDED,STRAIGHT AND LEVEL,DRY,NO DEFECTS,N,DRIVING SKILLS/KNOWLEDGE/EXPERIENCE,BEAT_116,2,8,0,7,42.121157,-87.440869,33,6,Sunday,8,21,Night,1,0
2026-08-16 21:49:00,30,CLEAR,DARKNESS,ANGLE,NOT DIVIDED,STRAIGHT AND LEVEL,DRY,NO DEFECTS,Y,WEATHER,BEAT_111,2,8,1,7,42.04408,-87.49748,33,6,Sunday,8,21,Night,1,1
2026-08-23 00:19:00,20,RAIN,DAYLIGHT,PARKED MOTOR VEHICLE,DIVIDED - W/MEDIAN,STRAIGHT AND LEVEL,WET,DEBRIS ON ROAD,Y,DRIVING SKILLS/KNOWLEDGE/EXPERIENCE,BEAT_111,3,8,0,7,42.040353,-87.492444,34,6,Sunday,8,0,Night,1,0
2026-08-23 00:41:00,25,RAIN,DAYLIGHT,TURNING,DIVIDED - W/MEDIAN,STRAIGHT AND LEVEL,WET,NO DEFECTS,N,DRIVING SKILLS/KNOWLEDGE/EXPERIENCE,BEAT_118,1,8,2,7,42.15044,-87.41224,34,6,Sunday,8,0,Night,1,1
2026-08-23 04:01:00,25,CLEAR,DAYLIGHT,FIXED OBJECT,DIVIDED - W/MEDIAN,STRAIGHT AND LEVEL,DRY,NO DEFECTS,Y,FAILING TO YIELD RIGHT-OF-WAY,BEAT_110,2,8,2,7,42.023808,-87.51123,34,6,Sunday,8,4,Night,1,1
2026-08-23 05:33:00,40,FOG/SMOKE/HAZE,"DARKNESS, LIGHTED ROAD",ANGLE,DIVIDED - W/MEDIAN,STRAIGHT ON GRADE,SNOW OR SLUSH,NO DEFECTS,Y,IMPROPER OVERTAKING/PASSING,BEAT_114,2,8,1,7,42.085385,-87.461809,34,6,Sunday,8,5,Night,1,1
2026-08-23 05:44:00,30,CLEAR,"DARKNESS, LIGHTED ROAD",PEDESTRIAN,DIVIDED - W/MEDIAN,STRAIGHT AND LEVEL,DRY,NO DEFECTS,Y,FOLLOWING TOO CLOSELY,BEAT_112,3,8,0,7,42.054869,-87.483631,34,6,Sunday,8,5,Night,1,0
2026-08-23 11:36:00,25,CLEAR,DAYLIGHT,REAR END,DIVIDED - W/MEDIAN,"CURVE, LEVEL",DRY,NO DEFECTS,Y,WEATHER,BEAT_110,2,8,0,7,42.023689,-87.504406,34,6,Sunday,8,11,Midday,1,0
2026-08-23 16:50:00,25,SNOW,"DARKNESS, LIGHTED ROAD",SIDESWIPE SAME DIRECTION,DIVIDED - W/MEDIAN,STRAIGHT AND LEVEL,ICE,NO DEFECTS,N,PHYSICAL CONDITION OF DRIVER,BEAT_114,1,8,0,7,42.088609,-87.462319,34,6,Sunday,8,16,Evening_Rush,1,0
2026-08-23 17:01:00,25,CLEAR,"DARKNESS, LIGHTED ROAD",SIDESWIPE SAME DIRECTION,NOT DIVIDED,STRAIGHT AND LEVEL,WET,NO DEFECTS,N,IMPROPER OVERTAKING/PASSING,BEAT_111,2,8,0,7,42.043516,-87.49584,34,6,Sunday,8,17,Evening_Rush,1,0
2026-08-23 20:14:00,30,CLEAR,"DARKNESS, LIGHTED ROAD",PARKED MOTOR VEHICLE,FOUR WAY INTERSECTION,STRAIGHT AND LEVEL,DRY,NO DEFECTS,Y,DISREGARDING TRAFFIC SIGNALS,BEAT_102,2,8,0,7,41.904306,-87.601212,34,6,Sunday,8,20,Night,1,0
2026-08-23 22:00:00,30,CLEAR,DAYLIGHT,REAR END,DIVIDED - W/MEDIAN,STRAIGHT AND LEVEL,SNOW OR SLUSH,"RUT, HOLES",N,FOLLOWING TOO CLOSELY,BEAT_107,2,8,0,7,41.982103,-87.541034,34,6,Sunday,8,22,Night,1,0
2026-08-23 22:05:00,25,RAIN,DUSK,PARKED MOTOR VEHICLE,DIVIDED - W/MEDIAN,"CURVE, LEVEL",WET,NO DEFECTS,N,FOLLOWING TOO CLOSELY,BEAT_116,2,8,0,7,42.120339,-87.43637,34,6,Sunday,8,22,Night,1,0
2026-08-30 00:37:00,30,RAIN,DUSK,REAR END,ONE-WAY,STRAIGHT AND LEVEL,SNOW OR SLUSH,NO DEFECTS,N,IMPROPER OVERTAKING/PASSING,BEAT_106,2,8,1,7,41.968227,-87.560812,35,6,Sunday,8,0,Night,1,1
2026-08-30 03:57:00,30,CLEAR,DAYLIGHT,REAR END,DIVIDED - W/MEDIAN,STRAIGHT AND LEVEL,DRY,WORN SURFACE,N,FOLLOWING TOO CLOSELY,BEAT_117,1,8,0,7,42.136868,-87.429819,35,6,Sunday,8,3,Night,1,0
2026-08-30 06:26:00,25,CLEAR,"DARKNESS, LIGHTED ROAD",SIDESWIPE SAME DIRECTION,DIVIDED - W/MEDIAN,"CURVE, LEVEL",DRY,NO DEFECTS,Y,IMPROPER OVERTAKING/PASSING,BEAT_103,2,8,0,7,41.919361,-87.593825,35,6,Sunday,8,6,Morning_Rush,1,0
2026-08-30 06:36:00,25,CLEAR,DAYLIGHT,REAR END,T-INTERSECTION,"CURVE, LEVEL",SNOW OR SLUSH,NO DEFECTS,Y,IMPROPER OVERTAKING/PASSING,BEAT_104,2,8,0,7,41.936695,-87.582622,35,6,Sunday,8,6,Morning_Rush,1,0
2026-08-30 08:55:00,25,CLEAR,"DARKNESS, LIGHTED ROAD",PEDESTRIAN,DIVIDED - W/MEDIAN,STRAIGHT AND LEVEL,DRY,NO DEFECTS,N,DRIVING SKILLS/KNOWLEDGE/EXPERIENCE,BEAT_118,2,8,0,7,42.150476,-87.414273,35,6,Sunday,8,8,Morning_Rush,1,0
2026-08-30 09:24:00,30,CLEAR,DAYLIGHT,ANGLE,DIVIDED - W/MEDIAN,CURVE ON GRADE,DRY,NO DEFECTS,N,FAILING TO YIELD RIGHT-OF-WAY,BEAT_120,2,8,1,7,42.177732,-87.38952,35,6,Sunday,8,9,Morning_Rush,1,1
2026-08-30 11:00:00,30,CLEAR,DAYLIGHT,REAR END,DIVIDED - W/MEDIAN,STRAIGHT AND LEVEL,DRY,NO DEFECTS,N,FOLLOWING TOO CLOSELY,BEAT_119,1,8,0,7,42.157684,-87.403211,35,6,Sunday,8,11,Midday,1,0
2026-08-30 17:22:00,40,CLEAR,DAYLIGHT,SIDESWIPE SAME DIRECTION,DIVIDED - W/MEDIAN,STRAIGHT AND LEVEL,DRY,NO DEFECTS,Y,FAILING TO YIELD RIGHT-OF-WAY,BEAT_120,2,8,0,7,42.174959,-87.386688,35,6,Sunday,8,17,Evening_Rush,1,0
2026-08-30 18:39:00,30,SEVERE RAIN,"DARKNESS, LIGHTED ROAD",PARKED MOTOR VEHICLE,DIVIDED - W/MEDIAN,STRAIGHT AND LEVEL,WET,NO DEFECTS,N,DRIVING SKILLS/KNOWLEDGE/EXPERIENCE,BEAT_103,2,8,0,7,41.919836,-87.595853,35,6,Sunday,8,18,Evening_Rush,1,0
2026-08-30 22:56:00,25,CLEAR,DAWN,ANGLE,ONE-WAY,STRAIGHT AND LEVEL,DRY,NO DEFECTS,N,DRIVING SKILLS/KNOWLEDGE/EXPERIENCE,BEAT_108,2,8,1,7,41.998482,-87.534323,35,6,Sunday,8,22,Night,1,1
2026-09-06 00:18:00,35,SEVERE RAIN,DUSK,REAR END,DIVIDED - W/MEDIAN,STRAIGHT ON GRADE,WET,DEBRIS ON ROAD,N,WEATHER,BEAT_115,2,9,0,7,42.098289,-87.446159,36,6,Sunday,9,0,Night,1,0
2026-09-06 06:46:00,30,CLEAR,DAYLIGHT,SIDESWIPE SAME DIRECTION,FOUR WAY INTERSECTION,"CURVE, LEVEL",WET,WORN SURFACE,N,PHYSICAL CONDITION OF DRIVER,BEAT_107,2,9,0,7,41.985109,-87.542778,36,6,Sunday,9,6,Morning_Rush,1,0
2026-09-06 07:36:00,35,CLEAR,DAYLIGHT,SIDESWIPE SAME DIRECTION,ONE-WAY,STRAIGHT AND LEVEL,DRY,NO DEFECTS,N,IMPROPER OVERTAKING/PASSING,BEAT_105,2,9,0,7,41.950703,-87.573017,36,6,Sunday,9,7,Morning_Rush,1,0
2026-09-06 10:30:00,20,CLEAR,"DARKNESS, LIGHTED ROAD",SIDESWIPE SAME DIRECTION,DIVIDED - W/MEDIAN,STRAIGHT AND LEVEL,WET,SHOULDER DEFECT,N,DRIVING SKILLS/KNOWLEDGE/EXPERIENCE,BEAT_105,3,9,0,7,41.948019,-87.567858,36,6,Sunday,9,10,Midday,1,0
2026-09-06 11:08:00,35,CLEAR,"DARKNESS, LIGHTED ROAD",REAR END,DIVIDED - W/MEDIAN,"CURVE, LEVEL",WET,NO DEFECTS,N,FOLLOWING TOO CLOSELY,BEAT_104,2,9,0,7,41.937479,-87.584893,36,6,Sunday,9,11,Midday,1,0
2026-09-06 16:57:00,35,CLEAR,DAYLIGHT,ANGLE,NOT DIVIDED,STRAIGHT AND LEVEL,DRY,NO DEFECTS,N,FAILING TO YIELD RIGHT-OF-WAY,BEAT_113,2,9,1,7,42.078048,-87.471217,36,6,Sunday,9,16,Evening_Rush,1,1
2026-09-06 19:57:00,30,CLEAR,DAYLIGHT,REAR END,DIVIDED - W/MEDIAN,STRAIGHT AND LEVEL,DRY,NO DEFECTS,N,FAILING TO YIELD RIGHT-OF-WAY,BEAT_104,3,9,0,7,41.937089,-87.580789,36,6,Sunday,9,19,Evening_Rush,1,0
2026-09-06 21:53:00,25,CLEAR,DAYLIGHT,SIDESWIPE SAME DIRECTION,ONE-WAY,STRAIGHT AND LEVEL,DRY,NO DEFECTS,N,FOLLOWING TOO CLOSELY,BEAT_109,2,9,0,7,42.011102,-87.520303,36,6,Sunday,9,21,Night,1,0
2026-09-13 03:00:00,25,CLEAR,DAYLIGHT,TURNING,DIVIDED - W/MEDIAN,STRAIGHT AND LEVEL,DRY,NO DEFECTS,Y,FAILING TO YIELD RIGHT-OF-WAY,BEAT_112,2,9,1,7,42.056767,-87.488338,37,6,Sunday,9,3,Night,1,1
2026-09-13 03:57:00,25,CLEAR,DAYLIGHT,SIDESWIPE SAME DIRECTION,ONE-WAY,STRAIGHT AND LEVEL,WET,NO DEFECTS,Y,DRIVING SKILLS/KNOWLEDGE/EXPERIENCE,BEAT_114,2,9,0,7,42.087866,-87.459919,37,6,Sunday,9,3,Night,1,0
2026-09-13 15:28:00,25,CLEAR,"DARKNESS, LIGHTED ROAD",ANGLE,DIVIDED - W/MEDIAN,CURVE ON GRADE,WET,NO DEFECTS,Y,FAILING TO YIELD RIGHT-OF-WAY,BEAT_111,2,9,0,7,42.03934,-87.50053,37,6,Sunday,9,15,Midday,1,0
2026-09-13 16:51:00,35,CLEAR,DARKNESS,SIDESWIPE SAME DIRECTION,T-INTERSECTION,STRAIGHT AND LEVEL,DRY,NO DEFECTS,Y,IMPROPER OVERTAKING/PASSING,BEAT_102,1,9,2,7,41.911099,-87.60318,37,6,Sunday,9,16,Evening_Rush,1,1
2026-09-13 17:30:00,35,CLEAR,DAYLIGHT,TURNING,ONE-WAY,STRAIGHT AND LEVEL,DRY,NO DEFECTS,N,DRIVING SKILLS/KNOWLEDGE/EXPERIENCE,BEAT_111,1,9,0,7,42.047915,-87.495961,37,6,Sunday,9,17,Evening_Rush,1,0
2026-09-13 19:17:00,35,CLEAR,DAYLIGHT,TURNING,ONE-WAY,STRAIGHT AND LEVEL,SNOW OR SLUSH,NO DEFECTS,Y,FOLLOWING TOO CLOSELY,BEAT_107,3,9,0,7,41.980486,-87.544073,37,6,Sunday,9,19,Evening_Rush,1,0
2026-09-13 19:22:00,30,CLEAR,"DARKNESS, LIGHTED ROAD",SIDESWIPE SAME DIRECTION,NOT DIVIDED,STRAIGHT AND LEVEL,WET,NO DEFECTS,N,FAILING TO YIELD RIGHT-OF-WAY,BEAT_105,2,9,0,7,41.950407,-87.569623,37,6,Sunday,9,19,Evening_Rush,1,0
2026-09-13 21:19:00,40,CLEAR,DAYLIGHT,REAR END,NOT DIVIDED,STRAIGHT AND LEVEL,WET,NO DEFECTS,N,DRIVING SKILLS/KNOWLEDGE/EXPERIENCE,BEAT_114,2,9,0,7,42.090626,-87.458898,37,6,Sunday,9,21,Night,1,0
2026-09-13 21:41:00,25,CLEAR,"DARKNESS, LIGHTED ROAD",SIDESWIPE SAME DIRECTION,DIVIDED - W/MEDIAN,STRAIGHT AND LEVEL,DRY,NO DEFECTS,Y,WEATHER,BEAT_110,2,9,0,7,42.034051,-87.507528,37,6,Sunday,9,21,Night,1,0
2026-09-13 21:56:00,25,CLEAR,DAYLIGHT,REAR END,T-INTERSECTION,STRAIGHT AND LEVEL,DRY,NO DEFECTS,N,FAILING TO YIELD RIGHT-OF-WAY,BEAT_117,2,9,0,7,42.129434,-87.42349,37,6,Sunday,9,21,Night,1,0
2026-09-13 23:47:00,35,CLEAR,"DARKNESS, LIGHTED ROAD",SIDESWIPE SAME DIRECTION,T-INTERSECTION,"CURVE, LEVEL",DRY,NO DEFECTS,Y,WEATHER,BEAT_115,2,9,0,7,42.100315,-87.450167,37,6,Sunday,9,23,Night,1,0
2026-09-20 00:31:00,25,RAIN,DAYLIGHT,SIDESWIPE SAME DIRECTION,NOT DIVIDED,STRAIGHT AND LEVEL,WET,SHOULDER DEFECT,Y,WEATHER,BEAT_113,2,9,1,7,42.064784,-87.468063,38,6,Sunday,9,0,Night,1,1
2026-09-20 09:56:00,35,CLEAR,DAYLIGHT,TURNING,DIVIDED - W/MEDIAN,STRAIGHT AND LEVEL,DRY,NO DEFECTS,Y,DRIVING SKILLS/KNOWLEDGE/EXPERIENCE,BEAT_116,2,9,0,7,42.119718,-87.437697,38,6,Sunday,9,9,Morning_Rush,1,0
2026-09-20 10:26:00,20,CLEAR,DAYLIGHT,REAR END,FOUR WAY INTERSECTION,STRAIGHT AND LEVEL,WET,NO DEFECTS,N,FAILING TO YIELD RIGHT-OF-WAY,BEAT_107,2,9,0,7,41.982837,-87.54426,38,6,Sunday,9,10,Midday,1,0
2026-09-20 16:36:00,25,RAIN,DAYLIGHT,SIDESWIPE SAME DIRECTION,DIVIDED - W/MEDIAN,STRAIGHT ON GRADE,WET,NO DEFECTS,Y,DRIVING SKILLS/KNOWLEDGE/EXPERIENCE,BEAT_114,2,9,1,7,42.090679,-87.463884,38,6,Sunday,9,16,Evening_Rush,1,1
2026-09-20 19:06:00,25,CLEAR,DAYLIGHT,ANGLE,DIVIDED - W/MEDIAN,STRAIGHT AND LEVEL,DRY,NO DEFECTS,N,DISREGARDING TRAFFIC SIGNALS,BEAT_117,1,9,2,7,42.13169,-87.421906,38,6,Sunday,9,19,Evening_Rush,1,1
2026-09-27 00:43:00,30,RAIN,DAYLIGHT,SIDESWIPE SAME DIRECTION,T-INTERSECTION,STRAIGHT AND LEVEL,ICE,NO DEFECTS,Y,FAILING TO YIELD RIGHT-OF-WAY,BEAT_120,3,9,1,7,42.175703,-87.387582,39,6,Sunday,9,0,Night,1,1
2026-09-27 04:57:00,25,RAIN,"DARKNESS, LIGHTED ROAD",TURNING,DIVIDED - W/MEDIAN,STRAIGHT AND LEVEL,SNOW OR SLUSH,"RUT, HOLES",N,FOLLOWING TOO CLOSELY,BEAT_117,2,9,0,7,42.134911,-87.423679,39,6,Sunday,9,4,Night,1,0
2026-09-27 06:40:00,35,CLEAR,"DARKNESS, LIGHTED ROAD",PEDESTRIAN,ONE-WAY,STRAIGHT AND LEVEL,WET,NO DEFECTS,N,FAILING TO YIELD RIGHT-OF-WAY,BEAT_114,2,9,0,7,42.086119,-87.462284,39,6,Sunday,9,6,Morning_Rush,1,0
2026-09-27 08:06:00,25,SEVERE RAIN,"DARKNESS, LIGHTED ROAD",ANGLE,DIVIDED - W/MEDIAN,STRAIGHT AND LEVEL,WET,NO DEFECTS,N,DISREGARDING TRAFFIC SIGNALS,BEAT_107,2,9,0,7,41.980612,-87.542065,39,6,Sunday,9,8,Morning_Rush,1,0
2026-09-27 08:10:00,30,CLEAR,DARKNESS,TURNING,NOT DIVIDED,STRAIGHT AND LEVEL,DRY,NO DEFECTS,Y,IMPROPER OVERTAKING/PASSING,BEAT_116,2,9,1,7,42.121016,-87.438448,39,6,Sunday,9,8,Morning_Rush,1,1
2026-09-27 09:34:00,25,RAIN,DAYLIGHT,REAR END,FOUR WAY INTERSECTION,STRAIGHT AND LEVEL,WET,NO DEFECTS,N,FAILING TO YIELD RIGHT-OF-WAY,BEAT_112,3,9,1,7,42.059303,-87.48683,39,6,Sunday,9,9,Morning_Rush,1,1
2026-09-27 09:49:00,25,RAIN,"DARKNESS, LIGHTED ROAD",REAR END,NOT DIVIDED,STRAIGHT AND LEVEL,WET,NO DEFECTS,N,DRIVING SKILLS/KNOWLEDGE/EXPERIENCE,BEAT_107,2,9,0,7,41.98352,-87.540821,39,6,Sunday,9,9,Morning_Rush,1,0
2026-09-27 10:31:00,30,CLEAR,DAYLIGHT,REAR END,FOUR WAY INTERSECTION,STRAIGHT AND LEVEL,DRY,NO DEFECTS,N,FAILING TO YIELD RIGHT-OF-WAY,BEAT_119,2,9,0,7,42.162649,-87.400553,39,6,Sunday,9,10,Midday,1,0
2026-09-27 12:54:00,25,CLEAR,DAYLIGHT,REAR END,DIVIDED - W/MEDIAN,STRAIGHT AND LEVEL,DRY,NO DEFECTS,N,DRIVING SKILLS/KNOWLEDGE/EXPERIENCE,BEAT_113,2,9,0,7,42.073797,-87.471096,39,6,Sunday,9,12,Midday,1,0
2026-09-27 14:01:00,25,CLEAR,"DARKNESS, LIGHTED ROAD",REAR END,FOUR WAY INTERSECTION,STRAIGHT AND LEVEL,WET,"RUT, HOLES",N,IMPROPER OVERTAKING/PASSING,BEAT_114,2,9,1,7,42.08269,-87.460998,39,6,Sunday,9,14,Midday,1,1
2026-09-27 16:23:00,30,RAIN,DAYLIGHT,REAR END,NOT DIVIDED,STRAIGHT AND LEVEL,SNOW OR SLUSH,NO DEFECTS,N,WEATHER,BEAT_115,2,9,0,7,42.10727,-87.454093,39,6,Sunday,9,16,Evening_Rush,1,0
2026-09-27 19:53:00,35,CLEAR,DAYLIGHT,SIDESWIPE SAME DIRECTION,DIVIDED - W/MEDIAN,STRAIGHT AND LEVEL,DRY,"RUT, HOLES",Y,FOLLOWING TOO CLOSELY,BEAT_120,2,9,2,7,42.176792,-87.391456,39,6,Sunday,9,19,Evening_Rush,1,1
2026-10-04 04:04:00,45,SNOW,DAYLIGHT,FIXED OBJECT,NOT DIVIDED,STRAIGHT AND LEVEL,WET,NO DEFECTS,Y,DRIVING SKILLS/KNOWLEDGE/EXPERIENCE,BEAT_106,2,10,1,7,41.96614,-87.55788,40,6,Sunday,10,4,Night,1,1
2026-10-04 04:41:00,35,RAIN,DAYLIGHT,FIXED OBJECT,DIVIDED - W/MEDIAN,STRAIGHT AND LEVEL,WET,NO DEFECTS,N,FOLLOWING TOO CLOSELY,BEAT_103,2,10,2,7,41.925458,-87.595161,40,6,Sunday,10,4,Night,1,1
2026-10-04 06:24:00,30,CLEAR,DAYLIGHT,PARKED MOTOR VEHICLE,DIVIDED - W/MEDIAN,STRAIGHT AND LEVEL,DRY,NO DEFECTS,Y,DRIVING SKILLS/KNOWLEDGE/EXPERIENCE,BEAT_105,2,10,0,7,41.954113,-87.56855,40,6,Sunday,10,6,Morning_Rush,1,0
2026-10-04 09:45:00,25,CLEAR,DAYLIGHT,SIDESWIPE SAME DIRECTION,FOUR WAY INTERSECTION,"CURVE, LEVEL",WET,NO DEFECTS,N,FAILING TO YIELD RIGHT-OF-WAY,BEAT_106,4,10,0,7,41.961278,-87.557249,40,6,Sunday,10,9,Morning_Rush,1,0
2026-10-04 10:54:00,35,CLEAR,DARKNESS,REAR END,NOT DIVIDED,"CURVE, LEVEL",DRY,DEBRIS ON ROAD,Y,FAILING TO YIELD RIGHT-OF-WAY,BEAT_102,2,10,0,7,41.905254,-87.612286,40,6,Sunday,10,10,Midday,1,0
2026-10-04 13:45:00,45,CLEAR,DARKNESS,REAR END,DIVIDED - W/MEDIAN,STRAIGHT AND LEVEL,WET,NO DEFECTS,Y,WEATHER,BEAT_108,2,10,0,7,41.99931,-87.530677,40,6,Sunday,10,13,Midday,1,0
2026-10-04 15:11:00,30,CLEAR,"DARKNESS, LIGHTED ROAD",REAR END,ALLEY,STRAIGHT AND LEVEL,"SAND, MUD, DIRT",NO DEFECTS,Y,FOLLOWING TOO CLOSELY,BEAT_102,1,10,2,7,41.911743,-87.608404,40,6,Sunday,10,15,Midday,1,1
2026-10-04 17:45:00,40,RAIN,DAYLIGHT,PARKED MOTOR VEHICLE,DIVIDED - W/MEDIAN,"CURVE, LEVEL",WET,NO DEFECTS,N,DRIVING SKILLS/KNOWLEDGE/EXPERIENCE,BEAT_114,3,10,0,7,42.086811,-87.46283,40,6,Sunday,10,17,Evening_Rush,1,0
2026-10-04 21:38:00,25,RAIN,DAYLIGHT,ANGLE,T-INTERSECTION,"CURVE, LEVEL",WET,NO DEFECTS,N,DISREGARDING TRAFFIC SIGNALS,BEAT_118,2,10,0,7,42.150426,-87.412827,40,6,Sunday,10,21,Night,1,0
2026-10-04 23:39:00,40,CLEAR,DAYLIGHT,PARKED MOTOR VEHICLE,NOT DIVIDED,STRAIGHT AND LEVEL,DRY,NO DEFECTS,Y,FOLLOWING TOO CLOSELY,BEAT_120,2,10,0,7,42.175741,-87.388871,40,6,Sunday,10,23,Night,1,0
2026-10-11 01:33:00,25,CLEAR,DAYLIGHT,REAR END,DIVIDED - W/MEDIAN,STRAIGHT AND LEVEL,ICE,NO DEFECTS,Y,FOLLOWING TOO CLOSELY,BEAT_102,3,10,0,7,41.906801,-87.602684,41,6,Sunday,10,1,Night,1,0
2026-10-11 01:56:00,25,CLEAR,DAYLIGHT,REAR END,NOT DIVIDED,STRAIGHT AND LEVEL,DRY,NO DEFECTS,Y,FAILING TO YIELD RIGHT-OF-WAY,BEAT_111,2,10,1,7,42.043641,-87.500245,41,6,Sunday,10,1,Night,1,1
2026-10-11 05:17:00,30,CLEAR,DAYLIGHT,REAR END,DIVIDED - W/MEDIAN,STRAIGHT AND LEVEL,DRY,NO DEFECTS,N,WEATHER,BEAT_115,2,10,0,7,42.10959,-87.451263,41,6,Sunday,10,5,Night,1,0
2026-10-11 05:56:00,30,CLEAR,DAWN,TURNING,DIVIDED - W/MEDIAN,STRAIGHT AND LEVEL,DRY,"RUT, HOLES",Y,WEATHER,BEAT_114,2,10,1,7,42.092526,-87.464633,41,6,Sunday,10,5,Night,1,1
2026-10-11 09:04:00,20,RAIN,DAYLIGHT,REAR END,ONE-WAY,STRAIGHT AND LEVEL,WET,NO DEFECTS,N,WEATHER,BEAT_101,2,10,0,7,41.89357,-87.616083,41,6,Sunday,10,9,Morning_Rush,1,0
2026-10-11 09:47:00,25,RAIN,DAYLIGHT,REAR END,T-INTERSECTION,"CURVE, LEVEL",SNOW OR SLUSH,NO DEFECTS,N,DRIVING SKILLS/KNOWLEDGE/EXPERIENCE,BEAT_119,2,10,2,7,42.163386,-87.399436,41,6,Sunday,10,9,Morning_Rush,1,1
2026-10-11 10:17:00,25,CLEAR,DAYLIGHT,REAR END,NOT DIVIDED,STRAIGHT AND LEVEL,WET,NO DEFECTS,Y,FOLLOWING TOO CLOSELY,BEAT_102,4,10,0,7,41.905271,-87.608314,41,6,Sunday,10,10,Midday,1,0
2026-10-11 10:49:00,25,CLEAR,DAYLIGHT,REAR END,ONE-WAY,STRAIGHT AND LEVEL,WET,WORN SURFACE,N,PHYSICAL CONDITION OF DRIVER,BEAT_104,3,10,0,7,41.935583,-87.588133,41,6,Sunday,10,10,Midday,1,0
2026-10-11 19:49:00,40,CLEAR,DAYLIGHT,REAR END,DIVIDED - W/MEDIAN,STRAIGHT AND LEVEL,DRY,NO DEFECTS,N,DRIVING SKILLS/KNOWLEDGE/EXPERIENCE,BEAT_112,2,10,0,7,42.058045,-87.487279,41,6,Sunday,10,19,Evening_Rush,1,0
2026-10-11 20:44:00,35,SNOW,"DARKNESS, LIGHTED ROAD",REAR END,DIVIDED - W/MEDIAN,STRAIGHT AND LEVEL,WET,NO DEFECTS,N,FAILING TO YIELD RIGHT-OF-WAY,BEAT_119,2,10,0,7,42.165793,-87.398716,41,6,Sunday,10,20,Night,1,0
2026-10-11 20:53:00,25,CLEAR,DAYLIGHT,PARKED MOTOR VEHICLE,ONE-WAY,STRAIGHT AND LEVEL,WET,"RUT, HOLES",N,FOLLOWING TOO CLOSELY,BEAT_111,2,10,0,7,42.048621,-87.500036,41,6,Sunday,10,20,Night,1,0
2026-10-18 00:28:00,40,CLEAR,"DARKNESS, LIGHTED ROAD",ANGLE,NOT DIVIDED,STRAIGHT AND LEVEL,DRY,NO DEFECTS,Y,IMPROPER OVERTAKING/PASSING,BEAT_109,3,10,0,7,42.009283,-87.519661,42,6,Sunday,10,0,Night,1,0
2026-10-18 02:00:00,30,CLEAR,DAYLIGHT,SIDESWIPE SAME DIRECTION,DIVIDED - W/MEDIAN,STRAIGHT AND LEVEL,DRY,NO DEFECTS,N,FAILING TO YIELD RIGHT-OF-WAY,BEAT_111,2,10,0,7,42.043837,-87.500037,42,6,Sunday,10,2,Night,1,0
2026-10-18 02:04:00,30,CLEAR,DAYLIGHT,REAR END,FOUR WAY INTERSECTION,STRAIGHT AND LEVEL,WET,NO DEFECTS,Y,IMPROPER OVERTAKING/PASSING,BEAT_106,2,10,0,7,41.965857,-87.563082,42,6,Sunday,10,2,Night,1,0
2026-10-18 04:08:00,30,CLEAR,DAWN,PARKED MOTOR VEHICLE,DIVIDED - W/MEDIAN,STRAIGHT AND LEVEL,DRY,NO DEFECTS,Y,PHYSICAL CONDITION OF DRIVER,BEAT_106,1,10,2,7,41.966769,-87.554215,42,6,Sunday,10,4,Night,1,1
2026-10-18 06:51:00,30,CLEAR,"DARKNESS, LIGHTED ROAD",REAR END,DIVIDED - W/MEDIAN,STRAIGHT AND LEVEL,DRY,WORN SURFACE,Y,DRIVING SKILLS/KNOWLEDGE/EXPERIENCE,BEAT_114,2,10,0,7,42.089128,-87.463886,42,6,Sunday,10,6,Morning_Rush,1,0
2026-10-18 08:58:00,40,SEVERE RAIN,DAWN,REAR END,NOT DIVIDED,STRAIGHT AND LEVEL,ICE,NO DEFECTS,Y,FAILING TO YIELD RIGHT-OF-WAY,BEAT_116,2,10,0,7,42.121219,-87.440356,42,6,Sunday,10,8,Morning_Rush,1,0
2026-10-18 10:02:00,35,CLEAR,"DARKNESS, LIGHTED ROAD",SIDESWIPE SAME DIRECTION,NOT DIVIDED,STRAIGHT AND LEVEL,DRY,NO DEFECTS,Y,FAILING TO YIELD RIGHT-OF-WAY,BEAT_119,2,10,1,7,42.169848,-87.404523,42,6,Sunday,10,10,Midday,1,1
2026-10-18 14:03:00,35,RAIN,DAYLIGHT,ANGLE,NOT DIVIDED,STRAIGHT AND LEVEL,WET,NO DEFECTS,Y,FOLLOWING TOO CLOSELY,BEAT_104,2,10,1,7,41.939169,-87.580522,42,6,Sunday,10,14,Midday,1,1
2026-10-18 14:58:00,45,CLEAR,DAYLIGHT,SIDESWIPE SAME DIRECTION,DIVIDED - W/MEDIAN,STRAIGHT AND LEVEL,DRY,NO DEFECTS,N,PHYSICAL CONDITION OF DRIVER,BEAT_111,2,10,0,7,42.045787,-87.496167,42,6,Sunday,10,14,Midday,1,0
2026-10-18 19:10:00,20,CLEAR,DAYLIGHT,REAR END,DIVIDED - W/MEDIAN,STRAIGHT AND LEVEL,WET,NO DEFECTS,Y,FOLLOWING TOO CLOSELY,BEAT_119,3,10,0,7,42.162528,-87.401911,42,6,Sunday,10,19,Evening_Rush,1,0
2026-10-25 00:31:00,30,CLEAR,DAYLIGHT,REAR END,ALLEY,STRAIGHT AND LEVEL,DRY,SHOULDER DEFECT,N,FAILING TO YIELD RIGHT-OF-WAY,BEAT_116,2,10,0,7,42.120229,-87.438153,43,6,Sunday,10,0,Night,1,0
2026-10-25 04:12:00,30,CLEAR,DUSK,REAR END,ONE-WAY,STRAIGHT AND LEVEL,DRY,NO DEFECTS,N,FOLLOWING TOO CLOSELY,BEAT_115,2,10,0,7,42.101288,-87.448877,43,6,Sunday,10,4,Night,1,0
2026-10-25 04:47:00,25,SNOW,DAYLIGHT,REAR END,DIVIDED - W/MEDIAN,STRAIGHT AND LEVEL,WET,NO DEFECTS,N,WEATHER,BEAT_119,2,10,0,7,42.164919,-87.400437,43,6,Sunday,10,4,Night,1,0
2026-10-25 05:18:00,25,CLEAR,"DARKNESS, LIGHTED ROAD",TURNING,ONE-WAY,STRAIGHT AND LEVEL,DRY,NO DEFECTS,N,FOLLOWING TOO CLOSELY,BEAT_118,1,10,0,7,42.150487,-87.416746,43,6,Sunday,10,5,Night,1,0
2026-10-25 05:26:00,40,CLEAR,DAYLIGHT,TURNING,FOUR WAY INTERSECTION,STRAIGHT AND LEVEL,DRY,NO DEFECTS,N,DRIVING SKILLS/KNOWLEDGE/EXPERIENCE,BEAT_101,2,10,0,7,41.893546,-87.618133,43,6,Sunday,10,5,Night,1,0
2026-10-25 06:40:00,30,RAIN,DARKNESS,REAR END,NOT DIVIDED,STRAIGHT AND LEVEL,WET,NO DEFECTS,Y,FAILING TO YIELD RIGHT-OF-WAY,BEAT_118,2,10,0,7,42.150706,-87.414251,43,6,Sunday,10,6,Morning_Rush,1,0
2026-10-25 06:54:00,20,CLEAR,"DARKNESS, LIGHTED ROAD",SIDESWIPE SAME DIRECTION,NOT DIVIDED,STRAIGHT AND LEVEL,DRY,NO DEFECTS,Y,FAILING TO YIELD RIGHT-OF-WAY,BEAT_112,2,10,0,7,42.055603,-87.480452,43,6,Sunday,10,6,Morning_Rush,1,0
2026-10-25 07:20:00,25,RAIN,DAYLIGHT,TURNING,DIVIDED - W/MEDIAN,STRAIGHT AND LEVEL,WET,NO DEFECTS,Y,FOLLOWING TOO CLOSELY,BEAT_109,2,10,0,7,42.016167,-87.525059,43,6,Sunday,10,7,Morning_Rush,1,0
2026-10-25 08:07:00,50,CLEAR,DAYLIGHT,PEDESTRIAN,NOT DIVIDED,STRAIGHT AND LEVEL,DRY,NO DEFECTS,Y,DISREGARDING TRAFFIC SIGNALS,BEAT_108,2,10,0,7,42.000028,-87.530773,43,6,Sunday,10,8,Morning_Rush,1,0
2026-10-25 08:59:00,30,CLEAR,"DARKNESS, LIGHTED ROAD",SIDESWIPE SAME DIRECTION,T-INTERSECTION,STRAIGHT AND LEVEL,DRY,"RUT, HOLES",N,FOLLOWING TOO CLOSELY,BEAT_115,2,10,0,7,42.100897,-87.448837,43,6,Sunday,10,8,Morning_Rush,1,0
2026-10-25 09:29:00,25,FOG/SMOKE/HAZE,DAYLIGHT,REAR END,NOT DIVIDED,STRAIGHT AND LEVEL,WET,NO DEFECTS,N,DISREGARDING TRAFFIC SIGNALS,BEAT_111,4,10,0,7,42.04475,-87.499767,43,6,Sunday,10,9,Morning_Rush,1,0
2026-10-25 09:41:00,25,FOG/SMOKE/HAZE,"DARKNESS, LIGHTED ROAD",ANGLE,NOT DIVIDED,STRAIGHT AND LEVEL,WET,NO DEFECTS,N,DRIVING SKILLS/KNOWLEDGE/EXPERIENCE,BEAT_107,2,10,0,7,41.983115,-87.545782,43,6,Sunday,10,9,Morning_Rush,1,0
2026-10-25 09:45:00,25,CLEAR,"DARKNESS, LIGHTED ROAD",PEDESTRIAN,NOT DIVIDED,STRAIGHT AND LEVEL,DRY,NO DEFECTS,N,FAILING TO YIELD RIGHT-OF-WAY,BEAT_120,2,10,0,7,42.178594,-87.389925,43,6,Sunday,10,9,Morning_Rush,1,0
2026-10-25 12:11:00,30,CLEAR,DAYLIGHT,REAR END,FOUR WAY INTERSECTION,STRAIGHT AND LEVEL,SNOW OR SLUSH,NO DEFECTS,Y,FOLLOWING TOO CLOSELY,BEAT_110,2,10,1,7,42.032404,-87.510754,43,6,Sunday,10,12,Midday,1,1
2026-10-25 15:59:00,25,CLEAR,DAYLIGHT,REAR END,DIVIDED - W/MEDIAN,STRAIGHT AND LEVEL,DRY,NO DEFECTS,N,FAILING TO YIELD RIGHT-OF-WAY,BEAT_109,1,10,0,7,42.008143,-87.524405,43,6,Sunday,10,15,Midday,1,0
2026-10-25 16:29:00,45,SNOW,DAYLIGHT,TURNING,ONE-WAY,STRAIGHT AND LEVEL,WET,NO DEFECTS,N,FAILING TO YIELD RIGHT-OF-WAY,BEAT_108,2,10,1,7,42.000909,-87.533183,43,6,Sunday,10,16,Evening_Rush,1,1
2026-10-25 16:46:00,35,CLEAR,DAYLIGHT,ANGLE,NOT DIVIDED,STRAIGHT AND LEVEL,DRY,NO DEFECTS,Y,FOLLOWING TOO CLOSELY,BEAT_108,2,10,0,7,41.996207,-87.532025,43,6,Sunday,10,16,Evening_Rush,1,0
2026-11-01 00:12:00,25,CLEAR,DAYLIGHT,SIDESWIPE SAME DIRECTION,DIVIDED - W/MEDIAN,STRAIGHT AND LEVEL,DRY,NO DEFECTS,N,DRIVING SKILLS/KNOWLEDGE/EXPERIENCE,BEAT_120,2,11,0,7,42.177107,-87.394349,44,6,Sunday,11,0,Night,1,0
2026-11-01 05:35:00,30,SNOW,DAYLIGHT,SIDESWIPE SAME DIRECTION,ALLEY,STRAIGHT AND LEVEL,WET,NO DEFECTS,N,DISREGARDING TRAFFIC SIGNALS,BEAT_109,2,11,0,7,42.008225,-87.520096,44,6,Sunday,11,5,Night,1,0
2026-11-01 08:02:00,30,CLEAR,DAYLIGHT,REAR END,ONE-WAY,STRAIGHT ON GRADE,WET,NO DEFECTS,N,WEATHER,BEAT_107,3,11,0,7,41.983711,-87.547164,44,6,Sunday,11,8,Morning_Rush,1,0
2026-11-01 16:34:00,25,CLEAR,"DARKNESS, LIGHTED ROAD",PARKED MOTOR VEHICLE,ONE-WAY,STRAIGHT AND LEVEL,DRY,WORN SURFACE,N,WEATHER,BEAT_112,2,11,0,7,42.058225,-87.486497,44,6,Sunday,11,16,Evening_Rush,1,0
2026-11-01 18:27:00,30,CLEAR,DARKNESS,PARKED MOTOR VEHICLE,T-INTERSECTION,STRAIGHT AND LEVEL,WET,NO DEFECTS,Y,DRIVING SKILLS/KNOWLEDGE/EXPERIENCE,BEAT_116,2,11,0,7,42.121741,-87.436173,44,6,Sunday,11,18,Evening_Rush,1,0
2026-11-01 18:37:00,30,RAIN,DAYLIGHT,REAR END,ONE-WAY,STRAIGHT AND LEVEL,SNOW OR SLUSH,NO DEFECTS,N,DISREGARDING TRAFFIC SIGNALS,BEAT_101,1,11,0,7,41.894564,-87.616616,44,6,Sunday,11,18,Evening_Rush,1,0
2026-11-01 19:13:00,25,CLEAR,DAYLIGHT,SIDESWIPE SAME DIRECTION,FOUR WAY INTERSECTION,"CURVE, LEVEL",WET,NO DEFECTS,N,FAILING TO YIELD RIGHT-OF-WAY,BEAT_114,1,11,0,7,42.087574,-87.464226,44,6,Sunday,11,19,Evening_Rush,1,0
2026-11-01 20:50:00,25,CLEAR,"DARKNESS, LIGHTED ROAD",ANGLE,ONE-WAY,STRAIGHT AND LEVEL,WET,WORN SURFACE,N,FAILING TO YIELD RIGHT-OF-WAY,BEAT_102,3,11,1,7,41.909616,-87.605212,44,6,Sunday,11,20,Night,1,1
2026-11-01 22:17:00,25,CLEAR,DUSK,ANGLE,FOUR WAY INTERSECTION,STRAIGHT AND LEVEL,DRY,NO DEFECTS,Y,FAILING TO YIELD RIGHT-OF-WAY,BEAT_111,3,11,0,7,42.042921,-87.499138,44,6,Sunday,11,22,Night,1,0
2026-11-08 03:50:00,35,RAIN,DARKNESS,PEDESTRIAN,NOT DIVIDED,STRAIGHT AND LEVEL,WET,NO DEFECTS,Y,IMPROPER OVERTAKING/PASSING,BEAT_104,1,11,0,7,41.940322,-87.580051,45,6,Sunday,11,3,Night,1,0
2026-11-08 04:02:00,25,CLEAR,"DARKNESS, LIGHTED ROAD",REAR END,T-INTERSECTION,STRAIGHT AND LEVEL,DRY,NO DEFECTS,Y,FOLLOWING TOO CLOSELY,BEAT_108,2,11,0,7,42.000106,-87.537134,45,6,Sunday,11,4,Night,1,0
2026-11-08 05:55:00,25,CLEAR,DAYLIGHT,SIDESWIPE SAME DIRECTION,T-INTERSECTION,STRAIGHT AND LEVEL,WET,NO DEFECTS,N,FOLLOWING TOO CLOSELY,BEAT_111,2,11,0,7,42.050569,-87.496892,45,6,Sunday,11,5,Night,1,0
2026-11-08 06:56:00,30,CLEAR,DAWN,REAR END,DIVIDED - W/MEDIAN,STRAIGHT AND LEVEL,DRY,NO DEFECTS,Y,IMPROPER OVERTAKING/PASSING,BEAT_110,2,11,0,7,42.034036,-87.506335,45,6,Sunday,11,6,Morning_Rush,1,0
2026-11-08 10:46:00,40,CLEAR,"DARKNESS, LIGHTED ROAD",SIDESWIPE SAME DIRECTION,NOT DIVIDED,STRAIGHT AND LEVEL,DRY,NO DEFECTS,Y,DRIVING SKILLS/KNOWLEDGE/EXPERIENCE,BEAT_113,2,11,1,7,42.073707,-87.474438,45,6,Sunday,11,10,Midday,1,1
2026-11-08 11:32:00,30,CLEAR,DAYLIGHT,ANGLE,DIVIDED - W/MEDIAN,STRAIGHT AND LEVEL,DRY,NO DEFECTS,Y,DRIVING SKILLS/KNOWLEDGE/EXPERIENCE,BEAT_107,2,11,0,7,41.981269,-87.549072,45,6,Sunday,11,11,Midday,1,0
2026-11-08 20:42:00,40,CLEAR,"DARKNESS, LIGHTED ROAD",SIDESWIPE SAME DIRECTION,DIVIDED - W/MEDIAN,STRAIGHT AND LEVEL,DRY,NO DEFECTS,N,FAILING TO YIELD RIGHT-OF-WAY,BEAT_113,2,11,1,7,42.073155,-87.476137,45,6,Sunday,11,20,Night,1,1
2026-11-08 21:39:00,25,CLEAR,"DARKNESS, LIGHTED ROAD",SIDESWIPE SAME DIRECTION,ONE-WAY,STRAIGHT AND LEVEL,DRY,NO DEFECTS,N,FOLLOWING TOO CLOSELY,BEAT_109,2,11,0,7,42.014085,-87.517946,45,6,Sunday,11,21,Night,1,0
2026-11-08 22:58:00,30,CLEAR,DAYLIGHT,FIXED OBJECT,DIVIDED - W/MEDIAN,STRAIGHT AND LEVEL,DRY,NO DEFECTS,N,FAILING TO YIELD RIGHT-OF-WAY,BEAT_111,2,11,0,7,42.03805,-87.497276,45,6,Sunday,11,22,Night,1,0
2026-11-15 03:04:00,25,CLEAR,DAYLIGHT,REAR END,NOT DIVIDED,"CURVE, LEVEL",WET,NO DEFECTS,N,FAILING TO YIELD RIGHT-OF-WAY,BEAT_110,2,11,0,7,42.035797,-87.510546,46,6,Sunday,11,3,Night,1,0
2026-11-15 06:43:00,30,RAIN,"DARKNESS, LIGHTED ROAD",TURNING,DIVIDED - W/MEDIAN,STRAIGHT AND LEVEL,WET,NO DEFECTS,N,DISREGARDING TRAFFIC SIGNALS,BEAT_120,2,11,1,7,42.17769,-87.389761,46,6,Sunday,11,6,Morning_Rush,1,1
2026-11-15 08:00:00,20,RAIN,"DARKNESS, LIGHTED ROAD",ANGLE,DIVIDED - W/MEDIAN,STRAIGHT AND LEVEL,SNOW OR SLUSH,NO DEFECTS,Y,FAILING TO YIELD RIGHT-OF-WAY,BEAT_112,2,11,3,7,42.05784,-87.48156,46,6,Sunday,11,8,Morning_Rush,1,1
2026-11-15 08:37:00,25,CLEAR,"DARKNESS, LIGHTED ROAD",PEDESTRIAN,NOT DIVIDED,STRAIGHT AND LEVEL,DRY,NO DEFECTS,Y,FOLLOWING TOO CLOSELY,BEAT_109,2,11,0,7,42.018205,-87.520595,46,6,Sunday,11,8,Morning_Rush,1,0
2026-11-15 14:29:00,50,CLEAR,"DARKNESS, LIGHTED ROAD",PARKED MOTOR VEHICLE,DIVIDED - W/MEDIAN,STRAIGHT AND LEVEL,DRY,NO DEFECTS,Y,PHYSICAL CONDITION OF DRIVER,BEAT_105,2,11,2,7,41.951761,-87.569218,46,6,Sunday,11,14,Midday,1,1
2026-11-15 15:16:00,25,CLEAR,DAYLIGHT,ANGLE,NOT DIVIDED,STRAIGHT AND LEVEL,DRY,NO DEFECTS,Y,FAILING TO YIELD RIGHT-OF-WAY,BEAT_104,2,11,0,7,41.939943,-87.579527,46,6,Sunday,11,15,Midday,1,0
2026-11-15 15:37:00,50,RAIN,"DARKNESS, LIGHTED ROAD",SIDESWIPE SAME DIRECTION,ONE-WAY,STRAIGHT AND LEVEL,WET,"RUT, HOLES",Y,IMPROPER OVERTAKING/PASSING,BEAT_115,3,11,0,7,42.095737,-87.44872,46,6,Sunday,11,15,Midday,1,0
2026-11-15 16:38:00,35,RAIN,DARKNESS,TURNING,NOT DIVIDED,STRAIGHT AND LEVEL,WET,NO DEFECTS,Y,WEATHER,BEAT_108,2,11,1,7,41.997391,-87.531771,46,6,Sunday,11,16,Evening_Rush,1,1
2026-11-15 16:58:00,35,RAIN,DAYLIGHT,ANGLE,NOT DIVIDED,STRAIGHT ON GRADE,WET,NO DEFECTS,N,WEATHER,BEAT_116,1,11,0,7,42.117698,-87.440599,46,6,Sunday,11,16,Evening_Rush,1,0
2026-11-15 18:20:00,35,CLEAR,DAYLIGHT,REAR END,NOT DIVIDED,STRAIGHT AND LEVEL,DRY,NO DEFECTS,N,WEATHER,BEAT_107,2,11,0,7,41.984679,-87.548035,46,6,Sunday,11,18,Evening_Rush,1,0
2026-11-15 18:34:00,25,CLEAR,"DARKNESS, LIGHTED ROAD",SIDESWIPE SAME DIRECTION,DIVIDED - W/MEDIAN,"CURVE, LEVEL",DRY,NO DEFECTS,Y,DISREGARDING TRAFFIC SIGNALS,BEAT_120,2,11,0,7,42.181144,-87.387355,46,6,Sunday,11,18,Evening_Rush,1,0
2026-11-15 20:33:00,30,RAIN,DAYLIGHT,PARKED MOTOR VEHICLE,DIVIDED - W/MEDIAN,STRAIGHT AND LEVEL,WET,NO DEFECTS,Y,DISREGARDING TRAFFIC SIGNALS,BEAT_109,2,11,0,7,42.011002,-87.521998,46,6,Sunday,11,20,Night,1,0
2026-11-15 22:03:00,25,CLEAR,DAYLIGHT,REAR END,NOT DIVIDED,STRAIGHT AND LEVEL,SNOW OR SLUSH,NO DEFECTS,N,DISREGARDING TRAFFIC SIGNALS,BEAT_116,1,11,0,7,42.119209,-87.436862,46,6,Sunday,11,22,Night,1,0
2026-11-15 23:47:00,35,CLEAR,"DARKNESS, LIGHTED ROAD",SIDESWIPE SAME DIRECTION,NOT DIVIDED,STRAIGHT AND LEVEL,DRY,"RUT, HOLES",N,FAILING TO YIELD RIGHT-OF-WAY,BEAT_109,2,11,0,7,42.016857,-87.518391,46,6,Sunday,11,23,Night,1,0
2026-11-22 00:36:00,25,CLEAR,DAYLIGHT,PEDESTRIAN,DIVIDED - W/MEDIAN,STRAIGHT AND LEVEL,DRY,NO DEFECTS,Y,FAILING TO YIELD RIGHT-OF-WAY,BEAT_104,2,11,0,7,41.936794,-87.58039,47,6,Sunday,11,0,Night,1,0
2026-11-22 03:12:00,55,SNOW,DAYLIGHT,SIDESWIPE SAME DIRECTION,NOT DIVIDED,STRAIGHT AND LEVEL,WET,NO DEFECTS,N,FAILING TO YIELD RIGHT-OF-WAY,BEAT_104,2,11,0,7,41.933014,-87.585211,47,6,Sunday,11,3,Night,1,0
2026-11-22 04:54:00,30,CLEAR,"DARKNESS, LIGHTED ROAD",TURNING,ONE-WAY,STRAIGHT AND LEVEL,DRY,NO DEFECTS,Y,FOLLOWING TOO CLOSELY,BEAT_115,2,11,0,7,42.09781,-87.452831,47,6,Sunday,11,4,Night,1,0
2026-11-22 06:22:00,30,CLEAR,DAYLIGHT,REAR END,DIVIDED - W/MEDIAN,STRAIGHT AND LEVEL,DRY,"RUT, HOLES",N,FOLLOWING TOO CLOSELY,BEAT_110,2,11,0,7,42.030114,-87.506264,47,6,Sunday,11,6,Morning_Rush,1,0
2026-11-22 10:29:00,25,CLEAR,DAYLIGHT,PARKED MOTOR VEHICLE,DIVIDED - W/MEDIAN,STRAIGHT AND LEVEL,DRY,NO DEFECTS,Y,FOLLOWING TOO CLOSELY,BEAT_103,2,11,0,7,41.924624,-87.595511,47,6,Sunday,11,10,Midday,1,0
2026-11-22 11:20:00,25,CLEAR,DAYLIGHT,PARKED MOTOR VEHICLE,T-INTERSECTION,STRAIGHT AND LEVEL,DRY,"RUT, HOLES",N,WEATHER,BEAT_115,2,11,0,7,42.099932,-87.450199,47,6,Sunday,11,11,Midday,1,0
2026-11-22 12:14:00,30,CLEAR,DAYLIGHT,PARKED MOTOR VEHICLE,FOUR WAY INTERSECTION,STRAIGHT AND LEVEL,DRY,NO DEFECTS,N,WEATHER,BEAT_110,2,11,0,7,42.028592,-87.511229,47,6,Sunday,11,12,Midday,1,0
2026-11-22 13:57:00,25,CLEAR,DARKNESS,REAR END,DIVIDED - W/MEDIAN,STRAIGHT AND LEVEL,DRY,WORN SURFACE,N,IMPROPER OVERTAKING/PASSING,BEAT_116,2,11,0,7,42.120113,-87.440767,47,6,Sunday,11,13,Midday,1,0
2026-11-22 14:33:00,25,CLEAR,"DARKNESS, LIGHTED ROAD",ANGLE,T-INTERSECTION,STRAIGHT AND LEVEL,DRY,SHOULDER DEFECT,N,FAILING TO YIELD RIGHT-OF-WAY,BEAT_112,2,11,0,7,42.056148,-87.490973,47,6,Sunday,11,14,Midday,1,0
2026-11-22 15:25:00,40,SNOW,DAYLIGHT,REAR END,NOT DIVIDED,"CURVE, LEVEL",WET,NO DEFECTS,N,FAILING TO YIELD RIGHT-OF-WAY,BEAT_105,2,11,0,7,41.953277,-87.570993,47,6,Sunday,11,15,Midday,1,0
2026-11-22 16:29:00,30,CLEAR,DAYLIGHT,REAR END,T-INTERSECTION,STRAIGHT AND LEVEL,DRY,SHOULDER DEFECT,N,FAILING TO YIELD RIGHT-OF-WAY,BEAT_108,1,11,0,7,41.998992,-87.530984,47,6,Sunday,11,16,Evening_Rush,1,0
2026-11-22 18:02:00,30,CLEAR,DAYLIGHT,REAR END,ONE-WAY,STRAIGHT AND LEVEL,DRY,NO DEFECTS,N,FOLLOWING TOO CLOSELY,BEAT_105,2,11,0,7,41.945648,-87.569429,47,6,Sunday,11,18,Evening_Rush,1,0
2026-11-22 21:44:00,25,CLEAR,DAYLIGHT,REAR END,DIVIDED - W/MEDIAN,STRAIGHT AND LEVEL,DRY,NO DEFECTS,Y,FAILING TO YIELD RIGHT-OF-WAY,BEAT_115,2,11,1,7,42.105919,-87.447895,47,6,Sunday,11,21,Night,1,1
2026-11-22 22:27:00,25,CLEAR,DAYLIGHT,REAR END,ONE-WAY,STRAIGHT AND LEVEL,DRY,NO DEFECTS,Y,DRIVING SKILLS/KNOWLEDGE/EXPERIENCE,BEAT_117,2,11,3,7,42.130018,-87.424751,47,6,Sunday,11,22,Night,1,1
2026-11-22 22:47:00,30,CLEAR,DUSK,SIDESWIPE SAME DIRECTION,T-INTERSECTION,STRAIGHT AND LEVEL,DRY,SHOULDER DEFECT,Y,FAILING TO YIELD RIGHT-OF-WAY,BEAT_117,1,11,0,7,42.131441,-87.420718,47,6,Sunday,11,22,Night,1,0
2026-11-29 01:18:00,50,CLEAR,DAWN,REAR END,DIVIDED - W/MEDIAN,STRAIGHT AND LEVEL,DRY,WORN SURFACE,N,DRIVING SKILLS/KNOWLEDGE/EXPERIENCE,BEAT_114,2,11,0,7,42.088373,-87.463492,48,6,Sunday,11,1,Night,1,0
2026-11-29 05:28:00,30,CLEAR,DAYLIGHT,TURNING,NOT DIVIDED,STRAIGHT AND LEVEL,WET,NO DEFECTS,Y,DRIVING SKILLS/KNOWLEDGE/EXPERIENCE,BEAT_110,2,11,1,7,42.033731,-87.505185,48,6,Sunday,11,5,Night,1,1
2026-11-29 07:11:00,40,RAIN,"DARKNESS, LIGHTED ROAD",REAR END,T-INTERSECTION,STRAIGHT AND LEVEL,WET,NO DEFECTS,Y,FOLLOWING TOO CLOSELY,BEAT_109,3,11,2,7,42.014081,-87.524299,48,6,Sunday,11,7,Morning_Rush,1,1
2026-11-29 07:56:00,25,SNOW,DAYLIGHT,ANGLE,DIVIDED - W/MEDIAN,CURVE ON GRADE,WET,NO DEFECTS,Y,WEATHER,BEAT_111,2,11,2,7,42.045255,-87.492548,48,6,Sunday,11,7,Morning_Rush,1,1
2026-11-29 11:46:00,25,CLEAR,"DARKNESS, LIGHTED ROAD",ANGLE,NOT DIVIDED,STRAIGHT AND LEVEL,DRY,NO DEFECTS,N,DRIVING SKILLS/KNOWLEDGE/EXPERIENCE,BEAT_118,1,11,0,7,42.144722,-87.418262,48,6,Sunday,11,11,Midday,1,0
2026-11-29 13:40:00,25,CLEAR,DAYLIGHT,PARKED MOTOR VEHICLE,ONE-WAY,STRAIGHT AND LEVEL,SNOW OR SLUSH,NO DEFECTS,N,IMPROPER OVERTAKING/PASSING,BEAT_116,2,11,0,7,42.121609,-87.435217,48,6,Sunday,11,13,Midday,1,0
2026-11-29 21:07:00,35,RAIN,"DARKNESS, LIGHTED ROAD",REAR END,NOT DIVIDED,"CURVE, LEVEL",WET,"RUT, HOLES",Y,FAILING TO YIELD RIGHT-OF-WAY,BEAT_105,2,11,1,7,41.958032,-87.573843,48,6,Sunday,11,21,Night,1,1
2026-11-29 21:08:00,20,CLEAR,DAYLIGHT,ANGLE,ONE-WAY,STRAIGHT AND LEVEL,DRY,NO DEFECTS,N,FOLLOWING TOO CLOSELY,BEAT_110,2,11,0,7,42.027621,-87.509496,48,6,Sunday,11,21,Night,1,0
2026-11-29 21:20:00,25,CLEAR,DAYLIGHT,TURNING,DIVIDED - W/MEDIAN,STRAIGHT AND LEVEL,DRY,NO DEFECTS,N,FOLLOWING TOO CLOSELY,BEAT_104,2,11,0,7,41.939911,-87.581477,48,6,Sunday,11,21,Night,1,0
2026-11-29 21:28:00,30,CLEAR,DAYLIGHT,SIDESWIPE SAME DIRECTION,ALLEY,"CURVE, LEVEL",DRY,NO DEFECTS,Y,WEATHER,BEAT_106,2,11,0,7,41.96816,-87.558999,48,6,Sunday,11,21,Night,1,0
2026-12-06 00:04:00,25,CLEAR,DAYLIGHT,SIDESWIPE SAME DIRECTION,T-INTERSECTION,CURVE ON GRADE,DRY,NO DEFECTS,Y,IMPROPER OVERTAKING/PASSING,BEAT_105,2,12,0,7,41.951944,-87.570054,49,6,Sunday,12,0,Night,1,0
2026-12-06 05:43:00,35,CLEAR,DARKNESS,REAR END,ONE-WAY,STRAIGHT AND LEVEL,SNOW OR SLUSH,NO DEFECTS,Y,DRIVING SKILLS/KNOWLEDGE/EXPERIENCE,BEAT_117,2,12,0,7,42.132203,-87.42454,49,6,Sunday,12,5,Night,1,0
2026-12-06 06:23:00,30,CLEAR,"DARKNESS, LIGHTED ROAD",ANGLE,FOUR WAY INTERSECTION,STRAIGHT AND LEVEL,WET,DEBRIS ON ROAD,N,PHYSICAL CONDITION OF DRIVER,BEAT_110,2,12,0,7,42.031749,-87.509299,49,6,Sunday,12,6,Morning_Rush,1,0
2026-12-06 06:32:00,35,CLEAR,DAYLIGHT,PARKED MOTOR VEHICLE,ONE-WAY,"CURVE, LEVEL",DRY,NO DEFECTS,Y,DRIVING SKILLS/KNOWLEDGE/EXPERIENCE,BEAT_103,2,12,0,7,41.918584,-87.592595,49,6,Sunday,12,6,Morning_Rush,1,0
2026-12-06 14:59:00,25,CLEAR,DAYLIGHT,REAR END,NOT DIVIDED,STRAIGHT AND LEVEL,DRY,NO DEFECTS,Y,DRIVING SKILLS/KNOWLEDGE/EXPERIENCE,BEAT_117,2,12,0,7,42.13393,-87.422214,49,6,Sunday,12,14,Midday,1,0
2026-12-06 15:08:00,40,RAIN,"DARKNESS, LIGHTED ROAD",ANGLE,NOT DIVIDED,STRAIGHT AND LEVEL,WET,"RUT, HOLES",N,DRIVING SKILLS/KNOWLEDGE/EXPERIENCE,BEAT_117,2,12,0,7,42.134761,-87.424539,49,6,Sunday,12,15,Midday,1,0
2026-12-06 15:41:00,30,CLEAR,"DARKNESS, LIGHTED ROAD",FIXED OBJECT,DIVIDED - W/MEDIAN,STRAIGHT AND LEVEL,DRY,NO DEFECTS,Y,IMPROPER OVERTAKING/PASSING,BEAT_114,2,12,0,7,42.089663,-87.461491,49,6,Sunday,12,15,Midday,1,0
2026-12-06 15:52:00,30,CLEAR,DARKNESS,SIDESWIPE SAME DIRECTION,DIVIDED - W/MEDIAN,STRAIGHT AND LEVEL,DRY,NO DEFECTS,Y,FAILING TO YIELD RIGHT-OF-WAY,BEAT_112,2,12,0,7,42.056998,-87.488612,49,6,Sunday,12,15,Midday,1,0
2026-12-06 19:10:00,30,CLEAR,DAYLIGHT,TURNING,DIVIDED - W/MEDIAN,STRAIGHT AND LEVEL,DRY,NO DEFECTS,Y,FAILING TO YIELD RIGHT-OF-WAY,BEAT_118,2,12,1,7,42.145918,-87.413433,49,6,Sunday,12,19,Evening_Rush,1,1
2026-12-06 20:13:00,25,CLEAR,DAYLIGHT,REAR END,ONE-WAY,STRAIGHT AND LEVEL,ICE,NO DEFECTS,N,DISREGARDING TRAFFIC SIGNALS,BEAT_115,4,12,0,7,42.104291,-87.44848,49,6,Sunday,12,20,Night,1,0
2026-12-06 20:33:00,25,CLEAR,DAYLIGHT,ANGLE,ONE-WAY,STRAIGHT AND LEVEL,DRY,NO DEFECTS,Y,FAILING TO YIELD RIGHT-OF-WAY,BEAT_117,3,12,0,7,42.13094,-87.425588,49,6,Sunday,12,20,Night,1,0
2026-12-06 23:04:00,30,CLEAR,DAYLIGHT,ANGLE,DIVIDED - W/MEDIAN,STRAIGHT AND LEVEL,DRY,NO DEFECTS,Y,FAILING TO YIELD RIGHT-OF-WAY,BEAT_102,2,12,0,7,41.903531,-87.602182,49,6,Sunday,12,23,Night,1,0
2026-12-13 02:14:00,30,RAIN,"DARKNESS, LIGHTED ROAD",PARKED MOTOR VEHICLE,ONE-WAY,STRAIGHT ON GRADE,WET,SHOULDER DEFECT,Y,FAILING TO YIELD RIGHT-OF-WAY,BEAT_117,2,12,0,7,42.128142,-87.426668,50,6,Sunday,12,2,Night,1,0
2026-12-13 02:56:00,35,CLEAR,"DARKNESS, LIGHTED ROAD",ANGLE,NOT DIVIDED,STRAIGHT AND LEVEL,DRY,"RUT, HOLES",N,FOLLOWING TOO CLOSELY,BEAT_112,2,12,0,7,42.065717,-87.486211,50,6,Sunday,12,2,Night,1,0
2026-12-13 03:40:00,30,RAIN,"DARKNESS, LIGHTED ROAD",REAR END,DIVIDED - W/MEDIAN,STRAIGHT AND LEVEL,WET,NO DEFECTS,Y,DRIVING SKILLS/KNOWLEDGE/EXPERIENCE,BEAT_107,2,12,0,7,41.984999,-87.544313,50,6,Sunday,12,3,Night,1,0
2026-12-13 03:46:00,25,CLEAR,DAYLIGHT,TURNING,T-INTERSECTION,"CURVE, LEVEL",DRY,NO DEFECTS,Y,DISREGARDING TRAFFIC SIGNALS,BEAT_113,2,12,0,7,42.07477,-87.475795,50,6,Sunday,12,3,Night,1,0
2026-12-13 07:56:00,25,CLEAR,DAYLIGHT,REAR END,DIVIDED - W/MEDIAN,STRAIGHT AND LEVEL,DRY,NO DEFECTS,Y,FOLLOWING TOO CLOSELY,BEAT_114,1,12,0,7,42.084519,-87.457194,50,6,Sunday,12,7,Morning_Rush,1,0
2026-12-13 08:51:00,30,SEVERE RAIN,DAYLIGHT,ANGLE,DIVIDED - W/MEDIAN,STRAIGHT AND LEVEL,WET,NO DEFECTS,Y,WEATHER,BEAT_109,2,12,0,7,42.015635,-87.521359,50,6,Sunday,12,8,Morning_Rush,1,0
2026-12-13 11:20:00,20,RAIN,"DARKNESS, LIGHTED ROAD",REAR END,FOUR WAY INTERSECTION,STRAIGHT AND LEVEL,WET,NO DEFECTS,Y,DRIVING SKILLS/KNOWLEDGE/EXPERIENCE,BEAT_120,1,12,1,7,42.177458,-87.39504,50,6,Sunday,12,11,Midday,1,1
2026-12-13 13:05:00,25,RAIN,DAYLIGHT,TURNING,NOT DIVIDED,STRAIGHT AND LEVEL,WET,NO DEFECTS,N,PHYSICAL CONDITION OF DRIVER,BEAT_105,2,12,1,7,41.952965,-87.569671,50,6,Sunday,12,13,Midday,1,1
2026-12-13 14:19:00,35,RAIN,DAYLIGHT,SIDESWIPE SAME DIRECTION,NOT DIVIDED,STRAIGHT AND LEVEL,WET,NO DEFECTS,Y,IMPROPER OVERTAKING/PASSING,BEAT_110,1,12,1,7,42.031232,-87.50807,50,6,Sunday,12,14,Midday,1,1
2026-12-13 15:56:00,30,SNOW,"DARKNESS, LIGHTED ROAD",REAR END,NOT DIVIDED,STRAIGHT AND LEVEL,WET,NO DEFECTS,N,FOLLOWING TOO CLOSELY,BEAT_104,2,12,0,7,41.935113,-87.581876,50,6,Sunday,12,15,Midday,1,0
2026-12-13 16:42:00,30,CLEAR,DAYLIGHT,SIDESWIPE SAME DIRECTION,NOT DIVIDED,STRAIGHT AND LEVEL,DRY,NO DEFECTS,Y,FOLLOWING TOO CLOSELY,BEAT_117,1,12,0,7,42.132955,-87.426691,50,6,Sunday,12,16,Evening_Rush,1,0
2026-12-13 16:54:00,40,CLEAR,DAYLIGHT,TURNING,NOT DIVIDED,STRAIGHT AND LEVEL,DRY,NO DEFECTS,N,WEATHER,BEAT_118,2,12,3,7,42.148949,-87.414106,50,6,Sunday,12,16,Evening_Rush,1,1
2026-12-13 17:57:00,25,CLEAR,DAYLIGHT,ANGLE,NOT DIVIDED,STRAIGHT AND LEVEL,DRY,NO DEFECTS,Y,FAILING TO YIELD RIGHT-OF-WAY,BEAT_104,2,12,0,7,41.936735,-87.57854,50,6,Sunday,12,17,Evening_Rush,1,0
2026-12-13 19:17:00,35,CLEAR,DAWN,FIXED OBJECT,DIVIDED - W/MEDIAN,STRAIGHT AND LEVEL,DRY,NO DEFECTS,Y,WEATHER,BEAT_114,2,12,0,7,42.090871,-87.464952,50,6,Sunday,12,19,Evening_Rush,1,0
2026-12-13 19:23:00,30,CLEAR,DAYLIGHT,REAR END,ONE-WAY,STRAIGHT AND LEVEL,DRY,NO DEFECTS,Y,FOLLOWING TOO CLOSELY,BEAT_117,1,12,0,7,42.137049,-87.426396,50,6,Sunday,12,19,Evening_Rush,1,0
2026-12-13 19:37:00,25,SNOW,"DARKNESS, LIGHTED ROAD",REAR END,NOT DIVIDED,STRAIGHT AND LEVEL,ICE,NO DEFECTS,N,WEATHER,BEAT_116,1,12,0,7,42.118677,-87.431592,50,6,Sunday,12,19,Evening_Rush,1,0
2026-12-13 21:08:00,45,SNOW,DAYLIGHT,ANGLE,DIVIDED - W/MEDIAN,STRAIGHT AND LEVEL,SNOW OR SLUSH,NO DEFECTS,N,FAILING TO YIELD RIGHT-OF-WAY,BEAT_118,2,12,0,7,42.141989,-87.412391,50,6,Sunday,12,21,Night,1,0
2026-12-20 00:26:00,25,RAIN,DAYLIGHT,ANGLE,NOT DIVIDED,"CURVE, LEVEL",WET,NO DEFECTS,Y,FOLLOWING TOO CLOSELY,BEAT_102,4,12,0,7,41.906204,-87.606731,51,6,Sunday,12,0,Night,1,0
2026-12-20 05:00:00,20,CLEAR,DAYLIGHT,REAR END,DIVIDED - W/MEDIAN,STRAIGHT AND LEVEL,WET,NO DEFECTS,N,DRIVING SKILLS/KNOWLEDGE/EXPERIENCE,BEAT_117,3,12,0,7,42.130333,-87.429565,51,6,Sunday,12,5,Night,1,0
2026-12-20 17:32:00,30,RAIN,"DARKNESS, LIGHTED ROAD",REAR END,NOT DIVIDED,STRAIGHT AND LEVEL,WET,"RUT, HOLES",N,IMPROPER OVERTAKING/PASSING,BEAT_101,2,12,0,7,41.892335,-87.61442,51,6,Sunday,12,17,Evening_Rush,1,0
2026-12-20 18:07:00,55,CLEAR,DAWN,SIDESWIPE SAME DIRECTION,DIVIDED - W/MEDIAN,STRAIGHT AND LEVEL,WET,NO DEFECTS,N,FAILING TO YIELD RIGHT-OF-WAY,BEAT_111,2,12,0,7,42.04179,-87.50023,51,6,Sunday,12,18,Evening_Rush,1,0
2026-12-20 18:55:00,25,CLEAR,DAYLIGHT,REAR END,T-INTERSECTION,STRAIGHT AND LEVEL,WET,NO DEFECTS,Y,IMPROPER OVERTAKING/PASSING,BEAT_107,2,12,0,7,41.979092,-87.544457,51,6,Sunday,12,18,Evening_Rush,1,0
2026-12-20 20:31:00,25,CLEAR,DARKNESS,TURNING,T-INTERSECTION,STRAIGHT AND LEVEL,DRY,NO DEFECTS,Y,FOLLOWING TOO CLOSELY,BEAT_120,2,12,0,7,42.174733,-87.390846,51,6,Sunday,12,20,Night,1,0
2026-12-27 05:55:00,25,CLEAR,DAYLIGHT,REAR END,NOT DIVIDED,STRAIGHT AND LEVEL,ICE,NO DEFECTS,N,FOLLOWING TOO CLOSELY,BEAT_112,2,12,0,7,42.055375,-87.488446,52,6,Sunday,12,5,Night,1,0
2026-12-27 06:22:00,25,CLEAR,DAYLIGHT,REAR END,NOT DIVIDED,STRAIGHT AND LEVEL,DRY,"RUT, HOLES",N,FAILING TO YIELD RIGHT-OF-WAY,BEAT_113,2,12,0,7,42.075679,-87.473517,52,6,Sunday,12,6,Morning_Rush,1,0
2026-12-27 10:56:00,30,CLEAR,"DARKNESS, LIGHTED ROAD",SIDESWIPE SAME DIRECTION,T-INTERSECTION,STRAIGHT AND LEVEL,DRY,NO DEFECTS,N,DRIVING SKILLS/KNOWLEDGE/EXPERIENCE,BEAT_104,2,12,0,7,41.938285,-87.581984,52,6,Sunday,12,10,Midday,1,0
2026-12-27 12:41:00,40,CLEAR,"DARKNESS, LIGHTED ROAD",TURNING,NOT DIVIDED,STRAIGHT AND LEVEL,WET,NO DEFECTS,Y,FOLLOWING TOO CLOSELY,BEAT_108,2,12,0,7,41.991868,-87.532078,52,6,Sunday,12,12,Midday,1,0
2026-12-27 13:53:00,35,CLEAR,DAYLIGHT,REAR END,NOT DIVIDED,STRAIGHT AND LEVEL,DRY,NO DEFECTS,Y,DRIVING SKILLS/KNOWLEDGE/EXPERIENCE,BEAT_108,2,12,0,7,42.000946,-87.535729,52,6,Sunday,12,13,Midday,1,0
2026-12-27 14:11:00,25,CLEAR,"DARKNESS, LIGHTED ROAD",REAR END,DIVIDED - W/MEDIAN,STRAIGHT AND LEVEL,DRY,NO DEFECTS,Y,WEATHER,BEAT_116,2,12,0,7,42.116347,-87.43491,52,6,Sunday,12,14,Midday,1,0
2026-12-27 14:53:00,35,CLEAR,DAYLIGHT,ANGLE,NOT DIVIDED,STRAIGHT AND LEVEL,WET,NO DEFECTS,N,FAILING TO YIELD RIGHT-OF-WAY,BEAT_118,2,12,0,7,42.154084,-87.413927,52,6,Sunday,12,14,Midday,1,0
2026-12-27 16:37:00,35,RAIN,"DARKNESS, LIGHTED ROAD",SIDESWIPE SAME DIRECTION,DIVIDED - W/MEDIAN,STRAIGHT ON GRADE,WET,WORN SURFACE,N,DRIVING SKILLS/KNOWLEDGE/EXPERIENCE,BEAT_105,2,12,0,7,41.956412,-87.568606,52,6,Sunday,12,16,Evening_Rush,1,0
2026-12-27 19:31:00,50,SEVERE RAIN,DAYLIGHT,REAR END,DIVIDED - W/MEDIAN,STRAIGHT AND LEVEL,WET,NO DEFECTS,N,DRIVING SKILLS/KNOWLEDGE/EXPERIENCE,BEAT_102,2,12,1,7,41.906968,-87.605642,52,6,Sunday,12,19,Evening_Rush,1,1
2026-12-27 19:34:00,45,SEVERE RAIN,"DARKNESS, LIGHTED ROAD",TURNING,DIVIDED - W/MEDIAN,STRAIGHT AND LEVEL,WET,"RUT, HOLES",N,FAILING TO YIELD RIGHT-OF-WAY,BEAT_106,2,12,0,7,41.969731,-87.560499,52,6,Sunday,12,19,Evening_Rush,1,0
2026-12-27 20:07:00,30,CLEAR,DAYLIGHT,REAR END,NOT DIVIDED,STRAIGHT AND LEVEL,DRY,NO DEFECTS,Y,WEATHER,BEAT_119,2,12,0,7,42.162297,-87.403192,52,6,Sunday,12,20,Night,1,0
2026-12-27 20:36:00,25,CLEAR,DAYLIGHT,SIDESWIPE SAME DIRECTION,NOT DIVIDED,STRAIGHT AND LEVEL,DRY,"RUT, HOLES",N,DRIVING SKILLS/KNOWLEDGE/EXPERIENCE,BEAT_103,1,12,0,7,41.918424,-87.597072,52,6,Sunday,12,20,Night,1,0
2026-12-27 22:57:00,30,RAIN,DAYLIGHT,REAR END,FOUR WAY INTERSECTION,"CURVE, LEVEL",WET,NO DEFECTS,Y,FOLLOWING TOO CLOSELY,BEAT_104,2,12,1,7,41.938117,-87.578242,52,6,Sunday,12,22,Night,1,1
