CRASH_DATE,POSTED_SPEED_LIMIT,WEATHER_CONDITION,LIGHTING_CONDITION,FIRST_CRASH_TYPE,TRAFFICWAY_TYPE,ALIGNMENT,ROADWAY_SURFACE_COND,ROAD_DEFECT,INTERSECTION_RELATED_I,PRIM_CONTRIBUTORY_CAUSE,BEAT_OF_OCCURRENCE,NUM_UNITS,CRASH_MONTH,INJURIES_TOTAL,CRASH_DAY_OF_WEEK,LATITUDE,LONGITUDE,week,day_of_week,day_name,month,hour,time_of_day,is_weekend,incident_occurred
2026-01-01 01:14:00,40,CLEAR,DAYLIGHT,SIDESWIPE SAME DIRECTION,DIVIDED - W/MEDIAN,STRAIGHT AND LEVEL,DRY,NO DEFECTS,Y,FOLLOWING TOO CLOSELY,BEAT_112,2,1,0,4,42.05424,-87.485476,1,3,Thursday,1,1,Night,0,0
2026-01-01 01:37:00,30,RAIN,DARKNESS,ANGLE,NOT DIVIDED,STRAIGHT AND LEVEL,WET,WORN SURFACE,N,FOLLOWING TOO CLOSELY,BEAT_109,2,1,0,4,42.01551,-87.519748,1,3,Thursday,1,1,Night,0,0
2026-01-01 05:44:00,35,CLEAR,DAYLIGHT,REAR END,DIVIDED - W/MEDIAN,STRAIGHT AND LEVEL,DRY,NO DEFECTS,N,WEATHER,BEAT_115,2,1,0,4,42.10498,-87.449033,1,3,Thursday,1,5,Night,0,0
2026-01-01 06:31:00,20,CLEAR,DARKNESS,SIDESWIPE SAME DIRECTION,DIVIDED - W/MEDIAN,STRAIGHT AND LEVEL,DRY,NO DEFECTS,N,FOLLOWING TOO CLOSELY,BEAT_117,2,1,0,4,42.131277,-87.426212,1,3,Thursday,1,6,Morning_Rush,0,0
2026-01-01 08:47:00,30,CLEAR,DAYLIGHT,SIDESWIPE SAME DIRECTION,DIVIDED - W/MEDIAN,STRAIGHT AND LEVEL,WET,DEBRIS ON ROAD,Y,IMPROPER OVERTAKING/PASSING,BEAT_109,2,1,0,4,42.012062,-87.527498,1,3,Thursday,1,8,Morning_Rush,0,0
2026-01-01 12:45:00,30,CLEAR,DARKNESS,REAR END,ONE-WAY,STRAIGHT AND LEVEL,ICE,NO DEFECTS,N,FAILING TO YIELD RIGHT-OF-WAY,BEAT_116,2,1,0,4,42.118598,-87.434811,1,3,Thursday,1,12,Midday,0,0
2026-01-01 14:35:00,45,CLEAR,DAYLIGHT,REAR END,DIVIDED - W/MEDIAN,"CURVE, LEVEL",SNOW OR SLUSH,NO DEFECTS,Y,WEATHER,BEAT_116,2,1,0,4,42.11984,-87.444707,1,3,Thursday,1,14,Midday,0,0
2026-01-01 19:46:00,55,CLEAR,"DARKNESS, LIGHTED ROAD",PARKED MOTOR VEHICLE,ONE-WAY,STRAIGHT AND LEVEL,DRY,NO DEFECTS,Y,DRIVING SKILLS/KNOWLEDGE/EXPERIENCE,BEAT_112,2,1,0,4,42.059748,-87.485955,1,3,Thursday,1,19,Evening_Rush,0,0
2026-01-08 00:30:00,25,CLEAR,DARKNESS,REAR END,ONE-WAY,STRAIGHT AND LEVEL,DRY,NO DEFECTS,N,DISREGARDING TRAFFIC SIGNALS,BEAT_117,2,1,0,4,42.134384,-87.427459,2,3,Thursday,1,0,Night,0,0
2026-01-08 00:45:00,35,RAIN,DAYLIGHT,TURNING,T-INTERSECTION,STRAIGHT AND LEVEL,WET,NO DEFECTS,Y,DRIVING SKILLS/KNOWLEDGE/EXPERIENCE,BEAT_110,2,1,1,4,42.030517,-87.514212,2,3,Thursday,1,0,Night,0,1
2026-01-08 02:30:00,45,CLEAR,"DARKNESS, LIGHTED ROAD",SIDESWIPE SAME DIRECTION,T-INTERSECTION,"CURVE, LEVEL",DRY,NO DEFECTS,Y,FOLLOWING TOO CLOSELY,BEAT_110,2,1,0,4,42.028256,-87.505197,2,3,Thursday,1,2,Night,0,0
2026-01-08 04:04:00,35,CLEAR,DAYLIGHT,SIDESWIPE SAME DIRECTION,DIVIDED - W/MEDIAN,STRAIGHT AND LEVEL,DRY,NO DEFECTS,N,FOLLOWING TOO CLOSELY,BEAT_108,2,1,0,4,41.995179,-87.530404,2,3,Thursday,1,4,Night,0,0
2026-01-08 05:09:00,30,CLEAR,DAYLIGHT,SIDESWIPE SAME DIRECTION,DIVIDED - W/MEDIAN,STRAIGHT AND LEVEL,DRY,NO DEFECTS,Y,FOLLOWING TOO CLOSELY,BEAT_107,2,1,2,4,41.981248,-87.541765,2,3,Thursday,1,5,Night,0,1
2026-01-08 07:54:00,35,CLEAR,DAYLIGHT,REAR END,NOT DIVIDED,STRAIGHT ON GRADE,DRY,WORN SURFACE,N,FOLLOWING TOO CLOSELY,BEAT_102,2,1,0,4,41.909864,-87.61071,2,3,Thursday,1,7,Morning_Rush,0,0
2026-01-08 08:55:00,35,CLEAR,DAYLIGHT,SIDESWIPE SAME DIRECTION,DIVIDED - W/MEDIAN,STRAIGHT AND LEVEL,DRY,NO DEFECTS,Y,FOLLOWING TOO CLOSELY,BEAT_117,3,1,0,4,42.133249,-87.429046,2,3,Thursday,1,8,Morning_Rush,0,0
2026-01-08 15:40:00,30,CLEAR,DAYLIGHT,SIDESWIPE SAME DIRECTION,ONE-WAY,STRAIGHT ON GRADE,WET,NO DEFECTS,N,DRIVING SKILLS/KNOWLEDGE/EXPERIENCE,BEAT_102,2,1,0,4,41.907239,-87.608926,2,3,Thursday,1,15,Midday,0,0
2026-01-08 16:05:00,25,RAIN,"DARKNESS, LIGHTED ROAD",REAR END,NOT DIVIDED,STRAIGHT AND LEVEL,WET,"RUT, HOLES",Y,WEATHER,BEAT_107,2,1,0,4,41.983859,-87.548482,2,3,Thursday,1,16,Evening_Rush,0,0
2026-01-15 01:57:00,25,RAIN,DARKNESS,REAR END,DIVIDED - W/MEDIAN,"CURVE, LEVEL",WET,SHOULDER DEFECT,N,FAILING TO YIELD RIGHT-OF-WAY,BEAT_115,2,1,0,4,42.100837,-87.453774,3,3,Thursday,1,1,Night,0,0
2026-01-15 02:08:00,25,CLEAR,DAYLIGHT,TURNING,FOUR WAY INTERSECTION,STRAIGHT AND LEVEL,DRY,NO DEFECTS,N,PHYSICAL CONDITION OF DRIVER,BEAT_107,2,1,1,4,41.983207,-87.545957,3,3,Thursday,1,2,Night,0,1
2026-01-15 04:09:00,20,CLEAR,DAYLIGHT,REAR END,FOUR WAY INTERSECTION,STRAIGHT AND LEVEL,WET,NO DEFECTS,N,FOLLOWING TOO CLOSELY,BEAT_109,2,1,0,4,42.011228,-87.522788,3,3,Thursday,1,4,Night,0,0
2026-01-15 10:11:00,25,SNOW,DAYLIGHT,ANGLE,DIVIDED - W/MEDIAN,STRAIGHT AND LEVEL,WET,NO DEFECTS,Y,FOLLOWING TOO CLOSELY,BEAT_103,2,1,0,4,41.925719,-87.594876,3,3,Thursday,1,10,Midday,0,0
2026-01-15 10:32:00,40,SNOW,DAYLIGHT,REAR END,FOUR WAY INTERSECTION,STRAIGHT AND LEVEL,WET,WORN SURFACE,Y,FOLLOWING TOO CLOSELY,BEAT_102,1,1,0,4,41.905877,-87.605362,3,3,Thursday,1,10,Midday,0,0
2026-01-15 10:36:00,25,CLEAR,DAYLIGHT,SIDESWIPE SAME DIRECTION,DIVIDED - W/MEDIAN,STRAIGHT AND LEVEL,SNOW OR SLUSH,NO DEFECTS,N,FOLLOWING TOO CLOSELY,BEAT_105,2,1,0,4,41.953843,-87.564996,3,3,Thursday,1,10,Midday,0,0
2026-01-15 11:40:00,40,SNOW,DAYLIGHT,ANGLE,NOT DIVIDED,STRAIGHT AND LEVEL,WET,NO DEFECTS,Y,PHYSICAL CONDITION OF DRIVER,BEAT_119,2,1,0,4,42.158629,-87.401361,3,3,Thursday,1,11,Midday,0,0
2026-01-15 13:52:00,45,CLEAR,DAYLIGHT,SIDESWIPE SAME DIRECTION,DIVIDED - W/MEDIAN,STRAIGHT AND LEVEL,DRY,NO DEFECTS,Y,WEATHER,BEAT_112,2,1,0,4,42.059406,-87.486618,3,3,Thursday,1,13,Midday,0,0
2026-01-15 15:19:00,25,CLEAR,DAYLIGHT,TURNING,NOT DIVIDED,STRAIGHT AND LEVEL,DRY,NO DEFECTS,N,FAILING TO YIELD RIGHT-OF-WAY,BEAT_110,2,1,0,4,42.029204,-87.507205,3,3,Thursday,1,15,Midday,0,0
2026-01-15 16:46:00,30,CLEAR,"DARKNESS, LIGHTED ROAD",REAR END,NOT DIVIDED,STRAIGHT AND LEVEL,DRY,NO DEFECTS,Y,FOLLOWING TOO CLOSELY,BEAT_108,2,1,1,4,41.995219,-87.534598,3,3,Thursday,1,16,Evening_Rush,0,1
2026-01-15 17:06:00,25,CLEAR,DAYLIGHT,PARKED MOTOR VEHICLE,NOT DIVIDED,STRAIGHT AND LEVEL,DRY,NO DEFECTS,N,FAILING TO YIELD RIGHT-OF-WAY,BEAT_111,2,1,0,4,42.047334,-87.495444,3,3,Thursday,1,17,Evening_Rush,0,0
2026-01-15 22:40:00,35,RAIN,"DARKNESS, LIGHTED ROAD",SIDESWIPE SAME DIRECTION,DIVIDED - W/MEDIAN,STRAIGHT AND LEVEL,ICE,NO DEFECTS,N,FOLLOWING TOO CLOSELY,BEAT_106,2,1,0,4,41.961143,-87.554092,3,3,Thursday,1,22,Night,0,0
2026-01-22 01:43:00,40,CLEAR,DAYLIGHT,REAR END,FOUR WAY INTERSECTION,STRAIGHT AND LEVEL,DRY,NO DEFECTS,Y,WEATHER,BEAT_106,2,1,0,4,41.960797,-87.562331,4,3,Thursday,1,1,Night,0,0
2026-01-22 04:06:00,25,CLEAR,DAYLIGHT,TURNING,DIVIDED - W/MEDIAN,STRAIGHT AND LEVEL,DRY,NO DEFECTS,N,DRIVING SKILLS/KNOWLEDGE/EXPERIENCE,BEAT_120,2,1,0,4,42.178091,-87.388369,4,3,Thursday,1,4,Night,0,0
2026-01-22 05:53:00,30,RAIN,"DARKNESS, LIGHTED ROAD",REAR END,DIVIDED - W/MEDIAN,STRAIGHT AND LEVEL,WET,NO DEFECTS,Y,FOLLOWING TOO CLOSELY,BEAT_111,2,1,0,4,42.041464,-87.499462,4,3,Thursday,1,5,Night,0,0
2026-01-22 06:38:00,25,CLEAR,"DARKNESS, LIGHTED ROAD",TURNING,NOT DIVIDED,STRAIGHT AND LEVEL,DRY,NO DEFECTS,N,FOLLOWING TOO CLOSELY,BEAT_111,2,1,0,4,42.048397,-87.495758,4,3,Thursday,1,6,Morning_Rush,0,0
2026-01-22 09:04:00,30,CLEAR,DAYLIGHT,PARKED MOTOR VEHICLE,FOUR WAY INTERSECTION,STRAIGHT AND LEVEL,WET,"RUT, HOLES",Y,DISREGARDING TRAFFIC SIGNALS,BEAT_104,2,1,0,4,41.93477,-87.581306,4,3,Thursday,1,9,Morning_Rush,0,0
2026-01-22 11:24:00,30,CLEAR,DAWN,SIDESWIPE SAME DIRECTION,DIVIDED - W/MEDIAN,STRAIGHT AND LEVEL,DRY,NO DEFECTS,N,DISREGARDING TRAFFIC SIGNALS,BEAT_117,2,1,2,4,42.125783,-87.42399,4,3,Thursday,1,11,Midday,0,1
2026-01-22 13:29:00,35,SNOW,DAYLIGHT,SIDESWIPE SAME DIRECTION,NOT DIVIDED,STRAIGHT AND LEVEL,WET,"RUT, HOLES",Y,DRIVING SKILLS/KNOWLEDGE/EXPERIENCE,BEAT_106,1,1,0,4,41.968066,-87.55656,4,3,Thursday,1,13,Midday,0,0
2026-01-22 13:45:00,30,CLEAR,DAYLIGHT,SIDESWIPE SAME DIRECTION,ONE-WAY,STRAIGHT AND LEVEL,SNOW OR SLUSH,NO DEFECTS,N,FAILING TO YIELD RIGHT-OF-WAY,BEAT_102,2,1,0,4,41.909777,-87.605364,4,3,Thursday,1,13,Midday,0,0
2026-01-22 16:27:00,35,CLEAR,DAYLIGHT,SIDESWIPE SAME DIRECTION,DIVIDED - W/MEDIAN,STRAIGHT AND LEVEL,DRY,WORN SURFACE,N,DISREGARDING TRAFFIC SIGNALS,BEAT_106,2,1,0,4,41.966611,-87.556737,4,3,Thursday,1,16,Evening_Rush,0,0
2026-01-22 18:03:00,25,CLEAR,DAYLIGHT,SIDESWIPE SAME DIRECTION,DIVIDED - W/MEDIAN,STRAIGHT AND LEVEL,DRY,NO DEFECTS,Y,FAILING TO YIELD RIGHT-OF-WAY,BEAT_105,2,1,0,4,41.951901,-87.573696,4,3,Thursday,1,18,Evening_Rush,0,0
2026-01-22 19:59:00,30,CLEAR,DARKNESS,SIDESWIPE SAME DIRECTION,DIVIDED - W/MEDIAN,STRAIGHT AND LEVEL,DRY,NO DEFECTS,N,PHYSICAL CONDITION OF DRIVER,BEAT_108,2,1,0,4,41.995942,-87.535675,4,3,Thursday,1,19,Evening_Rush,0,0
2026-01-22 20:24:00,35,RAIN,DAYLIGHT,PARKED MOTOR VEHICLE,NOT DIVIDED,STRAIGHT AND LEVEL,ICE,WORN SURFACE,N,WEATHER,BEAT_113,2,1,0,4,42.076528,-87.469748,4,3,Thursday,1,20,Night,0,0
2026-01-22 20:53:00,25,CLEAR,"DARKNESS, LIGHTED ROAD",REAR END,DIVIDED - W/MEDIAN,STRAIGHT AND LEVEL,DRY,WORN SURFACE,Y,DRIVING SKILLS/KNOWLEDGE/EXPERIENCE,BEAT_108,2,1,0,4,41.996305,-87.533114,4,3,Thursday,1,20,Night,0,0
2026-01-29 06:43:00,40,CLEAR,DAYLIGHT,ANGLE,DIVIDED - W/MEDIAN,STRAIGHT AND LEVEL,DRY,NO DEFECTS,N,DISREGARDING TRAFFIC SIGNALS,BEAT_106,2,1,0,4,41.970574,-87.558355,5,3,Thursday,1,6,Morning_Rush,0,0
2026-01-29 11:03:00,25,CLEAR,DAYLIGHT,REAR END,FOUR WAY INTERSECTION,STRAIGHT AND LEVEL,WET,"RUT, HOLES",N,FAILING TO YIELD RIGHT-OF-WAY,BEAT_111,2,1,0,4,42.046954,-87.492409,5,3,Thursday,1,11,Midday,0,0
2026-01-29 14:27:00,30,CLEAR,DAYLIGHT,SIDESWIPE SAME DIRECTION,NOT DIVIDED,STRAIGHT AND LEVEL,DRY,NO DEFECTS,N,FAILING TO YIELD RIGHT-OF-WAY,BEAT_119,2,1,0,4,42.164928,-87.400869,5,3,Thursday,1,14,Midday,0,0
2026-01-29 14:45:00,40,SEVERE RAIN,"DARKNESS, LIGHTED ROAD",SIDESWIPE SAME DIRECTION,FOUR WAY INTERSECTION,STRAIGHT AND LEVEL,WET,NO DEFECTS,Y,FAILING TO YIELD RIGHT-OF-WAY,BEAT_101,2,1,0,4,41.893919,-87.614374,5,3,Thursday,1,14,Midday,0,0
2026-01-29 16:27:00,30,CLEAR,"DARKNESS, LIGHTED ROAD",SIDESWIPE SAME DIRECTION,DIVIDED - W/MEDIAN,STRAIGHT AND LEVEL,WET,NO DEFECTS,N,FOLLOWING TOO CLOSELY,BEAT_109,2,1,0,4,42.018902,-87.520966,5,3,Thursday,1,16,Evening_Rush,0,0
2026-01-29 16:38:00,30,CLEAR,DARKNESS,SIDESWIPE SAME DIRECTION,NOT DIVIDED,STRAIGHT AND LEVEL,DRY,NO DEFECTS,Y,FOLLOWING TOO CLOSELY,BEAT_106,3,1,0,4,41.969287,-87.553117,5,3,Thursday,1,16,Evening_Rush,0,0
2026-01-29 17:25:00,30,FOG/SMOKE/HAZE,DAYLIGHT,SIDESWIPE SAME DIRECTION,NOT DIVIDED,STRAIGHT AND LEVEL,WET,"RUT, HOLES",Y,FOLLOWING TOO CLOSELY,BEAT_102,1,1,2,4,41.909585,-87.605673,5,3,Thursday,1,17,Evening_Rush,0,1
2026-01-29 17:57:00,25,SEVERE RAIN,"DARKNESS, LIGHTED ROAD",TURNING,DIVIDED - W/MEDIAN,STRAIGHT AND LEVEL,WET,NO DEFECTS,N,PHYSICAL CONDITION OF DRIVER,BEAT_120,2,1,0,4,42.179199,-87.391949,5,3,Thursday,1,17,Evening_Rush,0,0
2026-01-29 18:35:00,30,CLEAR,"DARKNESS, LIGHTED ROAD",PEDESTRIAN,ONE-WAY,"CURVE, LEVEL",WET,WORN SURFACE,N,FAILING TO YIELD RIGHT-OF-WAY,BEAT_114,4,1,0,4,42.087709,-87.463577,5,3,Thursday,1,18,Evening_Rush,0,0
2026-01-29 20:38:00,20,RAIN,DAYLIGHT,REAR END,FOUR WAY INTERSECTION,STRAIGHT AND LEVEL,WET,NO DEFECTS,Y,DRIVING SKILLS/KNOWLEDGE/EXPERIENCE,BEAT_115,2,1,3,4,42.102777,-87.445413,5,3,Thursday,1,20,Night,0,1
2026-01-29 21:15:00,35,CLEAR,DAYLIGHT,ANGLE,DIVIDED - W/MEDIAN,STRAIGHT AND LEVEL,WET,DEBRIS ON ROAD,N,DRIVING SKILLS/KNOWLEDGE/EXPERIENCE,BEAT_106,3,1,0,4,41.967187,-87.55477,5,3,Thursday,1,21,Night,0,0
2026-01-29 21:16:00,25,CLEAR,DARKNESS,REAR END,NOT DIVIDED,STRAIGHT AND LEVEL,WET,NO DEFECTS,N,DRIVING SKILLS/KNOWLEDGE/EXPERIENCE,BEAT_117,2,1,0,4,42.130534,-87.424792,5,3,Thursday,1,21,Night,0,0
2026-01-29 21:42:00,30,CLEAR,"DARKNESS, LIGHTED ROAD",REAR END,ONE-WAY,STRAIGHT AND LEVEL,DRY,DEBRIS ON ROAD,Y,FAILING TO YIELD RIGHT-OF-WAY,BEAT_106,2,1,1,4,41.96573,-87.557727,5,3,Thursday,1,21,Night,0,1
2026-02-05 05:07:00,40,RAIN,DARKNESS,REAR END,ONE-WAY,STRAIGHT AND LEVEL,WET,NO DEFECTS,N,DRIVING SKILLS/KNOWLEDGE/EXPERIENCE,BEAT_107,2,2,0,4,41.985782,-87.543049,6,3,Thursday,2,5,Night,0,0
2026-02-05 05:23:00,50,CLEAR,DAYLIGHT,PARKED MOTOR VEHICLE,NOT DIVIDED,STRAIGHT AND LEVEL,DRY,NO DEFECTS,N,FAILING TO YIELD RIGHT-OF-WAY,BEAT_118,2,2,0,4,42.148548,-87.412708,6,3,Thursday,2,5,Night,0,0
2026-02-05 05:45:00,45,RAIN,DAYLIGHT,SIDESWIPE SAME DIRECTION,NOT DIVIDED,STRAIGHT AND LEVEL,SNOW OR SLUSH,NO DEFECTS,N,FOLLOWING TOO CLOSELY,BEAT_107,2,2,0,4,41.980618,-87.548059,6,3,Thursday,2,5,Night,0,0
2026-02-05 07:13:00,30,FOG/SMOKE/HAZE,DAYLIGHT,REAR END,DIVIDED - W/MEDIAN,STRAIGHT AND LEVEL,SNOW OR SLUSH,NO DEFECTS,Y,FAILING TO YIELD RIGHT-OF-WAY,BEAT_120,2,2,0,4,42.175462,-87.387917,6,3,Thursday,2,7,Morning_Rush,0,0
2026-02-05 10:09:00,25,CLEAR,DAYLIGHT,SIDESWIPE SAME DIRECTION,NOT DIVIDED,STRAIGHT AND LEVEL,DRY,NO DEFECTS,N,FAILING TO YIELD RIGHT-OF-WAY,BEAT_114,2,2,1,4,42.087687,-87.461006,6,3,Thursday,2,10,Midday,0,1
2026-02-05 13:56:00,30,CLEAR,"DARKNESS, LIGHTED ROAD",REAR END,DIVIDED - W/MEDIAN,STRAIGHT AND LEVEL,WET,NO DEFECTS,N,FAILING TO YIELD RIGHT-OF-WAY,BEAT_117,2,2,0,4,42.135191,-87.428998,6,3,Thursday,2,13,Midday,0,0
2026-02-05 15:30:00,25,RAIN,DAYLIGHT,REAR END,ONE-WAY,STRAIGHT AND LEVEL,ICE,NO DEFECTS,N,FOLLOWING TOO CLOSELY,BEAT_114,3,2,1,4,42.095285,-87.45951,6,3,Thursday,2,15,Midday,0,1
2026-02-05 17:50:00,25,CLEAR,"DARKNESS, LIGHTED ROAD",REAR END,DIVIDED - W/MEDIAN,STRAIGHT AND LEVEL,DRY,NO DEFECTS,N,WEATHER,BEAT_110,2,2,1,4,42.03159,-87.506155,6,3,Thursday,2,17,Evening_Rush,0,1
2026-02-05 17:54:00,25,CLEAR,"DARKNESS, LIGHTED ROAD",SIDESWIPE SAME DIRECTION,DIVIDED - W/MEDIAN,CURVE ON GRADE,WET,NO DEFECTS,N,DISREGARDING TRAFFIC SIGNALS,BEAT_119,2,2,3,4,42.16045,-87.405837,6,3,Thursday,2,17,Evening_Rush,0,1
2026-02-05 22:13:00,50,CLEAR,DUSK,ANGLE,DIVIDED - W/MEDIAN,STRAIGHT AND LEVEL,DRY,NO DEFECTS,Y,WEATHER,BEAT_102,2,2,0,4,41.909286,-87.605322,6,3,Thursday,2,22,Night,0,0
2026-02-12 00:42:00,25,CLEAR,"DARKNESS, LIGHTED ROAD",ANGLE,ONE-WAY,"CURVE, LEVEL",DRY,NO DEFECTS,N,FOLLOWING TOO CLOSELY,BEAT_119,2,2,0,4,42.16715,-87.391859,7,3,Thursday,2,0,Night,0,0
2026-02-12 03:55:00,50,RAIN,DAYLIGHT,SIDESWIPE SAME DIRECTION,NOT DIVIDED,STRAIGHT AND LEVEL,WET,NO DEFECTS,N,PHYSICAL CONDITION OF DRIVER,BEAT_114,3,2,0,4,42.090135,-87.462913,7,3,Thursday,2,3,Night,0,0
2026-02-12 05:41:00,30,CLEAR,"DARKNESS, LIGHTED ROAD",PARKED MOTOR VEHICLE,DIVIDED - W/MEDIAN,STRAIGHT AND LEVEL,DRY,NO DEFECTS,N,FOLLOWING TOO CLOSELY,BEAT_108,3,2,0,4,41.997869,-87.531138,7,3,Thursday,2,5,Night,0,0
2026-02-12 07:42:00,30,SEVERE RAIN,DAYLIGHT,FIXED OBJECT,NOT DIVIDED,STRAIGHT AND LEVEL,WET,NO DEFECTS,Y,PHYSICAL CONDITION OF DRIVER,BEAT_113,2,2,1,4,42.070692,-87.472293,7,3,Thursday,2,7,Morning_Rush,0,1
2026-02-12 13:43:00,40,CLEAR,DAYLIGHT,REAR END,NOT DIVIDED,STRAIGHT AND LEVEL,DRY,NO DEFECTS,Y,DRIVING SKILLS/KNOWLEDGE/EXPERIENCE,BEAT_109,2,2,1,4,42.012658,-87.52222,7,3,Thursday,2,13,Midday,0,1
2026-02-12 14:36:00,40,RAIN,DARKNESS,REAR END,DIVIDED - W/MEDIAN,STRAIGHT AND LEVEL,SNOW OR SLUSH,NO DEFECTS,N,DRIVING SKILLS/KNOWLEDGE/EXPERIENCE,BEAT_106,2,2,0,4,41.970067,-87.557136,7,3,Thursday,2,14,Midday,0,0
2026-02-12 20:13:00,25,RAIN,DAYLIGHT,ANGLE,NOT DIVIDED,STRAIGHT AND LEVEL,WET,"RUT, HOLES",Y,FOLLOWING TOO CLOSELY,BEAT_109,3,2,0,4,42.013129,-87.523172,7,3,Thursday,2,20,Night,0,0
2026-02-12 23:46:00,25,CLEAR,DAYLIGHT,PARKED MOTOR VEHICLE,NOT DIVIDED,STRAIGHT AND LEVEL,DRY,NO DEFECTS,N,FAILING TO YIELD RIGHT-OF-WAY,BEAT_103,2,2,0,4,41.927606,-87.594213,7,3,Thursday,2,23,Night,0,0
2026-02-12 23:56:00,30,CLEAR,DAYLIGHT,SIDESWIPE SAME DIRECTION,FOUR WAY INTERSECTION,"CURVE, LEVEL",DRY,NO DEFECTS,Y,FOLLOWING TOO CLOSELY,BEAT_117,2,2,0,4,42.135397,-87.419325,7,3,Thursday,2,23,Night,0,0
2026-02-19 00:59:00,30,CLEAR,DAYLIGHT,REAR END,ONE-WAY,STRAIGHT AND LEVEL,DRY,NO DEFECTS,N,FOLLOWING TOO CLOSELY,BEAT_106,2,2,0,4,41.967384,-87.555083,8,3,Thursday,2,0,Night,0,0
2026-02-19 05:04:00,30,CLEAR,DAYLIGHT,REAR END,DIVIDED - W/MEDIAN,CURVE ON GRADE,DRY,NO DEFECTS,Y,FAILING TO YIELD RIGHT-OF-WAY,BEAT_106,2,2,1,4,41.967217,-87.563713,8,3,Thursday,2,5,Night,0,1
2026-02-19 05:32:00,30,CLEAR,"DARKNESS, LIGHTED ROAD",SIDESWIPE SAME DIRECTION,DIVIDED - W/MEDIAN,STRAIGHT AND LEVEL,DRY,NO DEFECTS,N,DRIVING SKILLS/KNOWLEDGE/EXPERIENCE,BEAT_107,2,2,0,4,41.983337,-87.546473,8,3,Thursday,2,5,Night,0,0
2026-02-19 08:46:00,25,RAIN,DAYLIGHT,SIDESWIPE SAME DIRECTION,DIVIDED - W/MEDIAN,"CURVE, LEVEL",SNOW OR SLUSH,NO DEFECTS,N,FAILING TO YIELD RIGHT-OF-WAY,BEAT_114,2,2,0,4,42.091754,-87.461808,8,3,Thursday,2,8,Morning_Rush,0,0
2026-02-19 09:06:00,40,CLEAR,DAYLIGHT,REAR END,FOUR WAY INTERSECTION,STRAIGHT AND LEVEL,DRY,NO DEFECTS,Y,FOLLOWING TOO CLOSELY,BEAT_104,3,2,0,4,41.937339,-87.585583,8,3,Thursday,2,9,Morning_Rush,0,0
2026-02-19 09:40:00,25,CLEAR,DAYLIGHT,REAR END,DIVIDED - W/MEDIAN,STRAIGHT AND LEVEL,DRY,"RUT, HOLES",Y,IMPROPER OVERTAKING/PASSING,BEAT_115,1,2,0,4,42.100643,-87.45467,8,3,Thursday,2,9,Morning_Rush,0,0
2026-02-19 11:18:00,25,RAIN,DAYLIGHT,TURNING,NOT DIVIDED,STRAIGHT AND LEVEL,SNOW OR SLUSH,"RUT, HOLES",Y,FAILING TO YIELD RIGHT-OF-WAY,BEAT_120,2,2,2,4,42.17942,-87.393463,8,3,Thursday,2,11,Midday,0,1
2026-02-19 13:53:00,40,CLEAR,DAYLIGHT,ANGLE,DIVIDED - W/MEDIAN,STRAIGHT AND LEVEL,DRY,NO DEFECTS,N,FAILING TO YIELD RIGHT-OF-WAY,BEAT_110,2,2,0,4,42.029693,-87.509353,8,3,Thursday,2,13,Midday,0,0
2026-02-19 18:33:00,30,CLEAR,"DARKNESS, LIGHTED ROAD",ANGLE,DIVIDED - W/MEDIAN,"CURVE, LEVEL",DRY,NO DEFECTS,N,WEATHER,BEAT_110,2,2,0,4,42.026428,-87.510529,8,3,Thursday,2,18,Evening_Rush,0,0
2026-02-19 18:59:00,30,CLEAR,DAWN,REAR END,NOT DIVIDED,STRAIGHT AND LEVEL,DRY,"RUT, HOLES",N,FOLLOWING TOO CLOSELY,BEAT_104,3,2,1,4,41.936392,-87.580154,8,3,Thursday,2,18,Evening_Rush,0,1
2026-02-19 19:05:00,25,CLEAR,DAYLIGHT,PARKED MOTOR VEHICLE,DIVIDED - W/MEDIAN,"CURVE, LEVEL",DRY,NO DEFECTS,Y,FOLLOWING TOO CLOSELY,BEAT_120,2,2,0,4,42.174425,-87.387123,8,3,Thursday,2,19,Evening_Rush,0,0
2026-02-19 20:03:00,25,FOG/SMOKE/HAZE,DAYLIGHT,ANGLE,ONE-WAY,STRAIGHT AND LEVEL,SNOW OR SLUSH,NO DEFECTS,N,FAILING TO YIELD RIGHT-OF-WAY,BEAT_112,2,2,0,4,42.054141,-87.486074,8,3,Thursday,2,20,Night,0,0
2026-02-26 02:27:00,50,RAIN,DAYLIGHT,TURNING,DIVIDED - W/MEDIAN,STRAIGHT AND LEVEL,WET,NO DEFECTS,Y,DISREGARDING TRAFFIC SIGNALS,BEAT_114,2,2,0,4,42.087953,-87.460411,9,3,Thursday,2,2,Night,0,0
2026-02-26 04:36:00,35,CLEAR,"DARKNESS, LIGHTED ROAD",FIXED OBJECT,NOT DIVIDED,STRAIGHT AND LEVEL,DRY,WORN SURFACE,N,FOLLOWING TOO CLOSELY,BEAT_112,2,2,0,4,42.060651,-87.487213,9,3,Thursday,2,4,Night,0,0
2026-02-26 07:04:00,25,CLEAR,DAYLIGHT,PARKED MOTOR VEHICLE,ONE-WAY,STRAIGHT AND LEVEL,DRY,NO DEFECTS,Y,DISREGARDING TRAFFIC SIGNALS,BEAT_112,2,2,0,4,42.052086,-87.486827,9,3,Thursday,2,7,Morning_Rush,0,0
2026-02-26 08:15:00,25,RAIN,DARKNESS,REAR END,FOUR WAY INTERSECTION,STRAIGHT AND LEVEL,WET,NO DEFECTS,Y,FOLLOWING TOO CLOSELY,BEAT_116,2,2,1,4,42.116173,-87.437437,9,3,Thursday,2,8,Morning_Rush,0,1
2026-02-26 09:04:00,30,CLEAR,"DARKNESS, LIGHTED ROAD",TURNING,FOUR WAY INTERSECTION,STRAIGHT AND LEVEL,WET,WORN SURFACE,N,FAILING TO YIELD RIGHT-OF-WAY,BEAT_114,2,2,1,4,42.088812,-87.463076,9,3,Thursday,2,9,Morning_Rush,0,1
2026-02-26 10:53:00,30,CLEAR,DAYLIGHT,FIXED OBJECT,DIVIDED - W/MEDIAN,STRAIGHT AND LEVEL,DRY,NO DEFECTS,Y,FAILING TO YIELD RIGHT-OF-WAY,BEAT_117,2,2,1,4,42.134632,-87.430572,9,3,Thursday,2,10,Midday,0,1
2026-02-26 12:55:00,25,RAIN,DAYLIGHT,TURNING,NOT DIVIDED,STRAIGHT AND LEVEL,WET,NO DEFECTS,Y,FAILING TO YIELD RIGHT-OF-WAY,BEAT_113,2,2,0,4,42.073396,-87.47201,9,3,Thursday,2,12,Midday,0,0
2026-02-26 16:10:00,30,CLEAR,DAYLIGHT,REAR END,NOT DIVIDED,STRAIGHT AND LEVEL,DRY,NO DEFECTS,Y,FAILING TO YIELD RIGHT-OF-WAY,BEAT_107,2,2,0,4,41.98529,-87.549155,9,3,Thursday,2,16,Evening_Rush,0,0
2026-03-05 07:07:00,35,CLEAR,DARKNESS,TURNING,DIVIDED - W/MEDIAN,STRAIGHT AND LEVEL,SNOW OR SLUSH,NO DEFECTS,N,IMPROPER OVERTAKING/PASSING,BEAT_101,2,3,1,4,41.895315,-87.617041,10,3,Thursday,3,7,Morning_Rush,0,1
2026-03-05 07:29:00,25,SEVERE RAIN,DARKNESS,SIDESWIPE SAME DIRECTION,DIVIDED - W/MEDIAN,"CURVE, LEVEL",WET,WORN SURFACE,Y,FAILING TO YIELD RIGHT-OF-WAY,BEAT_102,2,3,0,4,41.913403,-87.608836,10,3,Thursday,3,7,Morning_Rush,0,0
2026-03-05 10:43:00,25,CLEAR,DAYLIGHT,ANGLE,DIVIDED - W/MEDIAN,STRAIGHT AND LEVEL,WET,NO DEFECTS,Y,FOLLOWING TOO CLOSELY,BEAT_117,2,3,0,4,42.132813,-87.428494,10,3,Thursday,3,10,Midday,0,0
2026-03-05 11:17:00,30,CLEAR,"DARKNESS, LIGHTED ROAD",REAR END,FOUR WAY INTERSECTION,STRAIGHT AND LEVEL,SNOW OR SLUSH,NO DEFECTS,N,FOLLOWING TOO CLOSELY,BEAT_114,2,3,0,4,42.08397,-87.456693,10,3,Thursday,3,11,Midday,0,0
2026-03-05 12:17:00,30,CLEAR,DAYLIGHT,REAR END,DIVIDED - W/MEDIAN,STRAIGHT AND LEVEL,DRY,WORN SURFACE,Y,FAILING TO YIELD RIGHT-OF-WAY,BEAT_104,2,3,0,4,41.939696,-87.581857,10,3,Thursday,3,12,Midday,0,0
2026-03-05 16:00:00,45,CLEAR,DAYLIGHT,REAR END,DIVIDED - W/MEDIAN,STRAIGHT AND LEVEL,DRY,NO DEFECTS,N,FAILING TO YIELD RIGHT-OF-WAY,BEAT_105,2,3,0,4,41.94648,-87.567957,10,3,Thursday,3,16,Evening_Rush,0,0
2026-03-05 17:03:00,45,CLEAR,DAYLIGHT,SIDESWIPE SAME DIRECTION,DIVIDED - W/MEDIAN,STRAIGHT AND LEVEL,WET,SHOULDER DEFECT,N,FOLLOWING TOO CLOSELY,BEAT_118,2,3,0,4,42.153235,-87.414218,10,3,Thursday,3,17,Evening_Rush,0,0
2026-03-05 19:00:00,30,CLEAR,DAYLIGHT,SIDESWIPE SAME DIRECTION,DIVIDED - W/MEDIAN,STRAIGHT ON GRADE,DRY,WORN SURFACE,Y,FAILING TO YIELD RIGHT-OF-WAY,BEAT_111,2,3,0,4,42.039183,-87.500988,10,3,Thursday,3,19,Evening_Rush,0,0
2026-03-05 19:52:00,25,CLEAR,DARKNESS,PEDESTRIAN,DIVIDED - W/MEDIAN,STRAIGHT AND LEVEL,DRY,NO DEFECTS,Y,WEATHER,BEAT_106,2,3,0,4,41.963884,-87.556231,10,3,Thursday,3,19,Evening_Rush,0,0
2026-03-05 20:33:00,30,CLEAR,"DARKNESS, LIGHTED ROAD",PEDESTRIAN,NOT DIVIDED,STRAIGHT AND LEVEL,DRY,NO DEFECTS,Y,IMPROPER OVERTAKING/PASSING,BEAT_111,1,3,0,4,42.041316,-87.504094,10,3,Thursday,3,20,Night,0,0
2026-03-05 21:35:00,25,CLEAR,DAYLIGHT,TURNING,DIVIDED - W/MEDIAN,STRAIGHT AND LEVEL,DRY,NO DEFECTS,N,WEATHER,BEAT_112,2,3,0,4,42.054797,-87.487953,10,3,Thursday,3,21,Night,0,0
2026-03-12 03:28:00,50,CLEAR,DAYLIGHT,TURNING,DIVIDED - W/MEDIAN,STRAIGHT AND LEVEL,WET,NO DEFECTS,N,DRIVING SKILLS/KNOWLEDGE/EXPERIENCE,BEAT_105,1,3,0,4,41.954413,-87.567294,11,3,Thursday,3,3,Night,0,0
2026-03-12 04:29:00,40,RAIN,DARKNESS,TURNING,DIVIDED - W/MEDIAN,STRAIGHT ON GRADE,WET,DEBRIS ON ROAD,Y,FAILING TO YIELD RIGHT-OF-WAY,BEAT_110,2,3,0,4,42.024712,-87.511219,11,3,Thursday,3,4,Night,0,0
2026-03-12 06:49:00,20,CLEAR,DAYLIGHT,REAR END,NOT DIVIDED,STRAIGHT AND LEVEL,DRY,NO DEFECTS,Y,DRIVING SKILLS/KNOWLEDGE/EXPERIENCE,BEAT_102,2,3,0,4,41.905989,-87.603456,11,3,Thursday,3,6,Morning_Rush,0,0
2026-03-12 08:43:00,30,CLEAR,DAYLIGHT,REAR END,NOT DIVIDED,STRAIGHT AND LEVEL,WET,NO DEFECTS,Y,FOLLOWING TOO CLOSELY,BEAT_103,2,3,0,4,41.919655,-87.595166,11,3,Thursday,3,8,Morning_Rush,0,0
2026-03-12 11:57:00,25,FOG/SMOKE/HAZE,DAYLIGHT,REAR END,NOT DIVIDED,STRAIGHT AND LEVEL,ICE,NO DEFECTS,Y,FAILING TO YIELD RIGHT-OF-WAY,BEAT_102,2,3,0,4,41.906065,-87.605915,11,3,Thursday,3,11,Midday,0,0
2026-03-12 11:58:00,50,FOG/SMOKE/HAZE,DARKNESS,TURNING,FOUR WAY INTERSECTION,STRAIGHT AND LEVEL,WET,NO DEFECTS,N,FAILING TO YIELD RIGHT-OF-WAY,BEAT_113,2,3,0,4,42.081237,-87.470399,11,3,Thursday,3,11,Midday,0,0
2026-03-12 15:21:00,25,CLEAR,"DARKNESS, LIGHTED ROAD",TURNING,DIVIDED - W/MEDIAN,STRAIGHT AND LEVEL,DRY,NO DEFECTS,Y,FOLLOWING TOO CLOSELY,BEAT_107,2,3,0,4,41.979543,-87.54663,11,3,Thursday,3,15,Midday,0,0
2026-03-12 16:38:00,30,CLEAR,DAYLIGHT,TURNING,FOUR WAY INTERSECTION,STRAIGHT AND LEVEL,WET,NO DEFECTS,Y,FAILING TO YIELD RIGHT-OF-WAY,BEAT_106,2,3,0,4,41.97487,-87.557318,11,3,Thursday,3,16,Evening_Rush,0,0
2026-03-12 20:27:00,25,CLEAR,DAYLIGHT,SIDESWIPE SAME DIRECTION,T-INTERSECTION,STRAIGHT AND LEVEL,DRY,NO DEFECTS,Y,PHYSICAL CONDITION OF DRIVER,BEAT_116,2,3,1,4,42.118133,-87.436117,11,3,Thursday,3,20,Night,0,1
2026-03-12 22:08:00,25,RAIN,DAYLIGHT,ANGLE,DIVIDED - W/MEDIAN,STRAIGHT AND LEVEL,WET,NO DEFECTS,Y,FAILING TO YIELD RIGHT-OF-WAY,BEAT_103,2,3,0,4,41.924507,-87.594259,11,3,Thursday,3,22,Night,0,0
2026-03-19 03:09:00,40,CLEAR,"DARKNESS, LIGHTED ROAD",REAR END,DIVIDED - W/MEDIAN,STRAIGHT AND LEVEL,DRY,NO DEFECTS,N,WEATHER,BEAT_118,4,3,0,4,42.148347,-87.420305,12,3,Thursday,3,3,Night,0,0
2026-03-19 06:03:00,20,RAIN,"DARKNESS, LIGHTED ROAD",SIDESWIPE SAME DIRECTION,NOT DIVIDED,STRAIGHT AND LEVEL,WET,WORN SURFACE,N,FOLLOWING TOO CLOSELY,BEAT_119,1,3,1,4,42.164905,-87.401598,12,3,Thursday,3,6,Morning_Rush,0,1
2026-03-19 06:16:00,20,SNOW,DARKNESS,SIDESWIPE SAME DIRECTION,ALLEY,STRAIGHT AND LEVEL,ICE,"RUT, HOLES",Y,FAILING TO YIELD RIGHT-OF-WAY,BEAT_105,2,3,1,4,41.956636,-87.56448,12,3,Thursday,3,6,Morning_Rush,0,1
2026-03-19 08:19:00,30,CLEAR,DAYLIGHT,SIDESWIPE SAME DIRECTION,T-INTERSECTION,STRAIGHT AND LEVEL,WET,NO DEFECTS,Y,DRIVING SKILLS/KNOWLEDGE/EXPERIENCE,BEAT_116,1,3,0,4,42.1221,-87.437864,12,3,Thursday,3,8,Morning_Rush,0,0
2026-03-19 13:50:00,25,CLEAR,DAYLIGHT,REAR END,DIVIDED - W/MEDIAN,STRAIGHT AND LEVEL,DRY,NO DEFECTS,Y,FOLLOWING TOO CLOSELY,BEAT_104,2,3,0,4,41.936065,-87.587482,12,3,Thursday,3,13,Midday,0,0
2026-03-19 14:35:00,25,SNOW,DAYLIGHT,REAR END,DIVIDED - W/MEDIAN,STRAIGHT AND LEVEL,WET,NO DEFECTS,N,FOLLOWING TOO CLOSELY,BEAT_102,2,3,0,4,41.910397,-87.602521,12,3,Thursday,3,14,Midday,0,0
2026-03-19 17:17:00,25,RAIN,"DARKNESS, LIGHTED ROAD",REAR END,DIVIDED - W/MEDIAN,STRAIGHT AND LEVEL,WET,"RUT, HOLES",N,FAILING TO YIELD RIGHT-OF-WAY,BEAT_112,4,3,1,4,42.057631,-87.482656,12,3,Thursday,3,17,Evening_Rush,0,1
2026-03-19 17:44:00,25,CLEAR,"DARKNESS, LIGHTED ROAD",REAR END,ONE-WAY,STRAIGHT AND LEVEL,SNOW OR SLUSH,NO DEFECTS,Y,FOLLOWING TOO CLOSELY,BEAT_115,2,3,0,4,42.102012,-87.451308,12,3,Thursday,3,17,Evening_Rush,0,0
2026-03-19 20:29:00,30,CLEAR,DAYLIGHT,SIDESWIPE SAME DIRECTION,DIVIDED - W/MEDIAN,STRAIGHT AND LEVEL,DRY,NO DEFECTS,N,DRIVING SKILLS/KNOWLEDGE/EXPERIENCE,BEAT_117,2,3,0,4,42.132807,-87.429124,12,3,Thursday,3,20,Night,0,0
2026-03-19 21:20:00,25,CLEAR,DAYLIGHT,PEDESTRIAN,T-INTERSECTION,STRAIGHT AND LEVEL,DRY,NO DEFECTS,Y,FOLLOWING TOO CLOSELY,BEAT_101,2,3,0,4,41.896242,-87.617683,12,3,Thursday,3,21,Night,0,0
2026-03-26 01:09:00,35,CLEAR,"DARKNESS, LIGHTED ROAD",REAR END,DIVIDED - W/MEDIAN,STRAIGHT AND LEVEL,SNOW OR SLUSH,NO DEFECTS,Y,DRIVING SKILLS/KNOWLEDGE/EXPERIENCE,BEAT_118,2,3,0,4,42.141815,-87.411456,13,3,Thursday,3,1,Night,0,0
2026-03-26 01:36:00,25,RAIN,DARKNESS,REAR END,NOT DIVIDED,STRAIGHT AND LEVEL,WET,"RUT, HOLES",N,FAILING TO YIELD RIGHT-OF-WAY,BEAT_117,2,3,0,4,42.134235,-87.42602,13,3,Thursday,3,1,Night,0,0
2026-03-26 02:04:00,35,CLEAR,DAYLIGHT,ANGLE,NOT DIVIDED,STRAIGHT AND LEVEL,DRY,NO DEFECTS,Y,DISREGARDING TRAFFIC SIGNALS,BEAT_111,2,3,0,4,42.047674,-87.496698,13,3,Thursday,3,2,Night,0,0
2026-03-26 02:41:00,35,CLEAR,DAYLIGHT,REAR END,DIVIDED - W/MEDIAN,STRAIGHT AND LEVEL,DRY,NO DEFECTS,Y,WEATHER,BEAT_105,2,3,0,4,41.950183,-87.564918,13,3,Thursday,3,2,Night,0,0
2026-03-26 03:28:00,25,CLEAR,DAYLIGHT,SIDESWIPE SAME DIRECTION,FOUR WAY INTERSECTION,"CURVE, LEVEL",DRY,NO DEFECTS,N,FAILING TO YIELD RIGHT-OF-WAY,BEAT_117,2,3,0,4,42.132889,-87.42508,13,3,Thursday,3,3,Night,0,0
2026-03-26 05:13:00,20,FOG/SMOKE/HAZE,DAYLIGHT,PARKED MOTOR VEHICLE,T-INTERSECTION,STRAIGHT AND LEVEL,WET,NO DEFECTS,N,FAILING TO YIELD RIGHT-OF-WAY,BEAT_116,2,3,3,4,42.113514,-87.433128,13,3,Thursday,3,5,Night,0,1
2026-03-26 08:27:00,30,SEVERE RAIN,"DARKNESS, LIGHTED ROAD",SIDESWIPE SAME DIRECTION,DIVIDED - W/MEDIAN,STRAIGHT AND LEVEL,WET,NO DEFECTS,Y,FAILING TO YIELD RIGHT-OF-WAY,BEAT_116,2,3,1,4,42.113377,-87.433464,13,3,Thursday,3,8,Morning_Rush,0,1
2026-03-26 09:15:00,35,CLEAR,DAYLIGHT,ANGLE,DIVIDED - W/MEDIAN,STRAIGHT AND LEVEL,DRY,NO DEFECTS,N,FAILING TO YIELD RIGHT-OF-WAY,BEAT_104,1,3,0,4,41.936864,-87.584055,13,3,Thursday,3,9,Morning_Rush,0,0
2026-03-26 10:07:00,35,SNOW,"DARKNESS, LIGHTED ROAD",REAR END,FOUR WAY INTERSECTION,STRAIGHT AND LEVEL,WET,DEBRIS ON ROAD,N,DRIVING SKILLS/KNOWLEDGE/EXPERIENCE,BEAT_110,2,3,1,4,42.025392,-87.513269,13,3,Thursday,3,10,Midday,0,1
2026-03-26 13:03:00,35,CLEAR,DARKNESS,PARKED MOTOR VEHICLE,ONE-WAY,STRAIGHT AND LEVEL,DRY,"RUT, HOLES",N,FAILING TO YIELD RIGHT-OF-WAY,BEAT_108,2,3,1,4,41.998364,-87.534601,13,3,Thursday,3,13,Midday,0,1
2026-03-26 13:55:00,30,CLEAR,"DARKNESS, LIGHTED ROAD",SIDESWIPE SAME DIRECTION,T-INTERSECTION,STRAIGHT AND LEVEL,DRY,NO DEFECTS,Y,DISREGARDING TRAFFIC SIGNALS,BEAT_106,2,3,1,4,41.969829,-87.5536,13,3,Thursday,3,13,Midday,0,1
2026-03-26 17:25:00,20,RAIN,DAYLIGHT,FIXED OBJECT,DIVIDED - W/MEDIAN,STRAIGHT AND LEVEL,SNOW OR SLUSH,NO DEFECTS,Y,DRIVING SKILLS/KNOWLEDGE/EXPERIENCE,BEAT_117,2,3,0,4,42.134656,-87.427708,13,3,Thursday,3,17,Evening_Rush,0,0
2026-03-26 19:10:00,35,SNOW,DAYLIGHT,ANGLE,NOT DIVIDED,STRAIGHT AND LEVEL,WET,NO DEFECTS,Y,IMPROPER OVERTAKING/PASSING,BEAT_120,3,3,0,4,42.178742,-87.391511,13,3,Thursday,3,19,Evening_Rush,0,0
2026-03-26 21:28:00,35,RAIN,DAYLIGHT,PEDESTRIAN,DIVIDED - W/MEDIAN,STRAIGHT ON GRADE,WET,NO DEFECTS,N,FAILING TO YIELD RIGHT-OF-WAY,BEAT_113,2,3,0,4,42.074969,-87.476317,13,3,Thursday,3,21,Night,0,0
2026-04-02 00:01:00,25,RAIN,DAYLIGHT,REAR END,NOT DIVIDED,STRAIGHT ON GRADE,WET,NO DEFECTS,N,DISREGARDING TRAFFIC SIGNALS,BEAT_101,2,4,0,4,41.898584,-87.618869,14,3,Thursday,4,0,Night,0,0
2026-04-02 01:28:00,25,CLEAR,"DARKNESS, LIGHTED ROAD",REAR END,NOT DIVIDED,STRAIGHT ON GRADE,DRY,NO DEFECTS,N,WEATHER,BEAT_113,2,4,1,4,42.073626,-87.479681,14,3,Thursday,4,1,Night,0,1
2026-04-02 01:36:00,40,SNOW,"DARKNESS, LIGHTED ROAD",REAR END,DIVIDED - W/MEDIAN,STRAIGHT AND LEVEL,WET,NO DEFECTS,Y,DRIVING SKILLS/KNOWLEDGE/EXPERIENCE,BEAT_113,2,4,0,4,42.070011,-87.470635,14,3,Thursday,4,1,Night,0,0
2026-04-02 03:29:00,25,SNOW,DAYLIGHT,PEDESTRIAN,FOUR WAY INTERSECTION,STRAIGHT ON GRADE,WET,NO DEFECTS,Y,DRIVING SKILLS/KNOWLEDGE/EXPERIENCE,BEAT_110,2,4,0,4,42.032576,-87.507354,14,3,Thursday,4,3,Night,0,0
2026-04-02 07:13:00,40,CLEAR,DAYLIGHT,TURNING,DIVIDED - W/MEDIAN,STRAIGHT AND LEVEL,WET,NO DEFECTS,N,FOLLOWING TOO CLOSELY,BEAT_110,3,4,1,4,42.023576,-87.511015,14,3,Thursday,4,7,Morning_Rush,0,1
2026-04-02 07:59:00,30,CLEAR,DAYLIGHT,ANGLE,NOT DIVIDED,STRAIGHT AND LEVEL,ICE,"RUT, HOLES",N,FAILING TO YIELD RIGHT-OF-WAY,BEAT_114,2,4,1,4,42.099175,-87.461373,14,3,Thursday,4,7,Morning_Rush,0,1
2026-04-02 09:17:00,40,CLEAR,"DARKNESS, LIGHTED ROAD",ANGLE,ONE-WAY,STRAIGHT AND LEVEL,DRY,NO DEFECTS,Y,FAILING TO YIELD RIGHT-OF-WAY,BEAT_103,2,4,0,4,41.923103,-87.590758,14,3,Thursday,4,9,Morning_Rush,0,0
2026-04-02 09:55:00,25,CLEAR,DAYLIGHT,REAR END,T-INTERSECTION,STRAIGHT AND LEVEL,DRY,NO DEFECTS,Y,FAILING TO YIELD RIGHT-OF-WAY,BEAT_108,2,4,0,4,42.001627,-87.532882,14,3,Thursday,4,9,Morning_Rush,0,0
2026-04-02 10:11:00,40,CLEAR,DARKNESS,PARKED MOTOR VEHICLE,DIVIDED - W/MEDIAN,STRAIGHT AND LEVEL,DRY,NO DEFECTS,Y,DRIVING SKILLS/KNOWLEDGE/EXPERIENCE,BEAT_102,1,4,0,4,41.912571,-87.609289,14,3,Thursday,4,10,Midday,0,0
2026-04-02 10:18:00,30,CLEAR,"DARKNESS, LIGHTED ROAD",REAR END,DIVIDED - W/MEDIAN,STRAIGHT AND LEVEL,DRY,NO DEFECTS,N,FAILING TO YIELD RIGHT-OF-WAY,BEAT_101,2,4,0,4,41.897951,-87.620111,14,3,Thursday,4,10,Midday,0,0
2026-04-02 11:07:00,30,SNOW,"DARKNESS, LIGHTED ROAD",TURNING,NOT DIVIDED,"CURVE, LEVEL",WET,NO DEFECTS,Y,FAILING TO YIELD RIGHT-OF-WAY,BEAT_118,2,4,0,4,42.15502,-87.416167,14,3,Thursday,4,11,Midday,0,0
2026-04-02 13:05:00,55,RAIN,"DARKNESS, LIGHTED ROAD",PEDESTRIAN,NOT DIVIDED,STRAIGHT AND LEVEL,WET,NO DEFECTS,N,WEATHER,BEAT_111,2,4,1,4,42.040991,-87.493019,14,3,Thursday,4,13,Midday,0,1
2026-04-02 14:29:00,30,CLEAR,DAYLIGHT,REAR END,NOT DIVIDED,STRAIGHT AND LEVEL,SNOW OR SLUSH,NO DEFECTS,Y,FAILING TO YIELD RIGHT-OF-WAY,BEAT_119,2,4,0,4,42.166317,-87.399921,14,3,Thursday,4,14,Midday,0,0
2026-04-02 17:05:00,25,CLEAR,DAYLIGHT,REAR END,DIVIDED - W/MEDIAN,STRAIGHT AND LEVEL,DRY,NO DEFECTS,Y,FOLLOWING TOO CLOSELY,BEAT_110,2,4,2,4,42.026983,-87.514202,14,3,Thursday,4,17,Evening_Rush,0,1
2026-04-02 19:10:00,35,CLEAR,"DARKNESS, LIGHTED ROAD",PARKED MOTOR VEHICLE,NOT DIVIDED,STRAIGHT AND LEVEL,WET,NO DEFECTS,N,FAILING TO YIELD RIGHT-OF-WAY,BEAT_118,1,4,0,4,42.14724,-87.409182,14,3,Thursday,4,19,Evening_Rush,0,0
2026-04-02 23:34:00,30,CLEAR,DAWN,SIDESWIPE SAME DIRECTION,FOUR WAY INTERSECTION,STRAIGHT AND LEVEL,DRY,NO DEFECTS,Y,FAILING TO YIELD RIGHT-OF-WAY,BEAT_113,2,4,0,4,42.072484,-87.466798,14,3,Thursday,4,23,Night,0,0
2026-04-09 04:32:00,25,CLEAR,DAWN,TURNING,DIVIDED - W/MEDIAN,STRAIGHT AND LEVEL,SNOW OR SLUSH,NO DEFECTS,Y,IMPROPER OVERTAKING/PASSING,BEAT_101,3,4,0,4,41.894229,-87.62548,15,3,Thursday,4,4,Night,0,0
2026-04-09 14:32:00,40,CLEAR,DAWN,TURNING,DIVIDED - W/MEDIAN,STRAIGHT AND LEVEL,DRY,NO DEFECTS,Y,DISREGARDING TRAFFIC SIGNALS,BEAT_117,1,4,1,4,42.132404,-87.42807,15,3,Thursday,4,14,Midday,0,1
2026-04-09 14:49:00,30,CLEAR,DARKNESS,ANGLE,DIVIDED - W/MEDIAN,STRAIGHT AND LEVEL,DRY,NO DEFECTS,N,FAILING TO YIELD RIGHT-OF-WAY,BEAT_112,2,4,0,4,42.055403,-87.483485,15,3,Thursday,4,14,Midday,0,0
2026-04-09 14:54:00,50,RAIN,DAYLIGHT,SIDESWIPE SAME DIRECTION,NOT DIVIDED,STRAIGHT AND LEVEL,SNOW OR SLUSH,NO DEFECTS,N,WEATHER,BEAT_103,2,4,0,4,41.924408,-87.590983,15,3,Thursday,4,14,Midday,0,0
2026-04-09 17:18:00,50,SNOW,DAYLIGHT,SIDESWIPE SAME DIRECTION,DIVIDED - W/MEDIAN,STRAIGHT AND LEVEL,WET,NO DEFECTS,Y,PHYSICAL CONDITION OF DRIVER,BEAT_110,2,4,0,4,42.030641,-87.512118,15,3,Thursday,4,17,Evening_Rush,0,0
2026-04-09 19:14:00,25,RAIN,"DARKNESS, LIGHTED ROAD",TURNING,DIVIDED - W/MEDIAN,STRAIGHT AND LEVEL,WET,NO DEFECTS,Y,PHYSICAL CONDITION OF DRIVER,BEAT_105,2,4,0,4,41.952979,-87.573561,15,3,Thursday,4,19,Evening_Rush,0,0
2026-04-09 19:47:00,30,RAIN,"DARKNESS, LIGHTED ROAD",REAR END,NOT DIVIDED,STRAIGHT AND LEVEL,SNOW OR SLUSH,"RUT, HOLES",N,FOLLOWING TOO CLOSELY,BEAT_114,2,4,0,4,42.088471,-87.458294,15,3,Thursday,4,19,Evening_Rush,0,0
2026-04-16 01:04:00,35,CLEAR,DAYLIGHT,PARKED MOTOR VEHICLE,DIVIDED - W/MEDIAN,"CURVE, LEVEL",DRY,NO DEFECTS,Y,DISREGARDING TRAFFIC SIGNALS,BEAT_117,2,4,0,4,42.133349,-87.422316,16,3,Thursday,4,1,Night,0,0
2026-04-16 06:26:00,25,RAIN,"DARKNESS, LIGHTED ROAD",TURNING,NOT DIVIDED,STRAIGHT AND LEVEL,WET,NO DEFECTS,Y,DISREGARDING TRAFFIC SIGNALS,BEAT_118,2,4,2,4,42.148499,-87.411223,16,3,Thursday,4,6,Morning_Rush,0,1
2026-04-16 09:42:00,30,RAIN,DAYLIGHT,ANGLE,DIVIDED - W/MEDIAN,STRAIGHT AND LEVEL,WET,NO DEFECTS,N,FOLLOWING TOO CLOSELY,BEAT_117,1,4,0,4,42.131663,-87.41892,16,3,Thursday,4,9,Morning_Rush,0,0
2026-04-16 11:23:00,35,CLEAR,DAYLIGHT,PARKED MOTOR VEHICLE,NOT DIVIDED,STRAIGHT AND LEVEL,DRY,NO DEFECTS,N,FAILING TO YIELD RIGHT-OF-WAY,BEAT_106,2,4,0,4,41.963667,-87.557304,16,3,Thursday,4,11,Midday,0,0
2026-04-16 11:56:00,30,RAIN,DAYLIGHT,SIDESWIPE SAME DIRECTION,FOUR WAY INTERSECTION,STRAIGHT AND LEVEL,WET,NO DEFECTS,N,FOLLOWING TOO CLOSELY,BEAT_116,2,4,0,4,42.116097,-87.438601,16,3,Thursday,4,11,Midday,0,0
2026-04-16 14:52:00,30,CLEAR,DAYLIGHT,PEDESTRIAN,DIVIDED - W/MEDIAN,STRAIGHT AND LEVEL,DRY,NO DEFECTS,Y,FAILING TO YIELD RIGHT-OF-WAY,BEAT_108,2,4,0,4,41.994144,-87.531576,16,3,Thursday,4,14,Midday,0,0
2026-04-23 00:14:00,25,CLEAR,DAYLIGHT,TURNING,FOUR WAY INTERSECTION,STRAIGHT AND LEVEL,WET,NO DEFECTS,Y,FAILING TO YIELD RIGHT-OF-WAY,BEAT_104,2,4,0,4,41.935497,-87.587524,17,3,Thursday,4,0,Night,0,0
2026-04-23 08:14:00,30,CLEAR,DARKNESS,REAR END,ONE-WAY,STRAIGHT ON GRADE,DRY,NO DEFECTS,N,IMPROPER OVERTAKING/PASSING,BEAT_101,2,4,0,4,41.894328,-87.615789,17,3,Thursday,4,8,Morning_Rush,0,0
2026-04-23 08:50:00,30,CLEAR,DUSK,ANGLE,DIVIDED - W/MEDIAN,STRAIGHT AND LEVEL,DRY,NO DEFECTS,N,DRIVING SKILLS/KNOWLEDGE/EXPERIENCE,BEAT_103,4,4,0,4,41.923178,-87.595214,17,3,Thursday,4,8,Morning_Rush,0,0
2026-04-23 10:06:00,30,CLEAR,DAYLIGHT,PARKED MOTOR VEHICLE,FOUR WAY INTERSECTION,STRAIGHT AND LEVEL,DRY,NO DEFECTS,Y,DRIVING SKILLS/KNOWLEDGE/EXPERIENCE,BEAT_111,2,4,0,4,42.043237,-87.500944,17,3,Thursday,4,10,Midday,0,0
2026-04-23 14:52:00,25,CLEAR,DAWN,SIDESWIPE SAME DIRECTION,DIVIDED - W/MEDIAN,STRAIGHT AND LEVEL,DRY,NO DEFECTS,Y,PHYSICAL CONDITION OF DRIVER,BEAT_109,2,4,0,4,42.010392,-87.520881,17,3,Thursday,4,14,Midday,0,0
2026-04-23 15:23:00,45,RAIN,DAYLIGHT,ANGLE,DIVIDED - W/MEDIAN,STRAIGHT AND LEVEL,WET,NO DEFECTS,N,FOLLOWING TOO CLOSELY,BEAT_111,2,4,0,4,42.045328,-87.495877,17,3,Thursday,4,15,Midday,0,0
2026-04-23 15:56:00,25,SEVERE RAIN,"DARKNESS, LIGHTED ROAD",REAR END,DIVIDED - W/MEDIAN,STRAIGHT AND LEVEL,WET,NO DEFECTS,N,DISREGARDING TRAFFIC SIGNALS,BEAT_117,2,4,1,4,42.132993,-87.427687,17,3,Thursday,4,15,Midday,0,1
2026-04-23 16:26:00,30,CLEAR,DAYLIGHT,ANGLE,DIVIDED - W/MEDIAN,STRAIGHT AND LEVEL,DRY,NO DEFECTS,Y,FOLLOWING TOO CLOSELY,BEAT_102,2,4,2,4,41.906316,-87.607986,17,3,Thursday,4,16,Evening_Rush,0,1
2026-04-23 16:57:00,30,RAIN,DAYLIGHT,SIDESWIPE SAME DIRECTION,ALLEY,STRAIGHT AND LEVEL,ICE,NO DEFECTS,Y,DRIVING SKILLS/KNOWLEDGE/EXPERIENCE,BEAT_120,2,4,0,4,42.180554,-87.392964,17,3,Thursday,4,16,Evening_Rush,0,0
2026-04-23 17:29:00,40,CLEAR,DAYLIGHT,FIXED OBJECT,ONE-WAY,STRAIGHT AND LEVEL,WET,NO DEFECTS,N,DISREGARDING TRAFFIC SIGNALS,BEAT_106,2,4,0,4,41.96703,-87.557085,17,3,Thursday,4,17,Evening_Rush,0,0
2026-04-30 00:16:00,25,CLEAR,"DARKNESS, LIGHTED ROAD",REAR END,DIVIDED - W/MEDIAN,STRAIGHT AND LEVEL,DRY,NO DEFECTS,N,FOLLOWING TOO CLOSELY,BEAT_105,1,4,0,4,41.952144,-87.566553,18,3,Thursday,4,0,Night,0,0
2026-04-30 02:15:00,25,RAIN,"DARKNESS, LIGHTED ROAD",SIDESWIPE SAME DIRECTION,NOT DIVIDED,STRAIGHT AND LEVEL,ICE,NO DEFECTS,Y,DISREGARDING TRAFFIC SIGNALS,BEAT_103,3,4,0,4,41.928688,-87.591897,18,3,Thursday,4,2,Night,0,0
2026-04-30 04:14:00,35,RAIN,"DARKNESS, LIGHTED ROAD",TURNING,FOUR WAY INTERSECTION,STRAIGHT AND LEVEL,WET,NO DEFECTS,N,WEATHER,BEAT_118,2,4,0,4,42.149664,-87.4125,18,3,Thursday,4,4,Night,0,0
2026-04-30 05:20:00,25,RAIN,"DARKNESS, LIGHTED ROAD",SIDESWIPE SAME DIRECTION,DIVIDED - W/MEDIAN,STRAIGHT AND LEVEL,WET,NO DEFECTS,Y,FOLLOWING TOO CLOSELY,BEAT_113,3,4,0,4,42.074217,-87.469631,18,3,Thursday,4,5,Night,0,0
2026-04-30 12:49:00,45,CLEAR,DAYLIGHT,TURNING,ONE-WAY,"CURVE, LEVEL",DRY,NO DEFECTS,Y,DRIVING SKILLS/KNOWLEDGE/EXPERIENCE,BEAT_112,1,4,0,4,42.052114,-87.48323,18,3,Thursday,4,12,Midday,0,0
2026-04-30 18:06:00,25,CLEAR,"DARKNESS, LIGHTED ROAD",ANGLE,NOT DIVIDED,STRAIGHT AND LEVEL,DRY,WORN SURFACE,N,FAILING TO YIELD RIGHT-OF-WAY,BEAT_118,2,4,1,4,42.148596,-87.413762,18,3,Thursday,4,18,Evening_Rush,0,1
2026-04-30 21:56:00,25,CLEAR,DAYLIGHT,TURNING,FOUR WAY INTERSECTION,STRAIGHT AND LEVEL,DRY,NO DEFECTS,N,WEATHER,BEAT_105,1,4,0,4,41.957883,-87.565937,18,3,Thursday,4,21,Night,0,0
2026-04-30 22:38:00,30,CLEAR,DAYLIGHT,REAR END,FOUR WAY INTERSECTION,STRAIGHT AND LEVEL,DRY,"RUT, HOLES",Y,DISREGARDING TRAFFIC SIGNALS,BEAT_109,2,4,0,4,42.014811,-87.518817,18,3,Thursday,4,22,Night,0,0
2026-05-07 00:10:00,45,SNOW,DAYLIGHT,PARKED MOTOR VEHICLE,ONE-WAY,STRAIGHT AND LEVEL,WET,WORN SURFACE,N,DRIVING SKILLS/KNOWLEDGE/EXPERIENCE,BEAT_112,2,5,2,4,42.057968,-87.484377,19,3,Thursday,5,0,Night,0,1
2026-05-07 03:17:00,20,RAIN,DAYLIGHT,SIDESWIPE SAME DIRECTION,DIVIDED - W/MEDIAN,STRAIGHT AND LEVEL,ICE,NO DEFECTS,N,DRIVING SKILLS/KNOWLEDGE/EXPERIENCE,BEAT_105,2,5,0,4,41.952467,-87.572762,19,3,Thursday,5,3,Night,0,0
2026-05-07 04:57:00,30,CLEAR,DAYLIGHT,TURNING,DIVIDED - W/MEDIAN,STRAIGHT AND LEVEL,WET,NO DEFECTS,N,FAILING TO YIELD RIGHT-OF-WAY,BEAT_115,2,5,0,4,42.106594,-87.457286,19,3,Thursday,5,4,Night,0,0
2026-05-07 06:43:00,25,CLEAR,DAYLIGHT,SIDESWIPE SAME DIRECTION,NOT DIVIDED,STRAIGHT AND LEVEL,DRY,DEBRIS ON ROAD,Y,FAILING TO YIELD RIGHT-OF-WAY,BEAT_106,1,5,0,4,41.967065,-87.558508,19,3,Thursday,5,6,Morning_Rush,0,0
2026-05-07 07:24:00,40,SNOW,DAYLIGHT,REAR END,ONE-WAY,STRAIGHT AND LEVEL,SNOW OR SLUSH,SHOULDER DEFECT,Y,FAILING TO YIELD RIGHT-OF-WAY,BEAT_111,2,5,2,4,42.04233,-87.504525,19,3,Thursday,5,7,Morning_Rush,0,1
2026-05-07 09:13:00,35,CLEAR,DAYLIGHT,REAR END,DIVIDED - W/MEDIAN,STRAIGHT AND LEVEL,WET,NO DEFECTS,N,FOLLOWING TOO CLOSELY,BEAT_110,2,5,0,4,42.028898,-87.504141,19,3,Thursday,5,9,Morning_Rush,0,0
2026-05-07 10:31:00,25,CLEAR,DAYLIGHT,SIDESWIPE SAME DIRECTION,DIVIDED - W/MEDIAN,STRAIGHT ON GRADE,DRY,NO DEFECTS,Y,WEATHER,BEAT_106,2,5,1,4,41.963862,-87.560517,19,3,Thursday,5,10,Midday,0,1
2026-05-07 11:00:00,30,RAIN,DAYLIGHT,TURNING,FOUR WAY INTERSECTION,STRAIGHT AND LEVEL,WET,NO DEFECTS,N,WEATHER,BEAT_119,2,5,0,4,42.159751,-87.404871,19,3,Thursday,5,11,Midday,0,0
2026-05-07 12:37:00,45,CLEAR,DAYLIGHT,REAR END,T-INTERSECTION,STRAIGHT ON GRADE,DRY,NO DEFECTS,N,WEATHER,BEAT_113,1,5,3,4,42.070529,-87.477178,19,3,Thursday,5,12,Midday,0,1
2026-05-07 20:45:00,50,CLEAR,DAYLIGHT,ANGLE,NOT DIVIDED,STRAIGHT AND LEVEL,DRY,SHOULDER DEFECT,Y,IMPROPER OVERTAKING/PASSING,BEAT_119,2,5,0,4,42.165698,-87.401639,19,3,Thursday,5,20,Night,0,0
2026-05-14 00:05:00,35,CLEAR,DAYLIGHT,ANGLE,ONE-WAY,STRAIGHT AND LEVEL,DRY,NO DEFECTS,N,FAILING TO YIELD RIGHT-OF-WAY,BEAT_118,2,5,0,4,42.145567,-87.411873,20,3,Thursday,5,0,Night,0,0
2026-05-14 04:28:00,45,SNOW,"DARKNESS, LIGHTED ROAD",PARKED MOTOR VEHICLE,DIVIDED - W/MEDIAN,STRAIGHT AND LEVEL,SNOW OR SLUSH,DEBRIS ON ROAD,N,FAILING TO YIELD RIGHT-OF-WAY,BEAT_111,2,5,0,4,42.041987,-87.497795,20,3,Thursday,5,4,Night,0,0
2026-05-14 07:24:00,45,CLEAR,"DARKNESS, LIGHTED ROAD",SIDESWIPE SAME DIRECTION,NOT DIVIDED,STRAIGHT AND LEVEL,DRY,NO DEFECTS,N,FOLLOWING TOO CLOSELY,BEAT_119,1,5,0,4,42.162218,-87.400542,20,3,Thursday,5,7,Morning_Rush,0,0
2026-05-14 08:21:00,55,CLEAR,"DARKNESS, LIGHTED ROAD",SIDESWIPE SAME DIRECTION,NOT DIVIDED,STRAIGHT AND LEVEL,DRY,NO DEFECTS,Y,FAILING TO YIELD RIGHT-OF-WAY,BEAT_114,2,5,0,4,42.089636,-87.466222,20,3,Thursday,5,8,Morning_Rush,0,0
2026-05-14 11:53:00,55,SEVERE RAIN,DUSK,SIDESWIPE SAME DIRECTION,NOT DIVIDED,STRAIGHT AND LEVEL,SNOW OR SLUSH,NO DEFECTS,Y,FAILING TO YIELD RIGHT-OF-WAY,BEAT_107,2,5,2,4,41.980994,-87.547689,20,3,Thursday,5,11,Midday,0,1
2026-05-14 14:27:00,25,CLEAR,"DARKNESS, LIGHTED ROAD",SIDESWIPE SAME DIRECTION,NOT DIVIDED,STRAIGHT AND LEVEL,DRY,NO DEFECTS,N,FOLLOWING TOO CLOSELY,BEAT_108,2,5,0,4,41.991949,-87.529924,20,3,Thursday,5,14,Midday,0,0
2026-05-14 19:08:00,35,CLEAR,DAYLIGHT,REAR END,NOT DIVIDED,STRAIGHT AND LEVEL,DRY,"RUT, HOLES",N,DRIVING SKILLS/KNOWLEDGE/EXPERIENCE,BEAT_117,2,5,0,4,42.130242,-87.428745,20,3,Thursday,5,19,Evening_Rush,0,0
2026-05-21 03:51:00,40,RAIN,DAYLIGHT,ANGLE,ONE-WAY,STRAIGHT AND LEVEL,WET,NO DEFECTS,Y,WEATHER,BEAT_111,2,5,1,4,42.047795,-87.499532,21,3,Thursday,5,3,Night,0,1
2026-05-21 04:09:00,30,CLEAR,DAYLIGHT,PEDESTRIAN,NOT DIVIDED,STRAIGHT AND LEVEL,DRY,NO DEFECTS,N,DRIVING SKILLS/KNOWLEDGE/EXPERIENCE,BEAT_107,4,5,0,4,41.979581,-87.543536,21,3,Thursday,5,4,Night,0,0
2026-05-21 06:07:00,25,SEVERE RAIN,"DARKNESS, LIGHTED ROAD",SIDESWIPE SAME DIRECTION,ALLEY,STRAIGHT AND LEVEL,ICE,NO DEFECTS,Y,DRIVING SKILLS/KNOWLEDGE/EXPERIENCE,BEAT_118,2,5,0,4,42.150925,-87.41357,21,3,Thursday,5,6,Morning_Rush,0,0
2026-05-21 06:30:00,30,CLEAR,DAYLIGHT,REAR END,ALLEY,CURVE ON GRADE,WET,NO DEFECTS,N,FAILING TO YIELD RIGHT-OF-WAY,BEAT_115,3,5,0,4,42.106342,-87.448928,21,3,Thursday,5,6,Morning_Rush,0,0
2026-05-21 07:42:00,30,CLEAR,"DARKNESS, LIGHTED ROAD",ANGLE,ONE-WAY,STRAIGHT ON GRADE,DRY,NO DEFECTS,Y,FAILING TO YIELD RIGHT-OF-WAY,BEAT_116,2,5,0,4,42.116965,-87.432826,21,3,Thursday,5,7,Morning_Rush,0,0
2026-05-21 07:55:00,30,CLEAR,DAYLIGHT,REAR END,NOT DIVIDED,STRAIGHT AND LEVEL,WET,NO DEFECTS,N,WEATHER,BEAT_106,2,5,0,4,41.969779,-87.554835,21,3,Thursday,5,7,Morning_Rush,0,0
2026-05-21 08:16:00,40,CLEAR,DAYLIGHT,TURNING,DIVIDED - W/MEDIAN,STRAIGHT AND LEVEL,DRY,NO DEFECTS,N,DISREGARDING TRAFFIC SIGNALS,BEAT_110,2,5,1,4,42.031383,-87.510166,21,3,Thursday,5,8,Morning_Rush,0,1
2026-05-21 08:47:00,30,CLEAR,DAYLIGHT,REAR END,DIVIDED - W/MEDIAN,STRAIGHT AND LEVEL,DRY,WORN SURFACE,N,FAILING TO YIELD RIGHT-OF-WAY,BEAT_118,2,5,0,4,42.149761,-87.414112,21,3,Thursday,5,8,Morning_Rush,0,0
2026-05-21 10:53:00,25,CLEAR,DAYLIGHT,REAR END,ONE-WAY,STRAIGHT AND LEVEL,DRY,"RUT, HOLES",Y,WEATHER,BEAT_104,2,5,0,4,41.935093,-87.584057,21,3,Thursday,5,10,Midday,0,0
2026-05-21 11:36:00,25,SNOW,"DARKNESS, LIGHTED ROAD",REAR END,FOUR WAY INTERSECTION,STRAIGHT AND LEVEL,WET,NO DEFECTS,N,FAILING TO YIELD RIGHT-OF-WAY,BEAT_110,1,5,0,4,42.034136,-87.509391,21,3,Thursday,5,11,Midday,0,0
2026-05-21 12:46:00,25,CLEAR,DAYLIGHT,ANGLE,NOT DIVIDED,STRAIGHT AND LEVEL,WET,NO DEFECTS,N,FAILING TO YIELD RIGHT-OF-WAY,BEAT_118,2,5,0,4,42.147815,-87.412587,21,3,Thursday,5,12,Midday,0,0
2026-05-21 16:37:00,30,CLEAR,DAYLIGHT,REAR END,DIVIDED - W/MEDIAN,STRAIGHT AND LEVEL,WET,NO DEFECTS,Y,FAILING TO YIELD RIGHT-OF-WAY,BEAT_117,1,5,0,4,42.135191,-87.426517,21,3,Thursday,5,16,Evening_Rush,0,0
2026-05-21 16:43:00,40,CLEAR,DAYLIGHT,SIDESWIPE SAME DIRECTION,T-INTERSECTION,STRAIGHT AND LEVEL,DRY,NO DEFECTS,Y,FAILING TO YIELD RIGHT-OF-WAY,BEAT_111,2,5,0,4,42.046284,-87.503048,21,3,Thursday,5,16,Evening_Rush,0,0
2026-05-21 18:00:00,20,CLEAR,DAYLIGHT,ANGLE,DIVIDED - W/MEDIAN,STRAIGHT AND LEVEL,SNOW OR SLUSH,NO DEFECTS,N,WEATHER,BEAT_116,2,5,1,4,42.121768,-87.437367,21,3,Thursday,5,18,Evening_Rush,0,1
2026-05-21 21:03:00,40,CLEAR,"DARKNESS, LIGHTED ROAD",ANGLE,ONE-WAY,STRAIGHT AND LEVEL,WET,NO DEFECTS,N,DRIVING SKILLS/KNOWLEDGE/EXPERIENCE,BEAT_120,2,5,0,4,42.17491,-87.395375,21,3,Thursday,5,21,Night,0,0
2026-05-21 21:11:00,30,SNOW,"DARKNESS, LIGHTED ROAD",SIDESWIPE SAME DIRECTION,ONE-WAY,STRAIGHT AND LEVEL,WET,NO DEFECTS,N,DRIVING SKILLS/KNOWLEDGE/EXPERIENCE,BEAT_106,2,5,0,4,41.969455,-87.561149,21,3,Thursday,5,21,Night,0,0
2026-05-21 22:31:00,35,SNOW,"DARKNESS, LIGHTED ROAD",REAR END,ONE-WAY,STRAIGHT AND LEVEL,WET,WORN SURFACE,N,FAILING TO YIELD RIGHT-OF-WAY,BEAT_111,2,5,1,4,42.046448,-87.495551,21,3,Thursday,5,22,Night,0,1
2026-05-21 23:30:00,25,CLEAR,DAYLIGHT,REAR END,ALLEY,STRAIGHT AND LEVEL,DRY,NO DEFECTS,N,WEATHER,BEAT_120,2,5,0,4,42.176429,-87.385056,21,3,Thursday,5,23,Night,0,0
2026-05-28 00:20:00,25,CLEAR,DAYLIGHT,TURNING,DIVIDED - W/MEDIAN,STRAIGHT AND LEVEL,WET,NO DEFECTS,N,DISREGARDING TRAFFIC SIGNALS,BEAT_117,2,5,0,4,42.130648,-87.423473,22,3,Thursday,5,0,Night,0,0
2026-05-28 01:03:00,50,CLEAR,DAYLIGHT,SIDESWIPE SAME DIRECTION,DIVIDED - W/MEDIAN,STRAIGHT AND LEVEL,DRY,NO DEFECTS,Y,DRIVING SKILLS/KNOWLEDGE/EXPERIENCE,BEAT_103,1,5,0,4,41.924149,-87.594698,22,3,Thursday,5,1,Night,0,0
2026-05-28 02:43:00,25,CLEAR,DAYLIGHT,TURNING,NOT DIVIDED,STRAIGHT ON GRADE,DRY,WORN SURFACE,N,DISREGARDING TRAFFIC SIGNALS,BEAT_105,2,5,0,4,41.948252,-87.572406,22,3,Thursday,5,2,Night,0,0
2026-05-28 04:31:00,25,CLEAR,DAYLIGHT,TURNING,DIVIDED - W/MEDIAN,STRAIGHT AND LEVEL,DRY,NO DEFECTS,N,WEATHER,BEAT_120,2,5,0,4,42.174943,-87.386955,22,3,Thursday,5,4,Night,0,0
2026-05-28 07:25:00,30,CLEAR,DAYLIGHT,ANGLE,NOT DIVIDED,STRAIGHT AND LEVEL,DRY,NO DEFECTS,N,IMPROPER OVERTAKING/PASSING,BEAT_111,2,5,0,4,42.040063,-87.494582,22,3,Thursday,5,7,Morning_Rush,0,0
2026-05-28 07:50:00,55,CLEAR,DAYLIGHT,ANGLE,NOT DIVIDED,STRAIGHT AND LEVEL,DRY,NO DEFECTS,N,FAILING TO YIELD RIGHT-OF-WAY,BEAT_101,2,5,0,4,41.898323,-87.623213,22,3,Thursday,5,7,Morning_Rush,0,0
2026-05-28 08:30:00,30,CLEAR,DAYLIGHT,REAR END,FOUR WAY INTERSECTION,STRAIGHT AND LEVEL,DRY,NO DEFECTS,Y,DRIVING SKILLS/KNOWLEDGE/EXPERIENCE,BEAT_114,2,5,0,4,42.08731,-87.462995,22,3,Thursday,5,8,Morning_Rush,0,0
2026-05-28 13:34:00,25,CLEAR,DAYLIGHT,SIDESWIPE SAME DIRECTION,DIVIDED - W/MEDIAN,STRAIGHT AND LEVEL,DRY,NO DEFECTS,N,FAILING TO YIELD RIGHT-OF-WAY,BEAT_111,2,5,0,4,42.044631,-87.496735,22,3,Thursday,5,13,Midday,0,0
2026-05-28 14:01:00,30,CLEAR,DAYLIGHT,ANGLE,NOT DIVIDED,STRAIGHT AND LEVEL,DRY,NO DEFECTS,Y,FOLLOWING TOO CLOSELY,BEAT_101,2,5,0,4,41.896793,-87.61476,22,3,Thursday,5,14,Midday,0,0
2026-05-28 15:57:00,25,CLEAR,"DARKNESS, LIGHTED ROAD",ANGLE,DIVIDED - W/MEDIAN,STRAIGHT AND LEVEL,DRY,NO DEFECTS,Y,DRIVING SKILLS/KNOWLEDGE/EXPERIENCE,BEAT_120,2,5,0,4,42.176325,-87.38336,22,3,Thursday,5,15,Midday,0,0
2026-05-28 17:11:00,30,CLEAR,DAYLIGHT,ANGLE,FOUR WAY INTERSECTION,STRAIGHT AND LEVEL,DRY,NO DEFECTS,Y,FOLLOWING TOO CLOSELY,BEAT_117,1,5,0,4,42.135828,-87.428234,22,3,Thursday,5,17,Evening_Rush,0,0
2026-05-28 17:37:00,25,CLEAR,DARKNESS,PARKED MOTOR VEHICLE,DIVIDED - W/MEDIAN,STRAIGHT AND LEVEL,DRY,NO DEFECTS,N,DISREGARDING TRAFFIC SIGNALS,BEAT_103,2,5,0,4,41.925626,-87.596228,22,3,Thursday,5,17,Evening_Rush,0,0
2026-05-28 17:50:00,30,CLEAR,"DARKNESS, LIGHTED ROAD",REAR END,NOT DIVIDED,STRAIGHT AND LEVEL,DRY,DEBRIS ON ROAD,N,IMPROPER OVERTAKING/PASSING,BEAT_115,2,5,0,4,42.103895,-87.449508,22,3,Thursday,5,17,Evening_Rush,0,0
2026-06-04 01:20:00,25,CLEAR,DARKNESS,REAR END,NOT DIVIDED,STRAIGHT AND LEVEL,DRY,"RUT, HOLES",N,WEATHER,BEAT_120,2,6,0,4,42.174593,-87.390377,23,3,Thursday,6,1,Night,0,0
2026-06-04 01:35:00,30,CLEAR,DAYLIGHT,SIDESWIPE SAME DIRECTION,NOT DIVIDED,STRAIGHT AND LEVEL,WET,NO DEFECTS,Y,DRIVING SKILLS/KNOWLEDGE/EXPERIENCE,BEAT_115,2,6,0,4,42.102808,-87.448725,23,3,Thursday,6,1,Night,0,0
2026-06-04 01:56:00,40,CLEAR,DARKNESS,TURNING,NOT DIVIDED,STRAIGHT AND LEVEL,DRY,NO DEFECTS,Y,FOLLOWING TOO CLOSELY,BEAT_108,2,6,0,4,41.994913,-87.53255,23,3,Thursday,6,1,Night,0,0
2026-06-04 02:43:00,30,RAIN,DAYLIGHT,REAR END,DIVIDED - W/MEDIAN,STRAIGHT AND LEVEL,WET,NO DEFECTS,Y,WEATHER,BEAT_105,1,6,0,4,41.955682,-87.564667,23,3,Thursday,6,2,Night,0,0
2026-06-04 03:54:00,25,SEVERE RAIN,DAYLIGHT,TURNING,ONE-WAY,STRAIGHT AND LEVEL,WET,NO DEFECTS,Y,DRIVING SKILLS/KNOWLEDGE/EXPERIENCE,BEAT_104,2,6,0,4,41.937647,-87.580202,23,3,Thursday,6,3,Night,0,0
2026-06-04 04:05:00,30,CLEAR,"DARKNESS, LIGHTED ROAD",TURNING,FOUR WAY INTERSECTION,STRAIGHT AND LEVEL,WET,NO DEFECTS,N,IMPROPER OVERTAKING/PASSING,BEAT_105,2,6,0,4,41.953706,-87.571179,23,3,Thursday,6,4,Night,0,0
2026-06-04 11:39:00,25,CLEAR,DAYLIGHT,ANGLE,NOT DIVIDED,STRAIGHT AND LEVEL,DRY,NO DEFECTS,N,DRIVING SKILLS/KNOWLEDGE/EXPERIENCE,BEAT_106,1,6,0,4,41.970141,-87.558214,23,3,Thursday,6,11,Midday,0,0
2026-06-04 13:14:00,25,CLEAR,"DARKNESS, LIGHTED ROAD",REAR END,ONE-WAY,STRAIGHT AND LEVEL,DRY,"RUT, HOLES",N,FOLLOWING TOO CLOSELY,BEAT_112,2,6,0,4,42.062735,-87.483988,23,3,Thursday,6,13,Midday,0,0
2026-06-04 13:52:00,30,SEVERE RAIN,"DARKNESS, LIGHTED ROAD",SIDESWIPE SAME DIRECTION,ONE-WAY,STRAIGHT AND LEVEL,WET,NO DEFECTS,Y,IMPROPER OVERTAKING/PASSING,BEAT_104,2,6,0,4,41.937834,-87.580183,23,3,Thursday,6,13,Midday,0,0
2026-06-04 14:15:00,45,CLEAR,DARKNESS,REAR END,ONE-WAY,STRAIGHT AND LEVEL,DRY,NO DEFECTS,N,FAILING TO YIELD RIGHT-OF-WAY,BEAT_119,3,6,0,4,42.161758,-87.406987,23,3,Thursday,6,14,Midday,0,0
2026-06-04 17:57:00,30,CLEAR,DAYLIGHT,REAR END,NOT DIVIDED,STRAIGHT AND LEVEL,DRY,NO DEFECTS,N,WEATHER,BEAT_119,1,6,0,4,42.160654,-87.403477,23,3,Thursday,6,17,Evening_Rush,0,0
2026-06-04 18:21:00,25,CLEAR,"DARKNESS, LIGHTED ROAD",SIDESWIPE SAME DIRECTION,T-INTERSECTION,STRAIGHT AND LEVEL,DRY,NO DEFECTS,N,WEATHER,BEAT_110,2,6,0,4,42.024854,-87.512659,23,3,Thursday,6,18,Evening_Rush,0,0
2026-06-04 18:23:00,20,CLEAR,DAYLIGHT,ANGLE,FOUR WAY INTERSECTION,STRAIGHT AND LEVEL,DRY,NO DEFECTS,Y,FAILING TO YIELD RIGHT-OF-WAY,BEAT_120,2,6,0,4,42.174077,-87.386688,23,3,Thursday,6,18,Evening_Rush,0,0
2026-06-04 18:33:00,25,SEVERE RAIN,DARKNESS,PEDESTRIAN,ONE-WAY,STRAIGHT AND LEVEL,ICE,NO DEFECTS,N,FAILING TO YIELD RIGHT-OF-WAY,BEAT_116,2,6,1,4,42.115407,-87.43179,23,3,Thursday,6,18,Evening_Rush,0,1
2026-06-04 19:15:00,35,CLEAR,DAYLIGHT,ANGLE,DIVIDED - W/MEDIAN,STRAIGHT AND LEVEL,DRY,NO DEFECTS,Y,FOLLOWING TOO CLOSELY,BEAT_107,2,6,2,4,41.982065,-87.549605,23,3,Thursday,6,19,Evening_Rush,0,1
2026-06-04 20:22:00,40,RAIN,DAYLIGHT,PARKED MOTOR VEHICLE,DIVIDED - W/MEDIAN,"CURVE, LEVEL",WET,NO DEFECTS,Y,FOLLOWING TOO CLOSELY,BEAT_107,2,6,0,4,41.981613,-87.548369,23,3,Thursday,6,20,Night,0,0
2026-06-04 22:34:00,25,CLEAR,DAYLIGHT,REAR END,DIVIDED - W/MEDIAN,STRAIGHT AND LEVEL,WET,NO DEFECTS,N,DRIVING SKILLS/KNOWLEDGE/EXPERIENCE,BEAT_106,1,6,0,4,41.972958,-87.554647,23,3,Thursday,6,22,Night,0,0
2026-06-04 22:38:00,55,CLEAR,"DARKNESS, LIGHTED ROAD",TURNING,NOT DIVIDED,STRAIGHT ON GRADE,WET,NO DEFECTS,Y,IMPROPER OVERTAKING/PASSING,BEAT_119,2,6,0,4,42.16266,-87.402618,23,3,Thursday,6,22,Night,0,0
2026-06-04 23:04:00,35,CLEAR,DAYLIGHT,ANGLE,ALLEY,STRAIGHT AND LEVEL,DRY,NO DEFECTS,N,WEATHER,BEAT_105,2,6,0,4,41.957334,-87.575163,23,3,Thursday,6,23,Night,0,0
2026-06-11 00:47:00,20,RAIN,DAYLIGHT,SIDESWIPE SAME DIRECTION,NOT DIVIDED,STRAIGHT AND LEVEL,WET,NO DEFECTS,N,FAILING TO YIELD RIGHT-OF-WAY,BEAT_102,2,6,0,4,41.90654,-87.602532,24,3,Thursday,6,0,Night,0,0
2026-06-11 02:38:00,45,RAIN,DARKNESS,REAR END,NOT DIVIDED,"CURVE, LEVEL",WET,SHOULDER DEFECT,N,FOLLOWING TOO CLOSELY,BEAT_111,1,6,0,4,42.041473,-87.494129,24,3,Thursday,6,2,Night,0,0
2026-06-11 03:54:00,25,RAIN,"DARKNESS, LIGHTED ROAD",TURNING,DIVIDED - W/MEDIAN,STRAIGHT AND LEVEL,WET,NO DEFECTS,N,FAILING TO YIELD RIGHT-OF-WAY,BEAT_106,2,6,0,4,41.972126,-87.557868,24,3,Thursday,6,3,Night,0,0
2026-06-11 05:00:00,25,CLEAR,DAYLIGHT,SIDESWIPE SAME DIRECTION,NOT DIVIDED,CURVE ON GRADE,WET,NO DEFECTS,Y,WEATHER,BEAT_112,2,6,0,4,42.059028,-87.484614,24,3,Thursday,6,5,Night,0,0
2026-06-11 05:56:00,25,RAIN,DAYLIGHT,PARKED MOTOR VEHICLE,FOUR WAY INTERSECTION,STRAIGHT AND LEVEL,WET,NO DEFECTS,Y,FAILING TO YIELD RIGHT-OF-WAY,BEAT_105,2,6,0,4,41.954261,-87.567161,24,3,Thursday,6,5,Night,0,0
2026-06-11 06:02:00,30,CLEAR,DAYLIGHT,FIXED OBJECT,DIVIDED - W/MEDIAN,STRAIGHT AND LEVEL,DRY,NO DEFECTS,Y,DISREGARDING TRAFFIC SIGNALS,BEAT_109,2,6,0,4,42.0136,-87.520736,24,3,Thursday,6,6,Morning_Rush,0,0
2026-06-11 06:35:00,40,CLEAR,"DARKNESS, LIGHTED ROAD",PARKED MOTOR VEHICLE,DIVIDED - W/MEDIAN,STRAIGHT AND LEVEL,DRY,NO DEFECTS,N,FOLLOWING TOO CLOSELY,BEAT_118,2,6,0,4,42.146922,-87.415627,24,3,Thursday,6,6,Morning_Rush,0,0
2026-06-11 07:54:00,25,SNOW,"DARKNESS, LIGHTED ROAD",SIDESWIPE SAME DIRECTION,T-INTERSECTION,STRAIGHT AND LEVEL,SNOW OR SLUSH,"RUT, HOLES",N,DRIVING SKILLS/KNOWLEDGE/EXPERIENCE,BEAT_115,3,6,0,4,42.100385,-87.452536,24,3,Thursday,6,7,Morning_Rush,0,0
2026-06-11 10:23:00,40,CLEAR,DAYLIGHT,PARKED MOTOR VEHICLE,DIVIDED - W/MEDIAN,"CURVE, LEVEL",WET,NO DEFECTS,Y,FAILING TO YIELD RIGHT-OF-WAY,BEAT_117,2,6,0,4,42.134753,-87.4345,24,3,Thursday,6,10,Midday,0,0
2026-06-11 12:09:00,25,CLEAR,"DARKNESS, LIGHTED ROAD",PEDESTRIAN,DIVIDED - W/MEDIAN,STRAIGHT AND LEVEL,DRY,NO DEFECTS,N,PHYSICAL CONDITION OF DRIVER,BEAT_108,2,6,0,4,42.001133,-87.53618,24,3,Thursday,6,12,Midday,0,0
2026-06-11 15:13:00,30,CLEAR,DARKNESS,SIDESWIPE SAME DIRECTION,NOT DIVIDED,STRAIGHT AND LEVEL,DRY,"RUT, HOLES",Y,FOLLOWING TOO CLOSELY,BEAT_107,3,6,2,4,41.987853,-87.545469,24,3,Thursday,6,15,Midday,0,1
2026-06-11 15:54:00,30,CLEAR,"DARKNESS, LIGHTED ROAD",REAR END,T-INTERSECTION,STRAIGHT AND LEVEL,DRY,NO DEFECTS,Y,FOLLOWING TOO CLOSELY,BEAT_119,3,6,3,4,42.161038,-87.399543,24,3,Thursday,6,15,Midday,0,1
2026-06-11 20:37:00,20,CLEAR,"DARKNESS, LIGHTED ROAD",ANGLE,NOT DIVIDED,STRAIGHT AND LEVEL,SNOW OR SLUSH,NO DEFECTS,N,WEATHER,BEAT_111,3,6,0,4,42.042475,-87.499409,24,3,Thursday,6,20,Night,0,0
2026-06-18 03:26:00,25,SEVERE RAIN,"DARKNESS, LIGHTED ROAD",REAR END,FOUR WAY INTERSECTION,STRAIGHT AND LEVEL,WET,"RUT, HOLES",Y,DISREGARDING TRAFFIC SIGNALS,BEAT_101,2,6,2,4,41.890998,-87.61233,25,3,Thursday,6,3,Night,0,1
2026-06-18 04:04:00,25,CLEAR,"DARKNESS, LIGHTED ROAD",TURNING,ALLEY,STRAIGHT AND LEVEL,DRY,NO DEFECTS,Y,DRIVING SKILLS/KNOWLEDGE/EXPERIENCE,BEAT_106,2,6,0,4,41.962501,-87.560081,25,3,Thursday,6,4,Night,0,0
2026-06-18 04:42:00,40,RAIN,DARKNESS,REAR END,NOT DIVIDED,STRAIGHT AND LEVEL,WET,NO DEFECTS,N,FAILING TO YIELD RIGHT-OF-WAY,BEAT_107,1,6,0,4,41.983128,-87.552297,25,3,Thursday,6,4,Night,0,0
2026-06-18 10:28:00,20,SNOW,DAYLIGHT,ANGLE,DIVIDED - W/MEDIAN,STRAIGHT AND LEVEL,WET,NO DEFECTS,N,FOLLOWING TOO CLOSELY,BEAT_112,2,6,0,4,42.062435,-87.487697,25,3,Thursday,6,10,Midday,0,0
2026-06-18 11:44:00,45,FOG/SMOKE/HAZE,DAYLIGHT,REAR END,NOT DIVIDED,STRAIGHT AND LEVEL,WET,NO DEFECTS,N,FOLLOWING TOO CLOSELY,BEAT_108,3,6,0,4,41.996779,-87.536098,25,3,Thursday,6,11,Midday,0,0
2026-06-18 13:36:00,20,CLEAR,DAYLIGHT,ANGLE,NOT DIVIDED,STRAIGHT AND LEVEL,DRY,NO DEFECTS,Y,DISREGARDING TRAFFIC SIGNALS,BEAT_102,2,6,1,4,41.906683,-87.604334,25,3,Thursday,6,13,Midday,0,1
2026-06-18 14:06:00,35,CLEAR,DAYLIGHT,REAR END,T-INTERSECTION,STRAIGHT AND LEVEL,DRY,NO DEFECTS,Y,FAILING TO YIELD RIGHT-OF-WAY,BEAT_107,3,6,0,4,41.981212,-87.550971,25,3,Thursday,6,14,Midday,0,0
2026-06-18 21:46:00,30,CLEAR,"DARKNESS, LIGHTED ROAD",REAR END,ONE-WAY,STRAIGHT AND LEVEL,DRY,NO DEFECTS,Y,FAILING TO YIELD RIGHT-OF-WAY,BEAT_112,2,6,0,4,42.055819,-87.484939,25,3,Thursday,6,21,Night,0,0
2026-06-18 22:51:00,30,CLEAR,DARKNESS,REAR END,NOT DIVIDED,"CURVE, LEVEL",DRY,NO DEFECTS,N,FOLLOWING TOO CLOSELY,BEAT_102,2,6,0,4,41.908433,-87.603546,25,3,Thursday,6,22,Night,0,0
2026-06-25 00:48:00,30,SNOW,DAYLIGHT,REAR END,NOT DIVIDED,STRAIGHT AND LEVEL,WET,NO DEFECTS,Y,DISREGARDING TRAFFIC SIGNALS,BEAT_106,2,6,0,4,41.970219,-87.559,26,3,Thursday,6,0,Night,0,0
2026-06-25 02:45:00,30,CLEAR,DARKNESS,SIDESWIPE SAME DIRECTION,NOT DIVIDED,STRAIGHT AND LEVEL,DRY,NO DEFECTS,N,FAILING TO YIELD RIGHT-OF-WAY,BEAT_101,2,6,1,4,41.896064,-87.618483,26,3,Thursday,6,2,Night,0,1
2026-06-25 03:46:00,35,FOG/SMOKE/HAZE,DAYLIGHT,REAR END,DIVIDED - W/MEDIAN,STRAIGHT AND LEVEL,SNOW OR SLUSH,NO DEFECTS,N,FAILING TO YIELD RIGHT-OF-WAY,BEAT_117,2,6,0,4,42.135294,-87.422001,26,3,Thursday,6,3,Night,0,0
2026-06-25 11:21:00,30,CLEAR,DAYLIGHT,REAR END,FOUR WAY INTERSECTION,STRAIGHT AND LEVEL,WET,NO DEFECTS,Y,FAILING TO YIELD RIGHT-OF-WAY,BEAT_117,2,6,0,4,42.137016,-87.420903,26,3,Thursday,6,11,Midday,0,0
2026-06-25 13:16:00,25,CLEAR,DAYLIGHT,PARKED MOTOR VEHICLE,FOUR WAY INTERSECTION,STRAIGHT AND LEVEL,DRY,NO DEFECTS,N,FOLLOWING TOO CLOSELY,BEAT_107,2,6,0,4,41.983425,-87.539402,26,3,Thursday,6,13,Midday,0,0
2026-06-25 17:05:00,25,CLEAR,"DARKNESS, LIGHTED ROAD",TURNING,NOT DIVIDED,STRAIGHT AND LEVEL,DRY,"RUT, HOLES",Y,DRIVING SKILLS/KNOWLEDGE/EXPERIENCE,BEAT_105,2,6,0,4,41.955184,-87.572982,26,3,Thursday,6,17,Evening_Rush,0,0
2026-07-02 02:43:00,20,CLEAR,DAYLIGHT,SIDESWIPE SAME DIRECTION,FOUR WAY INTERSECTION,STRAIGHT ON GRADE,DRY,NO DEFECTS,N,DISREGARDING TRAFFIC SIGNALS,BEAT_104,2,7,0,4,41.937843,-87.58757,27,3,Thursday,7,2,Night,0,0
2026-07-02 03:00:00,30,CLEAR,"DARKNESS, LIGHTED ROAD",ANGLE,ONE-WAY,STRAIGHT AND LEVEL,DRY,NO DEFECTS,Y,FAILING TO YIELD RIGHT-OF-WAY,BEAT_114,1,7,1,4,42.085549,-87.468454,27,3,Thursday,7,3,Night,0,1
2026-07-02 07:10:00,45,RAIN,"DARKNESS, LIGHTED ROAD",REAR END,T-INTERSECTION,STRAIGHT AND LEVEL,WET,NO DEFECTS,Y,PHYSICAL CONDITION OF DRIVER,BEAT_117,3,7,1,4,42.136391,-87.424166,27,3,Thursday,7,7,Morning_Rush,0,1
2026-07-02 07:41:00,25,CLEAR,DAYLIGHT,TURNING,DIVIDED - W/MEDIAN,STRAIGHT AND LEVEL,WET,NO DEFECTS,N,DRIVING SKILLS/KNOWLEDGE/EXPERIENCE,BEAT_115,3,7,0,4,42.101999,-87.445694,27,3,Thursday,7,7,Morning_Rush,0,0
2026-07-02 13:35:00,40,CLEAR,DAYLIGHT,REAR END,ONE-WAY,STRAIGHT ON GRADE,DRY,NO DEFECTS,N,FOLLOWING TOO CLOSELY,BEAT_110,3,7,0,4,42.02213,-87.512456,27,3,Thursday,7,13,Midday,0,0
2026-07-02 15:47:00,30,RAIN,DAYLIGHT,PARKED MOTOR VEHICLE,DIVIDED - W/MEDIAN,STRAIGHT AND LEVEL,WET,NO DEFECTS,N,FAILING TO YIELD RIGHT-OF-WAY,BEAT_104,2,7,0,4,41.940789,-87.579472,27,3,Thursday,7,15,Midday,0,0
2026-07-02 23:18:00,35,FOG/SMOKE/HAZE,DAYLIGHT,REAR END,NOT DIVIDED,STRAIGHT ON GRADE,WET,NO DEFECTS,Y,FOLLOWING TOO CLOSELY,BEAT_101,2,7,2,4,41.890566,-87.618359,27,3,Thursday,7,23,Night,0,1
2026-07-09 00:11:00,30,CLEAR,DAYLIGHT,PARKED MOTOR VEHICLE,ONE-WAY,"CURVE, LEVEL",DRY,NO DEFECTS,N,FOLLOWING TOO CLOSELY,BEAT_118,4,7,0,4,42.149139,-87.418942,28,3,Thursday,7,0,Night,0,0
2026-07-09 04:26:00,45,CLEAR,"DARKNESS, LIGHTED ROAD",REAR END,FOUR WAY INTERSECTION,STRAIGHT AND LEVEL,DRY,NO DEFECTS,N,DRIVING SKILLS/KNOWLEDGE/EXPERIENCE,BEAT_115,2,7,0,4,42.098862,-87.44425,28,3,Thursday,7,4,Night,0,0
2026-07-09 04:48:00,25,CLEAR,DAYLIGHT,SIDESWIPE SAME DIRECTION,NOT DIVIDED,STRAIGHT AND LEVEL,DRY,NO DEFECTS,Y,DISREGARDING TRAFFIC SIGNALS,BEAT_104,2,7,0,4,41.935405,-87.582612,28,3,Thursday,7,4,Night,0,0
2026-07-09 07:42:00,25,CLEAR,DAYLIGHT,REAR END,DIVIDED - W/MEDIAN,STRAIGHT AND LEVEL,DRY,NO DEFECTS,Y,FAILING TO YIELD RIGHT-OF-WAY,BEAT_111,2,7,0,4,42.044585,-87.49606,28,3,Thursday,7,7,Morning_Rush,0,0
2026-07-09 08:22:00,30,CLEAR,DUSK,SIDESWIPE SAME DIRECTION,ALLEY,STRAIGHT AND LEVEL,DRY,"RUT, HOLES",N,FOLLOWING TOO CLOSELY,BEAT_108,1,7,0,4,41.995478,-87.530419,28,3,Thursday,7,8,Morning_Rush,0,0
2026-07-09 11:26:00,30,FOG/SMOKE/HAZE,DAYLIGHT,SIDESWIPE SAME DIRECTION,NOT DIVIDED,STRAIGHT AND LEVEL,WET,NO DEFECTS,N,FAILING TO YIELD RIGHT-OF-WAY,BEAT_106,2,7,0,4,41.970594,-87.555406,28,3,Thursday,7,11,Midday,0,0
2026-07-09 13:10:00,25,CLEAR,"DARKNESS, LIGHTED ROAD",PARKED MOTOR VEHICLE,NOT DIVIDED,"CURVE, LEVEL",DRY,NO DEFECTS,Y,FAILING TO YIELD RIGHT-OF-WAY,BEAT_114,1,7,0,4,42.087756,-87.471123,28,3,Thursday,7,13,Midday,0,0
2026-07-09 13:31:00,30,CLEAR,"DARKNESS, LIGHTED ROAD",PEDESTRIAN,NOT DIVIDED,STRAIGHT AND LEVEL,WET,"RUT, HOLES",N,WEATHER,BEAT_109,2,7,0,4,42.012721,-87.526552,28,3,Thursday,7,13,Midday,0,0
2026-07-09 16:51:00,25,SNOW,"DARKNESS, LIGHTED ROAD",SIDESWIPE SAME DIRECTION,DIVIDED - W/MEDIAN,STRAIGHT ON GRADE,WET,NO DEFECTS,N,WEATHER,BEAT_105,2,7,0,4,41.952204,-87.571764,28,3,Thursday,7,16,Evening_Rush,0,0
2026-07-09 19:34:00,25,CLEAR,DAYLIGHT,SIDESWIPE SAME DIRECTION,NOT DIVIDED,STRAIGHT AND LEVEL,DRY,NO DEFECTS,N,IMPROPER OVERTAKING/PASSING,BEAT_106,2,7,0,4,41.970899,-87.557609,28,3,Thursday,7,19,Evening_Rush,0,0
2026-07-09 19:34:00,35,CLEAR,DAYLIGHT,SIDESWIPE SAME DIRECTION,NOT DIVIDED,STRAIGHT AND LEVEL,WET,NO DEFECTS,N,FOLLOWING TOO CLOSELY,BEAT_109,2,7,0,4,42.01655,-87.526181,28,3,Thursday,7,19,Evening_Rush,0,0
2026-07-09 21:24:00,30,CLEAR,DAYLIGHT,SIDESWIPE SAME DIRECTION,DIVIDED - W/MEDIAN,STRAIGHT AND LEVEL,DRY,NO DEFECTS,Y,DRIVING SKILLS/KNOWLEDGE/EXPERIENCE,BEAT_117,2,7,0,4,42.13693,-87.429153,28,3,Thursday,7,21,Night,0,0
2026-07-09 22:25:00,25,CLEAR,DAYLIGHT,TURNING,NOT DIVIDED,STRAIGHT AND LEVEL,DRY,NO DEFECTS,N,WEATHER,BEAT_104,2,7,0,4,41.939196,-87.577594,28,3,Thursday,7,22,Night,0,0
2026-07-09 22:25:00,30,RAIN,"DARKNESS, LIGHTED ROAD",TURNING,DIVIDED - W/MEDIAN,STRAIGHT AND LEVEL,WET,NO DEFECTS,Y,DISREGARDING TRAFFIC SIGNALS,BEAT_111,2,7,1,4,42.040466,-87.499256,28,3,Thursday,7,22,Night,0,1
2026-07-09 23:02:00,35,CLEAR,DAYLIGHT,SIDESWIPE SAME DIRECTION,DIVIDED - W/MEDIAN,STRAIGHT AND LEVEL,ICE,NO DEFECTS,Y,PHYSICAL CONDITION OF DRIVER,BEAT_117,3,7,0,4,42.12681,-87.426355,28,3,Thursday,7,23,Night,0,0
2026-07-09 23:28:00,30,RAIN,DAYLIGHT,SIDESWIPE SAME DIRECTION,NOT DIVIDED,STRAIGHT AND LEVEL,WET,NO DEFECTS,Y,FAILING TO YIELD RIGHT-OF-WAY,BEAT_104,2,7,2,4,41.938137,-87.57985,28,3,Thursday,7,23,Night,0,1
2026-07-16 04:57:00,30,CLEAR,"DARKNESS, LIGHTED ROAD",TURNING,DIVIDED - W/MEDIAN,STRAIGHT AND LEVEL,DRY,"RUT, HOLES",N,FOLLOWING TOO CLOSELY,BEAT_107,2,7,0,4,41.984974,-87.551036,29,3,Thursday,7,4,Night,0,0
2026-07-16 05:51:00,30,CLEAR,"DARKNESS, LIGHTED ROAD",ANGLE,NOT DIVIDED,STRAIGHT AND LEVEL,WET,NO DEFECTS,Y,DRIVING SKILLS/KNOWLEDGE/EXPERIENCE,BEAT_114,2,7,0,4,42.092521,-87.459735,29,3,Thursday,7,5,Night,0,0
2026-07-16 07:20:00,30,CLEAR,"DARKNESS, LIGHTED ROAD",PARKED MOTOR VEHICLE,ALLEY,STRAIGHT AND LEVEL,DRY,"RUT, HOLES",Y,DRIVING SKILLS/KNOWLEDGE/EXPERIENCE,BEAT_116,2,7,0,4,42.114602,-87.437492,29,3,Thursday,7,7,Morning_Rush,0,0
2026-07-16 09:56:00,25,CLEAR,DAYLIGHT,SIDESWIPE SAME DIRECTION,DIVIDED - W/MEDIAN,STRAIGHT AND LEVEL,SNOW OR SLUSH,NO DEFECTS,Y,FOLLOWING TOO CLOSELY,BEAT_102,2,7,0,4,41.909536,-87.603761,29,3,Thursday,7,9,Morning_Rush,0,0
2026-07-16 12:48:00,30,RAIN,DAYLIGHT,REAR END,ONE-WAY,STRAIGHT AND LEVEL,SNOW OR SLUSH,NO DEFECTS,N,FOLLOWING TOO CLOSELY,BEAT_102,2,7,0,4,41.910858,-87.611309,29,3,Thursday,7,12,Midday,0,0
2026-07-16 12:52:00,25,CLEAR,"DARKNESS, LIGHTED ROAD",REAR END,ONE-WAY,STRAIGHT AND LEVEL,WET,"RUT, HOLES",Y,DRIVING SKILLS/KNOWLEDGE/EXPERIENCE,BEAT_102,2,7,0,4,41.909755,-87.61233,29,3,Thursday,7,12,Midday,0,0
2026-07-16 16:21:00,25,RAIN,"DARKNESS, LIGHTED ROAD",FIXED OBJECT,NOT DIVIDED,STRAIGHT AND LEVEL,WET,NO DEFECTS,Y,PHYSICAL CONDITION OF DRIVER,BEAT_107,1,7,0,4,41.98073,-87.542392,29,3,Thursday,7,16,Evening_Rush,0,0
2026-07-16 18:26:00,25,SNOW,DAWN,ANGLE,FOUR WAY INTERSECTION,STRAIGHT AND LEVEL,WET,"RUT, HOLES",Y,FOLLOWING TOO CLOSELY,BEAT_113,2,7,0,4,42.078255,-87.477747,29,3,Thursday,7,18,Evening_Rush,0,0
2026-07-16 18:28:00,30,CLEAR,"DARKNESS, LIGHTED ROAD",TURNING,NOT DIVIDED,STRAIGHT AND LEVEL,DRY,NO DEFECTS,N,WEATHER,BEAT_115,2,7,0,4,42.107855,-87.448475,29,3,Thursday,7,18,Evening_Rush,0,0
2026-07-16 18:58:00,25,CLEAR,"DARKNESS, LIGHTED ROAD",TURNING,ONE-WAY,STRAIGHT AND LEVEL,WET,"RUT, HOLES",Y,DRIVING SKILLS/KNOWLEDGE/EXPERIENCE,BEAT_110,4,7,0,4,42.028265,-87.504714,29,3,Thursday,7,18,Evening_Rush,0,0
2026-07-16 20:12:00,20,CLEAR,DAYLIGHT,REAR END,ONE-WAY,STRAIGHT AND LEVEL,DRY,NO DEFECTS,N,FOLLOWING TOO CLOSELY,BEAT_111,2,7,0,4,42.040513,-87.493833,29,3,Thursday,7,20,Night,0,0
2026-07-16 22:14:00,40,RAIN,"DARKNESS, LIGHTED ROAD",SIDESWIPE SAME DIRECTION,DIVIDED - W/MEDIAN,STRAIGHT AND LEVEL,SNOW OR SLUSH,NO DEFECTS,Y,FOLLOWING TOO CLOSELY,BEAT_112,2,7,0,4,42.058122,-87.48352,29,3,Thursday,7,22,Night,0,0
2026-07-16 22:55:00,35,CLEAR,DAYLIGHT,REAR END,FOUR WAY INTERSECTION,STRAIGHT AND LEVEL,DRY,NO DEFECTS,Y,FAILING TO YIELD RIGHT-OF-WAY,BEAT_106,2,7,0,4,41.969362,-87.55803,29,3,Thursday,7,22,Night,0,0
2026-07-16 23:00:00,25,CLEAR,DAWN,REAR END,ONE-WAY,STRAIGHT AND LEVEL,DRY,NO DEFECTS,Y,DRIVING SKILLS/KNOWLEDGE/EXPERIENCE,BEAT_116,2,7,1,4,42.113812,-87.436633,29,3,Thursday,7,23,Night,0,1
2026-07-23 01:37:00,30,CLEAR,DAYLIGHT,SIDESWIPE SAME DIRECTION,NOT DIVIDED,STRAIGHT AND LEVEL,DRY,"RUT, HOLES",Y,FAILING TO YIELD RIGHT-OF-WAY,BEAT_105,2,7,1,4,41.957489,-87.570173,30,3,Thursday,7,1,Night,0,1
2026-07-23 02:19:00,30,CLEAR,"DARKNESS, LIGHTED ROAD",ANGLE,FOUR WAY INTERSECTION,STRAIGHT AND LEVEL,WET,NO DEFECTS,N,IMPROPER OVERTAKING/PASSING,BEAT_117,2,7,1,4,42.13444,-87.4247,30,3,Thursday,7,2,Night,0,1
2026-07-23 07:07:00,25,CLEAR,DAYLIGHT,TURNING,DIVIDED - W/MEDIAN,STRAIGHT AND LEVEL,WET,NO DEFECTS,Y,DRIVING SKILLS/KNOWLEDGE/EXPERIENCE,BEAT_107,2,7,0,4,41.987329,-87.543282,30,3,Thursday,7,7,Morning_Rush,0,0
2026-07-23 16:16:00,25,RAIN,DAYLIGHT,TURNING,FOUR WAY INTERSECTION,STRAIGHT AND LEVEL,WET,NO DEFECTS,Y,DISREGARDING TRAFFIC SIGNALS,BEAT_119,2,7,0,4,42.161817,-87.401499,30,3,Thursday,7,16,Evening_Rush,0,0
2026-07-23 16:31:00,35,CLEAR,"DARKNESS, LIGHTED ROAD",SIDESWIPE SAME DIRECTION,DIVIDED - W/MEDIAN,STRAIGHT ON GRADE,DRY,SHOULDER DEFECT,N,DRIVING SKILLS/KNOWLEDGE/EXPERIENCE,BEAT_115,2,7,1,4,42.099323,-87.446622,30,3,Thursday,7,16,Evening_Rush,0,1
2026-07-23 18:46:00,40,CLEAR,"DARKNESS, LIGHTED ROAD",REAR END,DIVIDED - W/MEDIAN,STRAIGHT AND LEVEL,WET,NO DEFECTS,N,FAILING TO YIELD RIGHT-OF-WAY,BEAT_108,2,7,0,4,42.000835,-87.535726,30,3,Thursday,7,18,Evening_Rush,0,0
2026-07-23 20:43:00,35,SNOW,DAYLIGHT,REAR END,FOUR WAY INTERSECTION,STRAIGHT AND LEVEL,WET,NO DEFECTS,Y,FOLLOWING TOO CLOSELY,BEAT_117,2,7,0,4,42.135955,-87.428039,30,3,Thursday,7,20,Night,0,0
2026-07-23 20:58:00,30,CLEAR,DAYLIGHT,ANGLE,ALLEY,STRAIGHT AND LEVEL,SNOW OR SLUSH,NO DEFECTS,N,WEATHER,BEAT_119,3,7,0,4,42.16582,-87.400582,30,3,Thursday,7,20,Night,0,0
2026-07-23 21:20:00,35,CLEAR,DAYLIGHT,SIDESWIPE SAME DIRECTION,DIVIDED - W/MEDIAN,STRAIGHT AND LEVEL,WET,NO DEFECTS,N,FOLLOWING TOO CLOSELY,BEAT_110,2,7,0,4,42.023004,-87.51226,30,3,Thursday,7,21,Night,0,0
2026-07-23 22:26:00,45,CLEAR,DAYLIGHT,FIXED OBJECT,T-INTERSECTION,STRAIGHT AND LEVEL,DRY,NO DEFECTS,N,PHYSICAL CONDITION OF DRIVER,BEAT_119,2,7,1,4,42.165051,-87.398366,30,3,Thursday,7,22,Night,0,1
2026-07-23 23:27:00,25,FOG/SMOKE/HAZE,DAYLIGHT,SIDESWIPE SAME DIRECTION,NOT DIVIDED,STRAIGHT AND LEVEL,WET,"RUT, HOLES",N,WEATHER,BEAT_109,3,7,0,4,42.01659,-87.529362,30,3,Thursday,7,23,Night,0,0
2026-07-30 02:34:00,30,RAIN,DUSK,REAR END,NOT DIVIDED,STRAIGHT AND LEVEL,WET,NO DEFECTS,N,IMPROPER OVERTAKING/PASSING,BEAT_107,2,7,0,4,41.982475,-87.544289,31,3,Thursday,7,2,Night,0,0
2026-07-30 04:08:00,25,CLEAR,DAWN,PEDESTRIAN,NOT DIVIDED,STRAIGHT AND LEVEL,DRY,NO DEFECTS,N,DISREGARDING TRAFFIC SIGNALS,BEAT_113,2,7,1,4,42.073085,-87.47513,31,3,Thursday,7,4,Night,0,1
2026-07-30 04:20:00,35,CLEAR,DAYLIGHT,SIDESWIPE SAME DIRECTION,DIVIDED - W/MEDIAN,STRAIGHT AND LEVEL,DRY,NO DEFECTS,N,WEATHER,BEAT_109,2,7,0,4,42.015656,-87.522728,31,3,Thursday,7,4,Night,0,0
2026-07-30 05:20:00,30,CLEAR,"DARKNESS, LIGHTED ROAD",SIDESWIPE SAME DIRECTION,NOT DIVIDED,STRAIGHT AND LEVEL,WET,NO DEFECTS,N,DRIVING SKILLS/KNOWLEDGE/EXPERIENCE,BEAT_119,3,7,1,4,42.164731,-87.400202,31,3,Thursday,7,5,Night,0,1
2026-07-30 05:50:00,30,SNOW,"DARKNESS, LIGHTED ROAD",SIDESWIPE SAME DIRECTION,NOT DIVIDED,STRAIGHT AND LEVEL,ICE,"RUT, HOLES",Y,FAILING TO YIELD RIGHT-OF-WAY,BEAT_109,1,7,0,4,42.013995,-87.524979,31,3,Thursday,7,5,Night,0,0
2026-07-30 08:09:00,30,SNOW,DAYLIGHT,PARKED MOTOR VEHICLE,DIVIDED - W/MEDIAN,STRAIGHT ON GRADE,WET,NO DEFECTS,Y,FAILING TO YIELD RIGHT-OF-WAY,BEAT_111,1,7,1,4,42.044323,-87.497398,31,3,Thursday,7,8,Morning_Rush,0,1
2026-07-30 09:43:00,30,CLEAR,DAYLIGHT,PARKED MOTOR VEHICLE,NOT DIVIDED,STRAIGHT ON GRADE,WET,NO DEFECTS,Y,FAILING TO YIELD RIGHT-OF-WAY,BEAT_118,2,7,2,4,42.152058,-87.414145,31,3,Thursday,7,9,Morning_Rush,0,1
2026-07-30 10:04:00,45,CLEAR,DAYLIGHT,SIDESWIPE SAME DIRECTION,NOT DIVIDED,STRAIGHT AND LEVEL,DRY,NO DEFECTS,N,WEATHER,BEAT_109,2,7,0,4,42.00993,-87.521564,31,3,Thursday,7,10,Midday,0,0
2026-07-30 10:54:00,25,CLEAR,DAYLIGHT,SIDESWIPE SAME DIRECTION,NOT DIVIDED,"CURVE, LEVEL",DRY,NO DEFECTS,N,FOLLOWING TOO CLOSELY,BEAT_110,2,7,0,4,42.030264,-87.509957,31,3,Thursday,7,10,Midday,0,0
2026-07-30 11:36:00,30,CLEAR,DARKNESS,PARKED MOTOR VEHICLE,NOT DIVIDED,STRAIGHT AND LEVEL,DRY,NO DEFECTS,Y,FAILING TO YIELD RIGHT-OF-WAY,BEAT_110,2,7,0,4,42.028089,-87.51271,31,3,Thursday,7,11,Midday,0,0
2026-07-30 18:18:00,30,CLEAR,"DARKNESS, LIGHTED ROAD",REAR END,DIVIDED - W/MEDIAN,STRAIGHT AND LEVEL,SNOW OR SLUSH,NO DEFECTS,Y,FOLLOWING TOO CLOSELY,BEAT_118,1,7,1,4,42.146987,-87.4207,31,3,Thursday,7,18,Evening_Rush,0,1
2026-07-30 23:23:00,30,CLEAR,DARKNESS,REAR END,NOT DIVIDED,STRAIGHT AND LEVEL,ICE,NO DEFECTS,Y,FAILING TO YIELD RIGHT-OF-WAY,BEAT_103,1,7,1,4,41.922745,-87.593085,31,3,Thursday,7,23,Night,0,1
2026-08-06 03:10:00,30,CLEAR,"DARKNESS, LIGHTED ROAD",TURNING,NOT DIVIDED,STRAIGHT AND LEVEL,DRY,"RUT, HOLES",Y,DRIVING SKILLS/KNOWLEDGE/EXPERIENCE,BEAT_105,2,8,0,4,41.951685,-87.56914,32,3,Thursday,8,3,Night,0,0
2026-08-06 08:40:00,50,CLEAR,DAYLIGHT,REAR END,NOT DIVIDED,STRAIGHT AND LEVEL,WET,NO DEFECTS,N,DISREGARDING TRAFFIC SIGNALS,BEAT_117,2,8,0,4,42.131939,-87.427302,32,3,Thursday,8,8,Morning_Rush,0,0
2026-08-06 10:47:00,40,RAIN,DAYLIGHT,TURNING,ONE-WAY,STRAIGHT AND LEVEL,WET,"RUT, HOLES",Y,PHYSICAL CONDITION OF DRIVER,BEAT_112,2,8,1,4,42.059661,-87.486015,32,3,Thursday,8,10,Midday,0,1
2026-08-06 12:35:00,35,CLEAR,DAYLIGHT,ANGLE,NOT DIVIDED,"CURVE, LEVEL",DRY,NO DEFECTS,N,IMPROPER OVERTAKING/PASSING,BEAT_116,2,8,0,4,42.115958,-87.433899,32,3,Thursday,8,12,Midday,0,0
2026-08-06 12:39:00,30,RAIN,DARKNESS,TURNING,NOT DIVIDED,STRAIGHT AND LEVEL,SNOW OR SLUSH,NO DEFECTS,Y,DRIVING SKILLS/KNOWLEDGE/EXPERIENCE,BEAT_118,2,8,0,4,42.147491,-87.413659,32,3,Thursday,8,12,Midday,0,0
2026-08-06 12:48:00,35,CLEAR,DAYLIGHT,REAR END,ONE-WAY,STRAIGHT AND LEVEL,DRY,NO DEFECTS,N,FAILING TO YIELD RIGHT-OF-WAY,BEAT_104,2,8,0,4,41.945142,-87.57876,32,3,Thursday,8,12,Midday,0,0
2026-08-06 15:24:00,40,CLEAR,DAYLIGHT,SIDESWIPE SAME DIRECTION,FOUR WAY INTERSECTION,STRAIGHT AND LEVEL,DRY,NO DEFECTS,Y,IMPROPER OVERTAKING/PASSING,BEAT_101,2,8,0,4,41.894238,-87.615542,32,3,Thursday,8,15,Midday,0,0
2026-08-06 17:35:00,55,RAIN,DUSK,TURNING,NOT DIVIDED,STRAIGHT AND LEVEL,SNOW OR SLUSH,NO DEFECTS,Y,PHYSICAL CONDITION OF DRIVER,BEAT_120,2,8,0,4,42.18007,-87.39374,32,3,Thursday,8,17,Evening_Rush,0,0
2026-08-06 19:35:00,45,CLEAR,DAYLIGHT,TURNING,T-INTERSECTION,STRAIGHT ON GRADE,DRY,NO DEFECTS,Y,DRIVING SKILLS/KNOWLEDGE/EXPERIENCE,BEAT_118,3,8,1,4,42.145766,-87.414143,32,3,Thursday,8,19,Evening_Rush,0,1
2026-08-13 02:54:00,45,CLEAR,DAWN,ANGLE,ONE-WAY,STRAIGHT AND LEVEL,SNOW OR SLUSH,NO DEFECTS,Y,FAILING TO YIELD RIGHT-OF-WAY,BEAT_120,2,8,0,4,42.177662,-87.388704,33,3,Thursday,8,2,Night,0,0
2026-08-13 04:57:00,30,CLEAR,DAYLIGHT,SIDESWIPE SAME DIRECTION,NOT DIVIDED,STRAIGHT AND LEVEL,DRY,NO DEFECTS,Y,FOLLOWING TOO CLOSELY,BEAT_103,3,8,0,4,41.927166,-87.591036,33,3,Thursday,8,4,Night,0,0
2026-08-13 05:16:00,45,CLEAR,DAYLIGHT,SIDESWIPE SAME DIRECTION,DIVIDED - W/MEDIAN,"CURVE, LEVEL",DRY,DEBRIS ON ROAD,N,FAILING TO YIELD RIGHT-OF-WAY,BEAT_113,2,8,1,4,42.073251,-87.470048,33,3,Thursday,8,5,Night,0,1
2026-08-13 08:43:00,35,SEVERE RAIN,DUSK,ANGLE,ONE-WAY,STRAIGHT AND LEVEL,WET,NO DEFECTS,N,DRIVING SKILLS/KNOWLEDGE/EXPERIENCE,BEAT_104,2,8,0,4,41.943181,-87.57923,33,3,Thursday,8,8,Morning_Rush,0,0
2026-08-13 08:47:00,20,CLEAR,"DARKNESS, LIGHTED ROAD",TURNING,NOT DIVIDED,STRAIGHT AND LEVEL,"SAND, MUD, DIRT",NO DEFECTS,N,DRIVING SKILLS/KNOWLEDGE/EXPERIENCE,BEAT_117,2,8,0,4,42.12996,-87.429421,33,3,Thursday,8,8,Morning_Rush,0,0
2026-08-13 09:54:00,30,CLEAR,DARKNESS,REAR END,DIVIDED - W/MEDIAN,STRAIGHT AND LEVEL,WET,NO DEFECTS,N,FAILING TO YIELD RIGHT-OF-WAY,BEAT_108,2,8,1,4,42.001579,-87.530343,33,3,Thursday,8,9,Morning_Rush,0,1
2026-08-13 15:33:00,30,SNOW,"DARKNESS, LIGHTED ROAD",TURNING,ONE-WAY,CURVE ON GRADE,SNOW OR SLUSH,NO DEFECTS,N,WEATHER,BEAT_106,2,8,0,4,41.965805,-87.556561,33,3,Thursday,8,15,Midday,0,0
2026-08-13 15:53:00,25,CLEAR,"DARKNESS, LIGHTED ROAD",REAR END,FOUR WAY INTERSECTION,STRAIGHT AND LEVEL,DRY,NO DEFECTS,Y,FAILING TO YIELD RIGHT-OF-WAY,BEAT_106,2,8,0,4,41.960985,-87.551674,33,3,Thursday,8,15,Midday,0,0
2026-08-13 16:45:00,30,CLEAR,"DARKNESS, LIGHTED ROAD",ANGLE,NOT DIVIDED,STRAIGHT AND LEVEL,DRY,"RUT, HOLES",N,IMPROPER OVERTAKING/PASSING,BEAT_112,1,8,0,4,42.057877,-87.486083,33,3,Thursday,8,16,Evening_Rush,0,0
2026-08-13 19:35:00,20,CLEAR,DAYLIGHT,PARKED MOTOR VEHICLE,NOT DIVIDED,STRAIGHT AND LEVEL,DRY,"RUT, HOLES",Y,FOLLOWING TOO CLOSELY,BEAT_110,2,8,1,4,42.027695,-87.509282,33,3,Thursday,8,19,Evening_Rush,0,1
2026-08-13 19:40:00,25,CLEAR,DARKNESS,ANGLE,DIVIDED - W/MEDIAN,STRAIGHT AND LEVEL,WET,WORN SURFACE,Y,DRIVING SKILLS/KNOWLEDGE/EXPERIENCE,BEAT_114,2,8,0,4,42.081884,-87.460535,33,3,Thursday,8,19,Evening_Rush,0,0
2026-08-20 02:17:00,40,CLEAR,"DARKNESS, LIGHTED ROAD",REAR END,DIVIDED - W/MEDIAN,STRAIGHT AND LEVEL,DRY,NO DEFECTS,N,FOLLOWING TOO CLOSELY,BEAT_117,2,8,0,4,42.133876,-87.427778,34,3,Thursday,8,2,Night,0,0
2026-08-20 02:56:00,30,CLEAR,"DARKNESS, LIGHTED ROAD",REAR END,DIVIDED - W/MEDIAN,STRAIGHT AND LEVEL,DRY,WORN SURFACE,Y,FOLLOWING TOO CLOSELY,BEAT_116,2,8,0,4,42.117797,-87.440289,34,3,Thursday,8,2,Night,0,0
2026-08-20 05:31:00,25,CLEAR,DAYLIGHT,ANGLE,DIVIDED - W/MEDIAN,STRAIGHT ON GRADE,DRY,NO DEFECTS,Y,FOLLOWING TOO CLOSELY,BEAT_116,1,8,0,4,42.116759,-87.440087,34,3,Thursday,8,5,Night,0,0
2026-08-20 06:36:00,20,CLEAR,DAYLIGHT,REAR END,NOT DIVIDED,STRAIGHT AND LEVEL,DRY,NO DEFECTS,N,FAILING TO YIELD RIGHT-OF-WAY,BEAT_103,2,8,0,4,41.918857,-87.590286,34,3,Thursday,8,6,Morning_Rush,0,0
2026-08-20 06:39:00,55,CLEAR,DAYLIGHT,ANGLE,DIVIDED - W/MEDIAN,STRAIGHT AND LEVEL,"SAND, MUD, DIRT",NO DEFECTS,N,DISREGARDING TRAFFIC SIGNALS,BEAT_113,2,8,1,4,42.074105,-87.472852,34,3,Thursday,8,6,Morning_Rush,0,1
2026-08-20 06:56:00,30,RAIN,"DARKNESS, LIGHTED ROAD",PARKED MOTOR VEHICLE,DIVIDED - W/MEDIAN,STRAIGHT AND LEVEL,SNOW OR SLUSH,NO DEFECTS,Y,FOLLOWING TOO CLOSELY,BEAT_109,4,8,0,4,42.010447,-87.513317,34,3,Thursday,8,6,Morning_Rush,0,0
2026-08-20 17:50:00,20,RAIN,"DARKNESS, LIGHTED ROAD",REAR END,NOT DIVIDED,CURVE ON GRADE,WET,NO DEFECTS,N,IMPROPER OVERTAKING/PASSING,BEAT_116,2,8,1,4,42.114086,-87.438062,34,3,Thursday,8,17,Evening_Rush,0,1
2026-08-20 20:14:00,25,CLEAR,DAWN,TURNING,ONE-WAY,STRAIGHT AND LEVEL,DRY,NO DEFECTS,N,FOLLOWING TOO CLOSELY,BEAT_120,2,8,0,4,42.177019,-87.388266,34,3,Thursday,8,20,Night,0,0
2026-08-27 00:47:00,25,CLEAR,"DARKNESS, LIGHTED ROAD",SIDESWIPE SAME DIRECTION,DIVIDED - W/MEDIAN,STRAIGHT AND LEVEL,DRY,"RUT, HOLES",N,FOLLOWING TOO CLOSELY,BEAT_103,3,8,1,4,41.927105,-87.592325,35,3,Thursday,8,0,Night,0,1
2026-08-27 02:26:00,35,SNOW,"DARKNESS, LIGHTED ROAD",REAR END,NOT DIVIDED,STRAIGHT AND LEVEL,WET,NO DEFECTS,N,FOLLOWING TOO CLOSELY,BEAT_103,2,8,0,4,41.923056,-87.594745,35,3,Thursday,8,2,Night,0,0
2026-08-27 02:29:00,30,RAIN,"DARKNESS, LIGHTED ROAD",REAR END,ONE-WAY,STRAIGHT AND LEVEL,ICE,NO DEFECTS,Y,DRIVING SKILLS/KNOWLEDGE/EXPERIENCE,BEAT_104,1,8,0,4,41.936931,-87.579604,35,3,Thursday,8,2,Night,0,0
2026-08-27 05:12:00,25,CLEAR,DAYLIGHT,TURNING,ONE-WAY,STRAIGHT AND LEVEL,DRY,"RUT, HOLES",N,PHYSICAL CONDITION OF DRIVER,BEAT_120,2,8,0,4,42.177545,-87.390083,35,3,Thursday,8,5,Night,0,0
2026-08-27 10:49:00,35,CLEAR,DAYLIGHT,SIDESWIPE SAME DIRECTION,DIVIDED - W/MEDIAN,STRAIGHT AND LEVEL,SNOW OR SLUSH,NO DEFECTS,Y,DRIVING SKILLS/KNOWLEDGE/EXPERIENCE,BEAT_110,2,8,0,4,42.029437,-87.509254,35,3,Thursday,8,10,Midday,0,0
2026-08-27 11:20:00,25,CLEAR,DAYLIGHT,SIDESWIPE SAME DIRECTION,NOT DIVIDED,STRAIGHT ON GRADE,WET,NO DEFECTS,Y,DRIVING SKILLS/KNOWLEDGE/EXPERIENCE,BEAT_110,1,8,0,4,42.026604,-87.51181,35,3,Thursday,8,11,Midday,0,0
2026-08-27 14:06:00,25,CLEAR,"DARKNESS, LIGHTED ROAD",TURNING,DIVIDED - W/MEDIAN,CURVE ON GRADE,WET,NO DEFECTS,N,FOLLOWING TOO CLOSELY,BEAT_108,3,8,0,4,42.001352,-87.538921,35,3,Thursday,8,14,Midday,0,0
2026-08-27 14:39:00,30,SNOW,"DARKNESS, LIGHTED ROAD",SIDESWIPE SAME DIRECTION,NOT DIVIDED,STRAIGHT AND LEVEL,SNOW OR SLUSH,NO DEFECTS,Y,PHYSICAL CONDITION OF DRIVER,BEAT_116,1,8,0,4,42.1183,-87.44594,35,3,Thursday,8,14,Midday,0,0
2026-08-27 16:00:00,25,CLEAR,"DARKNESS, LIGHTED ROAD",TURNING,DIVIDED - W/MEDIAN,STRAIGHT AND LEVEL,DRY,NO DEFECTS,Y,FOLLOWING TOO CLOSELY,BEAT_114,2,8,3,4,42.085961,-87.461027,35,3,Thursday,8,16,Evening_Rush,0,1
2026-08-27 16:28:00,30,CLEAR,DAYLIGHT,REAR END,NOT DIVIDED,STRAIGHT AND LEVEL,WET,"RUT, HOLES",Y,FOLLOWING TOO CLOSELY,BEAT_117,1,8,0,4,42.131524,-87.426893,35,3,Thursday,8,16,Evening_Rush,0,0
2026-08-27 18:49:00,30,CLEAR,"DARKNESS, LIGHTED ROAD",SIDESWIPE SAME DIRECTION,ONE-WAY,STRAIGHT AND LEVEL,WET,NO DEFECTS,Y,IMPROPER OVERTAKING/PASSING,BEAT_117,2,8,0,4,42.132817,-87.428086,35,3,Thursday,8,18,Evening_Rush,0,0
2026-08-27 19:43:00,40,CLEAR,"DARKNESS, LIGHTED ROAD",REAR END,DIVIDED - W/MEDIAN,STRAIGHT AND LEVEL,WET,NO DEFECTS,N,DISREGARDING TRAFFIC SIGNALS,BEAT_105,3,8,0,4,41.95656,-87.571903,35,3,Thursday,8,19,Evening_Rush,0,0
2026-08-27 22:35:00,25,CLEAR,DAYLIGHT,REAR END,DIVIDED - W/MEDIAN,STRAIGHT AND LEVEL,WET,NO DEFECTS,Y,DRIVING SKILLS/KNOWLEDGE/EXPERIENCE,BEAT_113,2,8,0,4,42.073628,-87.479213,35,3,Thursday,8,22,Night,0,0
2026-08-27 23:47:00,45,SEVERE RAIN,DAYLIGHT,ANGLE,FOUR WAY INTERSECTION,STRAIGHT AND LEVEL,WET,NO DEFECTS,N,DISREGARDING TRAFFIC SIGNALS,BEAT_109,1,8,0,4,42.013859,-87.519339,35,3,Thursday,8,23,Night,0,0
2026-09-03 01:28:00,30,CLEAR,"DARKNESS, LIGHTED ROAD",REAR END,NOT DIVIDED,STRAIGHT AND LEVEL,DRY,NO DEFECTS,N,DISREGARDING TRAFFIC SIGNALS,BEAT_110,2,9,0,4,42.036003,-87.509219,36,3,Thursday,9,1,Night,0,0
2026-09-03 03:07:00,30,SNOW,"DARKNESS, LIGHTED ROAD",SIDESWIPE SAME DIRECTION,DIVIDED - W/MEDIAN,STRAIGHT AND LEVEL,WET,NO DEFECTS,N,DRIVING SKILLS/KNOWLEDGE/EXPERIENCE,BEAT_101,2,9,0,4,41.891518,-87.616034,36,3,Thursday,9,3,Night,0,0
2026-09-03 09:35:00,25,CLEAR,DAYLIGHT,REAR END,DIVIDED - W/MEDIAN,STRAIGHT AND LEVEL,DRY,WORN SURFACE,N,WEATHER,BEAT_110,2,9,1,4,42.028001,-87.510315,36,3,Thursday,9,9,Morning_Rush,0,1
2026-09-03 12:56:00,30,CLEAR,DARKNESS,SIDESWIPE SAME DIRECTION,FOUR WAY INTERSECTION,STRAIGHT AND LEVEL,DRY,NO DEFECTS,N,FAILING TO YIELD RIGHT-OF-WAY,BEAT_108,2,9,0,4,41.999175,-87.531915,36,3,Thursday,9,12,Midday,0,0
2026-09-03 17:45:00,30,CLEAR,"DARKNESS, LIGHTED ROAD",REAR END,T-INTERSECTION,STRAIGHT ON GRADE,WET,NO DEFECTS,N,DRIVING SKILLS/KNOWLEDGE/EXPERIENCE,BEAT_108,2,9,0,4,41.997271,-87.536248,36,3,Thursday,9,17,Evening_Rush,0,0
2026-09-03 20:14:00,45,SEVERE RAIN,DAYLIGHT,PARKED MOTOR VEHICLE,T-INTERSECTION,STRAIGHT AND LEVEL,WET,NO DEFECTS,N,FAILING TO YIELD RIGHT-OF-WAY,BEAT_103,1,9,0,4,41.92579,-87.593344,36,3,Thursday,9,20,Night,0,0
2026-09-03 21:19:00,30,SNOW,DAYLIGHT,REAR END,ONE-WAY,"CURVE, LEVEL",SNOW OR SLUSH,NO DEFECTS,Y,FOLLOWING TOO CLOSELY,BEAT_105,2,9,0,4,41.949535,-87.575442,36,3,Thursday,9,21,Night,0,0
2026-09-10 02:02:00,25,CLEAR,"DARKNESS, LIGHTED ROAD",FIXED OBJECT,NOT DIVIDED,STRAIGHT AND LEVEL,WET,"RUT, HOLES",Y,FAILING TO YIELD RIGHT-OF-WAY,BEAT_109,3,9,0,4,42.018822,-87.518576,37,3,Thursday,9,2,Night,0,0
2026-09-10 06:12:00,45,CLEAR,DAYLIGHT,SIDESWIPE SAME DIRECTION,ONE-WAY,STRAIGHT AND LEVEL,WET,"RUT, HOLES",Y,DRIVING SKILLS/KNOWLEDGE/EXPERIENCE,BEAT_104,2,9,0,4,41.942322,-87.580773,37,3,Thursday,9,6,Morning_Rush,0,0
2026-09-10 16:58:00,40,CLEAR,DAYLIGHT,PEDESTRIAN,DIVIDED - W/MEDIAN,STRAIGHT ON GRADE,DRY,NO DEFECTS,Y,PHYSICAL CONDITION OF DRIVER,BEAT_101,2,9,0,4,41.898033,-87.624773,37,3,Thursday,9,16,Evening_Rush,0,0
2026-09-10 22:07:00,30,CLEAR,DARKNESS,ANGLE,DIVIDED - W/MEDIAN,"CURVE, LEVEL",ICE,"RUT, HOLES",N,DRIVING SKILLS/KNOWLEDGE/EXPERIENCE,BEAT_105,2,9,0,4,41.953343,-87.56721,37,3,Thursday,9,22,Night,0,0
2026-09-17 03:05:00,25,CLEAR,"DARKNESS, LIGHTED ROAD",PARKED MOTOR VEHICLE,NOT DIVIDED,STRAIGHT AND LEVEL,DRY,NO DEFECTS,N,FAILING TO YIELD RIGHT-OF-WAY,BEAT_120,3,9,0,4,42.179084,-87.392217,38,3,Thursday,9,3,Night,0,0
2026-09-17 06:59:00,30,RAIN,DAYLIGHT,REAR END,ONE-WAY,STRAIGHT AND LEVEL,WET,NO DEFECTS,N,DISREGARDING TRAFFIC SIGNALS,BEAT_117,1,9,1,4,42.133702,-87.425529,38,3,Thursday,9,6,Morning_Rush,0,1
2026-09-17 07:04:00,30,CLEAR,DAYLIGHT,REAR END,ONE-WAY,STRAIGHT AND LEVEL,DRY,NO DEFECTS,Y,WEATHER,BEAT_112,2,9,1,4,42.056655,-87.488727,38,3,Thursday,9,7,Morning_Rush,0,1
2026-09-17 08:03:00,30,CLEAR,DARKNESS,ANGLE,NOT DIVIDED,STRAIGHT AND LEVEL,DRY,NO DEFECTS,N,FAILING TO YIELD RIGHT-OF-WAY,BEAT_103,2,9,0,4,41.919158,-87.600821,38,3,Thursday,9,8,Morning_Rush,0,0
2026-09-17 12:03:00,35,CLEAR,DAYLIGHT,SIDESWIPE SAME DIRECTION,NOT DIVIDED,STRAIGHT AND LEVEL,WET,NO DEFECTS,Y,DRIVING SKILLS/KNOWLEDGE/EXPERIENCE,BEAT_107,2,9,0,4,41.989113,-87.548215,38,3,Thursday,9,12,Midday,0,0
2026-09-17 14:46:00,30,CLEAR,DAYLIGHT,REAR END,NOT DIVIDED,STRAIGHT AND LEVEL,ICE,NO DEFECTS,Y,WEATHER,BEAT_106,2,9,0,4,41.965324,-87.562708,38,3,Thursday,9,14,Midday,0,0
2026-09-17 17:02:00,25,CLEAR,DAYLIGHT,PEDESTRIAN,ONE-WAY,STRAIGHT AND LEVEL,DRY,NO DEFECTS,N,WEATHER,BEAT_116,2,9,0,4,42.11849,-87.434596,38,3,Thursday,9,17,Evening_Rush,0,0
2026-09-17 17:50:00,30,CLEAR,"DARKNESS, LIGHTED ROAD",REAR END,NOT DIVIDED,STRAIGHT AND LEVEL,DRY,NO DEFECTS,N,DRIVING SKILLS/KNOWLEDGE/EXPERIENCE,BEAT_107,2,9,0,4,41.985297,-87.541893,38,3,Thursday,9,17,Evening_Rush,0,0
2026-09-17 21:21:00,30,CLEAR,"DARKNESS, LIGHTED ROAD",PARKED MOTOR VEHICLE,DIVIDED - W/MEDIAN,STRAIGHT AND LEVEL,DRY,NO DEFECTS,Y,FOLLOWING TOO CLOSELY,BEAT_105,2,9,0,4,41.954718,-87.56257,38,3,Thursday,9,21,Night,0,0
2026-09-17 21:30:00,30,CLEAR,"DARKNESS, LIGHTED ROAD",REAR END,DIVIDED - W/MEDIAN,"CURVE, LEVEL",WET,WORN SURFACE,Y,FOLLOWING TOO CLOSELY,BEAT_102,3,9,0,4,41.915137,-87.606123,38,3,Thursday,9,21,Night,0,0
2026-09-17 23:04:00,30,CLEAR,DAYLIGHT,PEDESTRIAN,DIVIDED - W/MEDIAN,STRAIGHT AND LEVEL,DRY,NO DEFECTS,Y,FAILING TO YIELD RIGHT-OF-WAY,BEAT_103,1,9,0,4,41.918586,-87.59237,38,3,Thursday,9,23,Night,0,0
2026-09-24 00:04:00,35,CLEAR,DAYLIGHT,REAR END,ONE-WAY,"CURVE, LEVEL",SNOW OR SLUSH,NO DEFECTS,N,DRIVING SKILLS/KNOWLEDGE/EXPERIENCE,BEAT_117,2,9,0,4,42.131366,-87.426846,39,3,Thursday,9,0,Night,0,0
2026-09-24 03:14:00,30,CLEAR,DUSK,TURNING,DIVIDED - W/MEDIAN,STRAIGHT AND LEVEL,DRY,NO DEFECTS,Y,FOLLOWING TOO CLOSELY,BEAT_116,2,9,0,4,42.116315,-87.436812,39,3,Thursday,9,3,Night,0,0
2026-09-24 07:42:00,25,CLEAR,DAWN,TURNING,DIVIDED - W/MEDIAN,STRAIGHT AND LEVEL,DRY,NO DEFECTS,Y,FAILING TO YIELD RIGHT-OF-WAY,BEAT_120,1,9,2,4,42.179649,-87.388169,39,3,Thursday,9,7,Morning_Rush,0,1
2026-09-24 09:26:00,30,CLEAR,DAYLIGHT,ANGLE,DIVIDED - W/MEDIAN,STRAIGHT AND LEVEL,WET,NO DEFECTS,N,FOLLOWING TOO CLOSELY,BEAT_111,2,9,0,4,42.043093,-87.499568,39,3,Thursday,9,9,Morning_Rush,0,0
2026-09-24 12:02:00,35,SEVERE RAIN,"DARKNESS, LIGHTED ROAD",PARKED MOTOR VEHICLE,NOT DIVIDED,"CURVE, LEVEL",SNOW OR SLUSH,NO DEFECTS,Y,WEATHER,BEAT_106,2,9,2,4,41.968012,-87.557661,39,3,Thursday,9,12,Midday,0,1
2026-09-24 14:25:00,50,CLEAR,DAYLIGHT,TURNING,FOUR WAY INTERSECTION,STRAIGHT AND LEVEL,DRY,NO DEFECTS,N,FOLLOWING TOO CLOSELY,BEAT_117,1,9,0,4,42.133223,-87.420149,39,3,Thursday,9,14,Midday,0,0
2026-09-24 15:27:00,40,CLEAR,DAYLIGHT,TURNING,ONE-WAY,STRAIGHT AND LEVEL,DRY,NO DEFECTS,Y,FOLLOWING TOO CLOSELY,BEAT_114,2,9,0,4,42.086843,-87.462593,39,3,Thursday,9,15,Midday,0,0
2026-09-24 15:40:00,30,CLEAR,DAWN,SIDESWIPE SAME DIRECTION,ONE-WAY,STRAIGHT AND LEVEL,DRY,NO DEFECTS,N,DRIVING SKILLS/KNOWLEDGE/EXPERIENCE,BEAT_109,2,9,0,4,42.016249,-87.517649,39,3,Thursday,9,15,Midday,0,0
2026-09-24 15:54:00,25,CLEAR,DAYLIGHT,TURNING,NOT DIVIDED,STRAIGHT AND LEVEL,WET,NO DEFECTS,Y,FOLLOWING TOO CLOSELY,BEAT_102,1,9,0,4,41.906767,-87.60438,39,3,Thursday,9,15,Midday,0,0
2026-09-24 16:16:00,25,CLEAR,DAYLIGHT,ANGLE,DIVIDED - W/MEDIAN,STRAIGHT AND LEVEL,DRY,NO DEFECTS,Y,IMPROPER OVERTAKING/PASSING,BEAT_118,3,9,0,4,42.148238,-87.407295,39,3,Thursday,9,16,Evening_Rush,0,0
2026-09-24 23:56:00,25,SNOW,DAYLIGHT,REAR END,DIVIDED - W/MEDIAN,STRAIGHT AND LEVEL,WET,NO DEFECTS,N,FAILING TO YIELD RIGHT-OF-WAY,BEAT_108,2,9,0,4,42.003286,-87.533329,39,3,Thursday,9,23,Night,0,0
2026-10-01 05:45:00,25,RAIN,DAYLIGHT,FIXED OBJECT,DIVIDED - W/MEDIAN,STRAIGHT AND LEVEL,WET,NO DEFECTS,Y,FAILING TO YIELD RIGHT-OF-WAY,BEAT_118,2,10,0,4,42.148752,-87.411076,40,3,Thursday,10,5,Night,0,0
2026-10-01 06:39:00,40,CLEAR,DAYLIGHT,PEDESTRIAN,T-INTERSECTION,STRAIGHT AND LEVEL,DRY,NO DEFECTS,Y,DRIVING SKILLS/KNOWLEDGE/EXPERIENCE,BEAT_105,2,10,0,4,41.948717,-87.564329,40,3,Thursday,10,6,Morning_Rush,0,0
2026-10-01 07:14:00,20,CLEAR,DAYLIGHT,REAR END,NOT DIVIDED,STRAIGHT AND LEVEL,DRY,NO DEFECTS,N,FOLLOWING TOO CLOSELY,BEAT_118,2,10,0,4,42.152762,-87.413827,40,3,Thursday,10,7,Morning_Rush,0,0
2026-10-01 15:13:00,30,CLEAR,DAYLIGHT,REAR END,DIVIDED - W/MEDIAN,STRAIGHT AND LEVEL,DRY,NO DEFECTS,N,DISREGARDING TRAFFIC SIGNALS,BEAT_107,1,10,0,4,41.980756,-87.5448,40,3,Thursday,10,15,Midday,0,0
2026-10-01 15:50:00,25,CLEAR,"DARKNESS, LIGHTED ROAD",ANGLE,NOT DIVIDED,STRAIGHT AND LEVEL,WET,NO DEFECTS,N,FAILING TO YIELD RIGHT-OF-WAY,BEAT_108,2,10,0,4,41.995538,-87.537295,40,3,Thursday,10,15,Midday,0,0
2026-10-01 16:57:00,25,RAIN,DAYLIGHT,REAR END,T-INTERSECTION,STRAIGHT AND LEVEL,WET,NO DEFECTS,Y,WEATHER,BEAT_109,1,10,0,4,42.016823,-87.520841,40,3,Thursday,10,16,Evening_Rush,0,0
2026-10-01 18:52:00,25,CLEAR,DAYLIGHT,TURNING,DIVIDED - W/MEDIAN,STRAIGHT AND LEVEL,DRY,NO DEFECTS,Y,FAILING TO YIELD RIGHT-OF-WAY,BEAT_112,2,10,0,4,42.060386,-87.489143,40,3,Thursday,10,18,Evening_Rush,0,0
2026-10-01 20:34:00,30,RAIN,"DARKNESS, LIGHTED ROAD",REAR END,T-INTERSECTION,STRAIGHT AND LEVEL,WET,NO DEFECTS,N,PHYSICAL CONDITION OF DRIVER,BEAT_105,2,10,0,4,41.949825,-87.574573,40,3,Thursday,10,20,Night,0,0
2026-10-01 21:18:00,35,RAIN,DAWN,ANGLE,NOT DIVIDED,STRAIGHT AND LEVEL,WET,NO DEFECTS,N,FAILING TO YIELD RIGHT-OF-WAY,BEAT_101,2,10,0,4,41.89128,-87.617874,40,3,Thursday,10,21,Night,0,0
2026-10-08 00:16:00,30,CLEAR,"DARKNESS, LIGHTED ROAD",SIDESWIPE SAME DIRECTION,NOT DIVIDED,STRAIGHT AND LEVEL,ICE,NO DEFECTS,N,FAILING TO YIELD RIGHT-OF-WAY,BEAT_111,2,10,0,4,42.044096,-87.502435,41,3,Thursday,10,0,Night,0,0
2026-10-08 00:31:00,35,CLEAR,DAYLIGHT,PARKED MOTOR VEHICLE,NOT DIVIDED,STRAIGHT AND LEVEL,WET,NO DEFECTS,N,FOLLOWING TOO CLOSELY,BEAT_110,1,10,0,4,42.021292,-87.510428,41,3,Thursday,10,0,Night,0,0
2026-10-08 03:03:00,30,CLEAR,DAYLIGHT,TURNING,ALLEY,STRAIGHT AND LEVEL,WET,NO DEFECTS,N,PHYSICAL CONDITION OF DRIVER,BEAT_115,1,10,0,4,42.104549,-87.450233,41,3,Thursday,10,3,Night,0,0
2026-10-08 11:24:00,25,CLEAR,DAYLIGHT,SIDESWIPE SAME DIRECTION,NOT DIVIDED,STRAIGHT AND LEVEL,WET,NO DEFECTS,N,DRIVING SKILLS/KNOWLEDGE/EXPERIENCE,BEAT_114,3,10,0,4,42.084051,-87.460026,41,3,Thursday,10,11,Midday,0,0
2026-10-08 19:21:00,30,CLEAR,DAYLIGHT,TURNING,NOT DIVIDED,STRAIGHT AND LEVEL,DRY,NO DEFECTS,N,FOLLOWING TOO CLOSELY,BEAT_106,2,10,0,4,41.967271,-87.557058,41,3,Thursday,10,19,Evening_Rush,0,0
2026-10-08 19:25:00,20,FOG/SMOKE/HAZE,"DARKNESS, LIGHTED ROAD",REAR END,DIVIDED - W/MEDIAN,"CURVE, LEVEL",WET,NO DEFECTS,Y,WEATHER,BEAT_101,2,10,0,4,41.89455,-87.620945,41,3,Thursday,10,19,Evening_Rush,0,0
2026-10-08 20:01:00,40,CLEAR,DAYLIGHT,PEDESTRIAN,FOUR WAY INTERSECTION,STRAIGHT AND LEVEL,DRY,NO DEFECTS,Y,WEATHER,BEAT_120,4,10,0,4,42.178664,-87.390025,41,3,Thursday,10,20,Night,0,0
2026-10-08 23:01:00,30,RAIN,DAYLIGHT,TURNING,ONE-WAY,STRAIGHT AND LEVEL,WET,NO DEFECTS,Y,FAILING TO YIELD RIGHT-OF-WAY,BEAT_119,2,10,0,4,42.164587,-87.4012,41,3,Thursday,10,23,Night,0,0
2026-10-08 23:05:00,30,CLEAR,DAYLIGHT,ANGLE,DIVIDED - W/MEDIAN,STRAIGHT AND LEVEL,DRY,NO DEFECTS,N,FOLLOWING TOO CLOSELY,BEAT_118,2,10,0,4,42.152723,-87.417783,41,3,Thursday,10,23,Night,0,0
2026-10-15 00:09:00,25,CLEAR,DAYLIGHT,TURNING,FOUR WAY INTERSECTION,STRAIGHT AND LEVEL,DRY,WORN SURFACE,N,DRIVING SKILLS/KNOWLEDGE/EXPERIENCE,BEAT_105,2,10,0,4,41.95488,-87.569622,42,3,Thursday,10,0,Night,0,0
2026-10-15 05:24:00,45,RAIN,"DARKNESS, LIGHTED ROAD",REAR END,NOT DIVIDED,STRAIGHT AND LEVEL,WET,NO DEFECTS,Y,FOLLOWING TOO CLOSELY,BEAT_103,2,10,1,4,41.919457,-87.59389,42,3,Thursday,10,5,Night,0,1
2026-10-15 07:22:00,30,RAIN,DAYLIGHT,SIDESWIPE SAME DIRECTION,NOT DIVIDED,STRAIGHT AND LEVEL,WET,NO DEFECTS,N,DRIVING SKILLS/KNOWLEDGE/EXPERIENCE,BEAT_106,1,10,1,4,41.965763,-87.558596,42,3,Thursday,10,7,Morning_Rush,0,1
2026-10-15 07:54:00,30,CLEAR,"DARKNESS, LIGHTED ROAD",REAR END,DIVIDED - W/MEDIAN,STRAIGHT AND LEVEL,DRY,NO DEFECTS,N,FAILING TO YIELD RIGHT-OF-WAY,BEAT_111,3,10,0,4,42.049023,-87.501805,42,3,Thursday,10,7,Morning_Rush,0,0
2026-10-15 08:20:00,50,SNOW,DAYLIGHT,ANGLE,FOUR WAY INTERSECTION,STRAIGHT AND LEVEL,WET,NO DEFECTS,N,FOLLOWING TOO CLOSELY,BEAT_117,2,10,0,4,42.130965,-87.424877,42,3,Thursday,10,8,Morning_Rush,0,0
2026-10-15 10:22:00,25,SNOW,DAYLIGHT,REAR END,NOT DIVIDED,STRAIGHT AND LEVEL,SNOW OR SLUSH,NO DEFECTS,Y,FAILING TO YIELD RIGHT-OF-WAY,BEAT_120,4,10,0,4,42.181754,-87.393612,42,3,Thursday,10,10,Midday,0,0
2026-10-15 11:30:00,35,CLEAR,"DARKNESS, LIGHTED ROAD",TURNING,DIVIDED - W/MEDIAN,STRAIGHT AND LEVEL,"SAND, MUD, DIRT","RUT, HOLES",N,FOLLOWING TOO CLOSELY,BEAT_109,2,10,0,4,42.014342,-87.524445,42,3,Thursday,10,11,Midday,0,0
2026-10-15 17:06:00,20,CLEAR,DAYLIGHT,TURNING,ALLEY,STRAIGHT AND LEVEL,WET,"RUT, HOLES",Y,WEATHER,BEAT_103,2,10,0,4,41.9315,-87.596935,42,3,Thursday,10,17,Evening_Rush,0,0
2026-10-15 21:49:00,40,CLEAR,"DARKNESS, LIGHTED ROAD",TURNING,NOT DIVIDED,STRAIGHT AND LEVEL,DRY,NO DEFECTS,N,DISREGARDING TRAFFIC SIGNALS,BEAT_106,4,10,0,4,41.967504,-87.554504,42,3,Thursday,10,21,Night,0,0
2026-10-15 21:54:00,30,CLEAR,"DARKNESS, LIGHTED ROAD",ANGLE,DIVIDED - W/MEDIAN,STRAIGHT AND LEVEL,DRY,NO DEFECTS,Y,DISREGARDING TRAFFIC SIGNALS,BEAT_119,2,10,2,4,42.164006,-87.403442,42,3,Thursday,10,21,Night,0,1
2026-10-15 22:04:00,45,CLEAR,DAYLIGHT,SIDESWIPE SAME DIRECTION,T-INTERSECTION,STRAIGHT AND LEVEL,DRY,NO DEFECTS,N,FOLLOWING TOO CLOSELY,BEAT_103,2,10,0,4,41.923775,-87.596948,42,3,Thursday,10,22,Night,0,0
2026-10-22 03:05:00,20,CLEAR,DAYLIGHT,REAR END,ONE-WAY,STRAIGHT AND LEVEL,DRY,NO DEFECTS,Y,FOLLOWING TOO CLOSELY,BEAT_116,2,10,0,4,42.119333,-87.438143,43,3,Thursday,10,3,Night,0,0
2026-10-22 09:46:00,25,RAIN,DAYLIGHT,REAR END,DIVIDED - W/MEDIAN,"CURVE, LEVEL",WET,NO DEFECTS,Y,FAILING TO YIELD RIGHT-OF-WAY,BEAT_101,2,10,0,4,41.899056,-87.612932,43,3,Thursday,10,9,Morning_Rush,0,0
2026-10-22 09:50:00,30,CLEAR,DAYLIGHT,TURNING,NOT DIVIDED,STRAIGHT AND LEVEL,DRY,DEBRIS ON ROAD,N,WEATHER,BEAT_118,1,10,0,4,42.145317,-87.412248,43,3,Thursday,10,9,Morning_Rush,0,0
2026-10-22 15:22:00,25,CLEAR,"DARKNESS, LIGHTED ROAD",SIDESWIPE SAME DIRECTION,NOT DIVIDED,STRAIGHT AND LEVEL,DRY,NO DEFECTS,N,DRIVING SKILLS/KNOWLEDGE/EXPERIENCE,BEAT_120,2,10,0,4,42.175277,-87.38836,43,3,Thursday,10,15,Midday,0,0
2026-10-22 16:36:00,25,CLEAR,DARKNESS,FIXED OBJECT,NOT DIVIDED,STRAIGHT ON GRADE,DRY,NO DEFECTS,Y,FOLLOWING TOO CLOSELY,BEAT_112,1,10,0,4,42.059147,-87.486405,43,3,Thursday,10,16,Evening_Rush,0,0
2026-10-22 18:36:00,25,CLEAR,DAYLIGHT,SIDESWIPE SAME DIRECTION,DIVIDED - W/MEDIAN,STRAIGHT AND LEVEL,DRY,NO DEFECTS,Y,WEATHER,BEAT_119,2,10,0,4,42.1627,-87.404709,43,3,Thursday,10,18,Evening_Rush,0,0
2026-10-29 01:23:00,30,SNOW,"DARKNESS, LIGHTED ROAD",SIDESWIPE SAME DIRECTION,NOT DIVIDED,STRAIGHT AND LEVEL,SNOW OR SLUSH,NO DEFECTS,Y,FOLLOWING TOO CLOSELY,BEAT_120,2,10,0,4,42.178042,-87.389375,44,3,Thursday,10,1,Night,0,0
2026-10-29 03:15:00,25,CLEAR,DAYLIGHT,TURNING,ONE-WAY,STRAIGHT AND LEVEL,DRY,NO DEFECTS,N,FAILING TO YIELD RIGHT-OF-WAY,BEAT_101,2,10,0,4,41.892727,-87.619507,44,3,Thursday,10,3,Night,0,0
2026-10-29 03:56:00,25,CLEAR,DAYLIGHT,TURNING,DIVIDED - W/MEDIAN,STRAIGHT AND LEVEL,DRY,NO DEFECTS,Y,FAILING TO YIELD RIGHT-OF-WAY,BEAT_109,1,10,0,4,42.011424,-87.519793,44,3,Thursday,10,3,Night,0,0
2026-10-29 04:48:00,25,CLEAR,"DARKNESS, LIGHTED ROAD",SIDESWIPE SAME DIRECTION,DIVIDED - W/MEDIAN,STRAIGHT AND LEVEL,DRY,NO DEFECTS,N,FOLLOWING TOO CLOSELY,BEAT_106,2,10,0,4,41.970087,-87.557686,44,3,Thursday,10,4,Night,0,0
2026-10-29 05:51:00,30,CLEAR,"DARKNESS, LIGHTED ROAD",SIDESWIPE SAME DIRECTION,FOUR WAY INTERSECTION,"CURVE, LEVEL",DRY,NO DEFECTS,N,FOLLOWING TOO CLOSELY,BEAT_112,3,10,0,4,42.06217,-87.481876,44,3,Thursday,10,5,Night,0,0
2026-10-29 08:35:00,25,CLEAR,DAYLIGHT,REAR END,DIVIDED - W/MEDIAN,STRAIGHT AND LEVEL,WET,NO DEFECTS,N,FOLLOWING TOO CLOSELY,BEAT_109,2,10,0,4,42.007121,-87.519796,44,3,Thursday,10,8,Morning_Rush,0,0
2026-10-29 17:22:00,30,CLEAR,DAYLIGHT,REAR END,ALLEY,STRAIGHT AND LEVEL,DRY,NO DEFECTS,Y,WEATHER,BEAT_103,2,10,0,4,41.92318,-87.592589,44,3,Thursday,10,17,Evening_Rush,0,0
2026-10-29 20:02:00,40,SNOW,DAYLIGHT,SIDESWIPE SAME DIRECTION,DIVIDED - W/MEDIAN,STRAIGHT AND LEVEL,WET,NO DEFECTS,N,DISREGARDING TRAFFIC SIGNALS,BEAT_116,2,10,0,4,42.116579,-87.4402,44,3,Thursday,10,20,Night,0,0
2026-10-29 22:45:00,30,CLEAR,DAYLIGHT,TURNING,DIVIDED - W/MEDIAN,STRAIGHT AND LEVEL,DRY,NO DEFECTS,Y,FOLLOWING TOO CLOSELY,BEAT_111,2,10,0,4,42.038918,-87.499261,44,3,Thursday,10,22,Night,0,0
2026-10-29 22:59:00,30,CLEAR,DAYLIGHT,REAR END,NOT DIVIDED,STRAIGHT AND LEVEL,DRY,NO DEFECTS,N,DRIVING SKILLS/KNOWLEDGE/EXPERIENCE,BEAT_120,3,10,0,4,42.176336,-87.389141,44,3,Thursday,10,22,Night,0,0
2026-11-05 00:27:00,30,CLEAR,DAYLIGHT,TURNING,DIVIDED - W/MEDIAN,STRAIGHT AND LEVEL,WET,NO DEFECTS,Y,FOLLOWING TOO CLOSELY,BEAT_103,2,11,0,4,41.924871,-87.591685,45,3,Thursday,11,0,Night,0,0
2026-11-05 04:03:00,25,CLEAR,"DARKNESS, LIGHTED ROAD",ANGLE,NOT DIVIDED,STRAIGHT AND LEVEL,DRY,NO DEFECTS,N,WEATHER,BEAT_118,2,11,0,4,42.151841,-87.411196,45,3,Thursday,11,4,Night,0,0
2026-11-05 04:55:00,25,CLEAR,DAYLIGHT,PARKED MOTOR VEHICLE,ONE-WAY,STRAIGHT AND LEVEL,DRY,WORN SURFACE,N,FAILING TO YIELD RIGHT-OF-WAY,BEAT_109,2,11,1,4,42.013941,-87.520049,45,3,Thursday,11,4,Night,0,1
2026-11-05 06:39:00,30,CLEAR,DAYLIGHT,REAR END,NOT DIVIDED,STRAIGHT AND LEVEL,WET,NO DEFECTS,Y,DISREGARDING TRAFFIC SIGNALS,BEAT_116,2,11,0,4,42.117291,-87.436063,45,3,Thursday,11,6,Morning_Rush,0,0
2026-11-05 07:20:00,30,RAIN,"DARKNESS, LIGHTED ROAD",SIDESWIPE SAME DIRECTION,NOT DIVIDED,STRAIGHT AND LEVEL,WET,NO DEFECTS,N,DRIVING SKILLS/KNOWLEDGE/EXPERIENCE,BEAT_105,2,11,0,4,41.954978,-87.567401,45,3,Thursday,11,7,Morning_Rush,0,0
2026-11-05 09:00:00,20,RAIN,DAYLIGHT,PARKED MOTOR VEHICLE,NOT DIVIDED,STRAIGHT AND LEVEL,WET,NO DEFECTS,N,FAILING TO YIELD RIGHT-OF-WAY,BEAT_101,2,11,2,4,41.89263,-87.617871,45,3,Thursday,11,9,Morning_Rush,0,1
2026-11-05 11:39:00,25,CLEAR,DAYLIGHT,REAR END,NOT DIVIDED,STRAIGHT AND LEVEL,DRY,NO DEFECTS,Y,FOLLOWING TOO CLOSELY,BEAT_103,2,11,0,4,41.922028,-87.596706,45,3,Thursday,11,11,Midday,0,0
2026-11-05 11:43:00,45,CLEAR,"DARKNESS, LIGHTED ROAD",PEDESTRIAN,DIVIDED - W/MEDIAN,STRAIGHT AND LEVEL,DRY,NO DEFECTS,N,WEATHER,BEAT_103,2,11,0,4,41.923049,-87.595199,45,3,Thursday,11,11,Midday,0,0
2026-11-05 13:51:00,25,CLEAR,DAYLIGHT,TURNING,FOUR WAY INTERSECTION,STRAIGHT AND LEVEL,DRY,NO DEFECTS,N,WEATHER,BEAT_105,2,11,0,4,41.952687,-87.572148,45,3,Thursday,11,13,Midday,0,0
2026-11-05 16:02:00,30,CLEAR,"DARKNESS, LIGHTED ROAD",PARKED MOTOR VEHICLE,NOT DIVIDED,STRAIGHT AND LEVEL,SNOW OR SLUSH,NO DEFECTS,Y,FOLLOWING TOO CLOSELY,BEAT_118,2,11,0,4,42.147643,-87.409737,45,3,Thursday,11,16,Evening_Rush,0,0
2026-11-05 17:41:00,20,CLEAR,DAWN,TURNING,NOT DIVIDED,STRAIGHT AND LEVEL,DRY,NO DEFECTS,N,FAILING TO YIELD RIGHT-OF-WAY,BEAT_106,1,11,0,4,41.969865,-87.557493,45,3,Thursday,11,17,Evening_Rush,0,0
2026-11-05 19:41:00,30,CLEAR,"DARKNESS, LIGHTED ROAD",SIDESWIPE SAME DIRECTION,ONE-WAY,STRAIGHT AND LEVEL,DRY,NO DEFECTS,Y,FOLLOWING TOO CLOSELY,BEAT_109,2,11,1,4,42.011518,-87.523806,45,3,Thursday,11,19,Evening_Rush,0,1
2026-11-05 22:07:00,25,CLEAR,DAYLIGHT,SIDESWIPE SAME DIRECTION,FOUR WAY INTERSECTION,STRAIGHT ON GRADE,DRY,NO DEFECTS,N,FOLLOWING TOO CLOSELY,BEAT_101,1,11,0,4,41.895059,-87.616143,45,3,Thursday,11,22,Night,0,0
2026-11-12 02:38:00,20,CLEAR,"DARKNESS, LIGHTED ROAD",REAR END,DIVIDED - W/MEDIAN,STRAIGHT AND LEVEL,SNOW OR SLUSH,WORN SURFACE,N,FOLLOWING TOO CLOSELY,BEAT_107,2,11,0,4,41.981741,-87.546477,46,3,Thursday,11,2,Night,0,0
2026-11-12 03:36:00,40,CLEAR,DAYLIGHT,TURNING,DIVIDED - W/MEDIAN,STRAIGHT AND LEVEL,DRY,NO DEFECTS,Y,DRIVING SKILLS/KNOWLEDGE/EXPERIENCE,BEAT_101,2,11,0,4,41.890326,-87.622143,46,3,Thursday,11,3,Night,0,0
2026-11-12 05:21:00,30,CLEAR,DAYLIGHT,FIXED OBJECT,ALLEY,"CURVE, LEVEL",DRY,NO DEFECTS,Y,IMPROPER OVERTAKING/PASSING,BEAT_110,2,11,0,4,42.025422,-87.517443,46,3,Thursday,11,5,Night,0,0
2026-11-12 05:53:00,25,CLEAR,DAYLIGHT,TURNING,DIVIDED - W/MEDIAN,STRAIGHT AND LEVEL,DRY,NO DEFECTS,N,FAILING TO YIELD RIGHT-OF-WAY,BEAT_115,1,11,0,4,42.103131,-87.458072,46,3,Thursday,11,5,Night,0,0
2026-11-12 08:41:00,35,CLEAR,DAYLIGHT,ANGLE,DIVIDED - W/MEDIAN,STRAIGHT AND LEVEL,WET,"RUT, HOLES",Y,FAILING TO YIELD RIGHT-OF-WAY,BEAT_104,2,11,1,4,41.939991,-87.583729,46,3,Thursday,11,8,Morning_Rush,0,1
2026-11-12 09:25:00,40,CLEAR,DAYLIGHT,SIDESWIPE SAME DIRECTION,NOT DIVIDED,STRAIGHT AND LEVEL,DRY,NO DEFECTS,Y,FAILING TO YIELD RIGHT-OF-WAY,BEAT_115,2,11,0,4,42.103227,-87.451012,46,3,Thursday,11,9,Morning_Rush,0,0
2026-11-12 11:22:00,30,SNOW,DAYLIGHT,REAR END,NOT DIVIDED,STRAIGHT AND LEVEL,WET,NO DEFECTS,Y,FAILING TO YIELD RIGHT-OF-WAY,BEAT_114,2,11,0,4,42.085911,-87.460716,46,3,Thursday,11,11,Midday,0,0
2026-11-12 11:44:00,35,CLEAR,DAYLIGHT,SIDESWIPE SAME DIRECTION,NOT DIVIDED,STRAIGHT AND LEVEL,DRY,"RUT, HOLES",N,FOLLOWING TOO CLOSELY,BEAT_120,1,11,0,4,42.17961,-87.394015,46,3,Thursday,11,11,Midday,0,0
2026-11-12 13:45:00,50,SEVERE RAIN,"DARKNESS, LIGHTED ROAD",TURNING,FOUR WAY INTERSECTION,STRAIGHT AND LEVEL,SNOW OR SLUSH,"RUT, HOLES",N,IMPROPER OVERTAKING/PASSING,BEAT_120,2,11,0,4,42.17979,-87.392245,46,3,Thursday,11,13,Midday,0,0
2026-11-12 13:53:00,30,CLEAR,DARKNESS,SIDESWIPE SAME DIRECTION,DIVIDED - W/MEDIAN,STRAIGHT AND LEVEL,WET,NO DEFECTS,Y,IMPROPER OVERTAKING/PASSING,BEAT_110,2,11,1,4,42.028893,-87.509921,46,3,Thursday,11,13,Midday,0,1
2026-11-12 14:39:00,45,SNOW,DAYLIGHT,ANGLE,NOT DIVIDED,STRAIGHT AND LEVEL,WET,NO DEFECTS,N,FAILING TO YIELD RIGHT-OF-WAY,BEAT_107,2,11,0,4,41.976683,-87.546238,46,3,Thursday,11,14,Midday,0,0
2026-11-12 15:15:00,35,CLEAR,DAYLIGHT,SIDESWIPE SAME DIRECTION,FOUR WAY INTERSECTION,STRAIGHT AND LEVEL,DRY,NO DEFECTS,Y,DRIVING SKILLS/KNOWLEDGE/EXPERIENCE,BEAT_110,2,11,0,4,42.036458,-87.506855,46,3,Thursday,11,15,Midday,0,0
2026-11-12 18:42:00,30,CLEAR,"DARKNESS, LIGHTED ROAD",SIDESWIPE SAME DIRECTION,FOUR WAY INTERSECTION,STRAIGHT AND LEVEL,ICE,DEBRIS ON ROAD,N,FAILING TO YIELD RIGHT-OF-WAY,BEAT_119,2,11,0,4,42.16602,-87.404068,46,3,Thursday,11,18,Evening_Rush,0,0
2026-11-12 19:59:00,25,CLEAR,DAYLIGHT,ANGLE,ALLEY,STRAIGHT AND LEVEL,DRY,WORN SURFACE,Y,FAILING TO YIELD RIGHT-OF-WAY,BEAT_101,2,11,0,4,41.894064,-87.614032,46,3,Thursday,11,19,Evening_Rush,0,0
2026-11-12 21:39:00,30,CLEAR,DAYLIGHT,SIDESWIPE SAME DIRECTION,NOT DIVIDED,STRAIGHT AND LEVEL,DRY,NO DEFECTS,Y,FOLLOWING TOO CLOSELY,BEAT_103,2,11,0,4,41.917124,-87.59374,46,3,Thursday,11,21,Night,0,0
2026-11-12 21:56:00,40,CLEAR,DUSK,SIDESWIPE SAME DIRECTION,ALLEY,"CURVE, LEVEL",WET,NO DEFECTS,Y,DRIVING SKILLS/KNOWLEDGE/EXPERIENCE,BEAT_109,2,11,0,4,42.009947,-87.520932,46,3,Thursday,11,21,Night,0,0
2026-11-19 02:00:00,35,CLEAR,DAYLIGHT,TURNING,NOT DIVIDED,"CURVE, LEVEL",WET,NO DEFECTS,N,WEATHER,BEAT_112,4,11,1,4,42.060115,-87.488447,47,3,Thursday,11,2,Night,0,1
2026-11-19 02:33:00,40,CLEAR,DAYLIGHT,REAR END,ONE-WAY,STRAIGHT AND LEVEL,DRY,WORN SURFACE,N,WEATHER,BEAT_108,3,11,0,4,41.998665,-87.533885,47,3,Thursday,11,2,Night,0,0
2026-11-19 09:08:00,30,CLEAR,DAWN,SIDESWIPE SAME DIRECTION,NOT DIVIDED,STRAIGHT AND LEVEL,DRY,NO DEFECTS,N,DRIVING SKILLS/KNOWLEDGE/EXPERIENCE,BEAT_107,1,11,0,4,41.978872,-87.545918,47,3,Thursday,11,9,Morning_Rush,0,0
2026-11-19 12:14:00,40,SEVERE RAIN,"DARKNESS, LIGHTED ROAD",ANGLE,NOT DIVIDED,STRAIGHT AND LEVEL,WET,NO DEFECTS,N,DRIVING SKILLS/KNOWLEDGE/EXPERIENCE,BEAT_104,2,11,0,4,41.938301,-87.581631,47,3,Thursday,11,12,Midday,0,0
2026-11-19 13:20:00,30,CLEAR,DAYLIGHT,TURNING,FOUR WAY INTERSECTION,STRAIGHT AND LEVEL,DRY,NO DEFECTS,Y,DRIVING SKILLS/KNOWLEDGE/EXPERIENCE,BEAT_107,2,11,0,4,41.977788,-87.545868,47,3,Thursday,11,13,Midday,0,0
2026-11-19 15:01:00,30,CLEAR,"DARKNESS, LIGHTED ROAD",REAR END,NOT DIVIDED,STRAIGHT AND LEVEL,DRY,NO DEFECTS,N,FOLLOWING TOO CLOSELY,BEAT_109,2,11,0,4,42.016121,-87.521918,47,3,Thursday,11,15,Midday,0,0
2026-11-19 16:28:00,30,CLEAR,DAYLIGHT,SIDESWIPE SAME DIRECTION,T-INTERSECTION,STRAIGHT AND LEVEL,DRY,DEBRIS ON ROAD,Y,DISREGARDING TRAFFIC SIGNALS,BEAT_107,1,11,1,4,41.979947,-87.549635,47,3,Thursday,11,16,Evening_Rush,0,1
2026-11-19 22:48:00,35,CLEAR,DAYLIGHT,PARKED MOTOR VEHICLE,NOT DIVIDED,STRAIGHT AND LEVEL,WET,NO DEFECTS,N,IMPROPER OVERTAKING/PASSING,BEAT_120,2,11,0,4,42.180755,-87.382671,47,3,Thursday,11,22,Night,0,0
2026-11-19 23:22:00,30,CLEAR,"DARKNESS, LIGHTED ROAD",PARKED MOTOR VEHICLE,DIVIDED - W/MEDIAN,STRAIGHT AND LEVEL,DRY,NO DEFECTS,N,FOLLOWING TOO CLOSELY,BEAT_108,2,11,0,4,41.998396,-87.534191,47,3,Thursday,11,23,Night,0,0
2026-11-26 00:45:00,35,SNOW,DAYLIGHT,ANGLE,NOT DIVIDED,STRAIGHT AND LEVEL,WET,NO DEFECTS,Y,FOLLOWING TOO CLOSELY,BEAT_118,2,11,0,4,42.148239,-87.418737,48,3,Thursday,11,0,Night,0,0
2026-11-26 01:00:00,20,RAIN,DAYLIGHT,REAR END,NOT DIVIDED,STRAIGHT AND LEVEL,WET,WORN SURFACE,Y,PHYSICAL CONDITION OF DRIVER,BEAT_112,2,11,2,4,42.062551,-87.483798,48,3,Thursday,11,1,Night,0,1
2026-11-26 01:45:00,25,CLEAR,"DARKNESS, LIGHTED ROAD",REAR END,NOT DIVIDED,"CURVE, LEVEL",WET,WORN SURFACE,Y,WEATHER,BEAT_104,2,11,0,4,41.937181,-87.581354,48,3,Thursday,11,1,Night,0,0
2026-11-26 03:32:00,30,RAIN,DAYLIGHT,SIDESWIPE SAME DIRECTION,FOUR WAY INTERSECTION,STRAIGHT AND LEVEL,WET,NO DEFECTS,Y,FOLLOWING TOO CLOSELY,BEAT_108,2,11,0,4,41.99967,-87.536202,48,3,Thursday,11,3,Night,0,0
2026-11-26 06:57:00,20,CLEAR,"DARKNESS, LIGHTED ROAD",REAR END,NOT DIVIDED,"CURVE, LEVEL",SNOW OR SLUSH,"RUT, HOLES",Y,FOLLOWING TOO CLOSELY,BEAT_115,1,11,0,4,42.104393,-87.451706,48,3,Thursday,11,6,Morning_Rush,0,0
2026-11-26 08:21:00,25,CLEAR,DAYLIGHT,TURNING,FOUR WAY INTERSECTION,"CURVE, LEVEL",DRY,NO DEFECTS,Y,WEATHER,BEAT_106,2,11,0,4,41.961605,-87.562629,48,3,Thursday,11,8,Morning_Rush,0,0
2026-11-26 09:58:00,35,CLEAR,DUSK,SIDESWIPE SAME DIRECTION,ONE-WAY,STRAIGHT AND LEVEL,DRY,NO DEFECTS,N,PHYSICAL CONDITION OF DRIVER,BEAT_109,2,11,0,4,42.009781,-87.523199,48,3,Thursday,11,9,Morning_Rush,0,0
2026-11-26 10:30:00,35,FOG/SMOKE/HAZE,"DARKNESS, LIGHTED ROAD",REAR END,ONE-WAY,"CURVE, LEVEL",WET,NO DEFECTS,N,IMPROPER OVERTAKING/PASSING,BEAT_103,2,11,0,4,41.924263,-87.588569,48,3,Thursday,11,10,Midday,0,0
2026-11-26 19:26:00,25,SNOW,DAYLIGHT,FIXED OBJECT,ONE-WAY,STRAIGHT AND LEVEL,SNOW OR SLUSH,NO DEFECTS,N,FAILING TO YIELD RIGHT-OF-WAY,BEAT_103,2,11,0,4,41.925844,-87.598284,48,3,Thursday,11,19,Evening_Rush,0,0
2026-12-03 00:18:00,25,RAIN,DARKNESS,REAR END,ONE-WAY,STRAIGHT ON GRADE,ICE,NO DEFECTS,Y,FOLLOWING TOO CLOSELY,BEAT_104,1,12,0,4,41.935718,-87.583997,49,3,Thursday,12,0,Night,0,0
2026-12-03 01:38:00,40,CLEAR,DAYLIGHT,PARKED MOTOR VEHICLE,NOT DIVIDED,STRAIGHT AND LEVEL,DRY,NO DEFECTS,Y,DRIVING SKILLS/KNOWLEDGE/EXPERIENCE,BEAT_106,2,12,0,4,41.968341,-87.559286,49,3,Thursday,12,1,Night,0,0
2026-12-03 03:33:00,30,SNOW,DARKNESS,FIXED OBJECT,FOUR WAY INTERSECTION,STRAIGHT AND LEVEL,WET,NO DEFECTS,Y,FOLLOWING TOO CLOSELY,BEAT_102,2,12,0,4,41.909698,-87.604489,49,3,Thursday,12,3,Night,0,0
2026-12-03 09:08:00,40,CLEAR,DAYLIGHT,REAR END,FOUR WAY INTERSECTION,STRAIGHT AND LEVEL,DRY,NO DEFECTS,Y,FOLLOWING TOO CLOSELY,BEAT_110,2,12,0,4,42.031892,-87.511734,49,3,Thursday,12,9,Morning_Rush,0,0
2026-12-03 09:11:00,20,CLEAR,DARKNESS,TURNING,NOT DIVIDED,STRAIGHT AND LEVEL,WET,NO DEFECTS,N,DRIVING SKILLS/KNOWLEDGE/EXPERIENCE,BEAT_116,2,12,0,4,42.121567,-87.43719,49,3,Thursday,12,9,Morning_Rush,0,0
2026-12-03 12:12:00,25,RAIN,DAYLIGHT,TURNING,FOUR WAY INTERSECTION,STRAIGHT AND LEVEL,WET,NO DEFECTS,Y,FOLLOWING TOO CLOSELY,BEAT_104,2,12,0,4,41.933723,-87.585941,49,3,Thursday,12,12,Midday,0,0
2026-12-03 19:46:00,25,CLEAR,"DARKNESS, LIGHTED ROAD",ANGLE,ONE-WAY,STRAIGHT AND LEVEL,WET,NO DEFECTS,N,FAILING TO YIELD RIGHT-OF-WAY,BEAT_117,1,12,0,4,42.136182,-87.427124,49,3,Thursday,12,19,Evening_Rush,0,0
2026-12-03 20:27:00,30,CLEAR,"DARKNESS, LIGHTED ROAD",TURNING,T-INTERSECTION,STRAIGHT AND LEVEL,DRY,NO DEFECTS,N,FAILING TO YIELD RIGHT-OF-WAY,BEAT_111,4,12,1,4,42.043163,-87.495021,49,3,Thursday,12,20,Night,0,1
2026-12-03 20:59:00,40,CLEAR,DAYLIGHT,REAR END,DIVIDED - W/MEDIAN,STRAIGHT AND LEVEL,DRY,NO DEFECTS,N,IMPROPER OVERTAKING/PASSING,BEAT_113,2,12,1,4,42.074838,-87.469564,49,3,Thursday,12,20,Night,0,1
2026-12-03 21:45:00,30,RAIN,DAYLIGHT,PARKED MOTOR VEHICLE,ONE-WAY,STRAIGHT AND LEVEL,WET,NO DEFECTS,N,DRIVING SKILLS/KNOWLEDGE/EXPERIENCE,BEAT_102,2,12,3,4,41.912361,-87.603974,49,3,Thursday,12,21,Night,0,1
2026-12-10 02:13:00,25,CLEAR,DAYLIGHT,REAR END,DIVIDED - W/MEDIAN,STRAIGHT AND LEVEL,WET,NO DEFECTS,Y,DRIVING SKILLS/KNOWLEDGE/EXPERIENCE,BEAT_104,1,12,0,4,41.936831,-87.582061,50,3,Thursday,12,2,Night,0,0
2026-12-10 03:11:00,30,CLEAR,DAYLIGHT,ANGLE,NOT DIVIDED,"CURVE, LEVEL",WET,NO DEFECTS,N,FOLLOWING TOO CLOSELY,BEAT_118,2,12,0,4,42.145467,-87.413716,50,3,Thursday,12,3,Night,0,0
2026-12-10 08:46:00,25,FOG/SMOKE/HAZE,DUSK,SIDESWIPE SAME DIRECTION,DIVIDED - W/MEDIAN,STRAIGHT AND LEVEL,ICE,NO DEFECTS,Y,WEATHER,BEAT_109,2,12,1,4,42.01253,-87.519357,50,3,Thursday,12,8,Morning_Rush,0,1
2026-12-10 13:36:00,30,CLEAR,DAYLIGHT,REAR END,DIVIDED - W/MEDIAN,"CURVE, LEVEL",DRY,NO DEFECTS,N,WEATHER,BEAT_111,2,12,0,4,42.045864,-87.493437,50,3,Thursday,12,13,Midday,0,0
2026-12-10 15:32:00,35,RAIN,DAYLIGHT,TURNING,NOT DIVIDED,STRAIGHT AND LEVEL,WET,NO DEFECTS,N,IMPROPER OVERTAKING/PASSING,BEAT_112,2,12,1,4,42.059196,-87.482821,50,3,Thursday,12,15,Midday,0,1
2026-12-10 18:17:00,25,CLEAR,DAYLIGHT,REAR END,NOT DIVIDED,STRAIGHT AND LEVEL,DRY,NO DEFECTS,Y,DISREGARDING TRAFFIC SIGNALS,BEAT_104,2,12,0,4,41.932981,-87.580649,50,3,Thursday,12,18,Evening_Rush,0,0
2026-12-10 18:41:00,30,CLEAR,DAYLIGHT,PARKED MOTOR VEHICLE,ONE-WAY,"CURVE, LEVEL",DRY,NO DEFECTS,Y,FOLLOWING TOO CLOSELY,BEAT_103,1,12,0,4,41.923512,-87.593567,50,3,Thursday,12,18,Evening_Rush,0,0
2026-12-10 22:10:00,45,CLEAR,"DARKNESS, LIGHTED ROAD",REAR END,DIVIDED - W/MEDIAN,STRAIGHT AND LEVEL,DRY,NO DEFECTS,Y,WEATHER,BEAT_105,2,12,1,4,41.949579,-87.56508,50,3,Thursday,12,22,Night,0,1
2026-12-17 00:32:00,25,CLEAR,DAYLIGHT,REAR END,DIVIDED - W/MEDIAN,STRAIGHT AND LEVEL,DRY,NO DEFECTS,N,FAILING TO YIELD RIGHT-OF-WAY,BEAT_115,2,12,0,4,42.100063,-87.447539,51,3,Thursday,12,0,Night,0,0
2026-12-17 01:09:00,30,CLEAR,DAYLIGHT,REAR END,FOUR WAY INTERSECTION,STRAIGHT AND LEVEL,DRY,WORN SURFACE,N,PHYSICAL CONDITION OF DRIVER,BEAT_110,2,12,0,4,42.027617,-87.50451,51,3,Thursday,12,1,Night,0,0
2026-12-17 02:13:00,25,RAIN,DAYLIGHT,PARKED MOTOR VEHICLE,NOT DIVIDED,STRAIGHT AND LEVEL,WET,"RUT, HOLES",Y,IMPROPER OVERTAKING/PASSING,BEAT_107,1,12,0,4,41.985726,-87.543364,51,3,Thursday,12,2,Night,0,0
2026-12-17 05:10:00,35,CLEAR,"DARKNESS, LIGHTED ROAD",REAR END,ONE-WAY,STRAIGHT AND LEVEL,WET,NO DEFECTS,N,FAILING TO YIELD RIGHT-OF-WAY,BEAT_110,4,12,0,4,42.025465,-87.512251,51,3,Thursday,12,5,Night,0,0
2026-12-17 08:08:00,30,RAIN,DAYLIGHT,ANGLE,NOT DIVIDED,STRAIGHT AND LEVEL,WET,NO DEFECTS,N,FAILING TO YIELD RIGHT-OF-WAY,BEAT_117,2,12,2,4,42.13851,-87.42487,51,3,Thursday,12,8,Morning_Rush,0,1
2026-12-17 10:14:00,45,CLEAR,DAYLIGHT,PARKED MOTOR VEHICLE,ONE-WAY,STRAIGHT AND LEVEL,SNOW OR SLUSH,NO DEFECTS,N,FAILING TO YIELD RIGHT-OF-WAY,BEAT_108,2,12,0,4,41.994033,-87.533914,51,3,Thursday,12,10,Midday,0,0
2026-12-17 10:42:00,25,RAIN,DAYLIGHT,PARKED MOTOR VEHICLE,NOT DIVIDED,STRAIGHT ON GRADE,WET,NO DEFECTS,Y,DISREGARDING TRAFFIC SIGNALS,BEAT_111,2,12,3,4,42.040517,-87.497552,51,3,Thursday,12,10,Midday,0,1
2026-12-17 11:05:00,45,CLEAR,DAYLIGHT,ANGLE,NOT DIVIDED,STRAIGHT AND LEVEL,DRY,DEBRIS ON ROAD,Y,IMPROPER OVERTAKING/PASSING,BEAT_109,3,12,0,4,42.013244,-87.520804,51,3,Thursday,12,11,Midday,0,0
2026-12-17 11:57:00,25,CLEAR,DAYLIGHT,REAR END,DIVIDED - W/MEDIAN,STRAIGHT AND LEVEL,WET,NO DEFECTS,Y,FOLLOWING TOO CLOSELY,BEAT_113,2,12,0,4,42.071871,-87.471127,51,3,Thursday,12,11,Midday,0,0
2026-12-17 13:49:00,25,CLEAR,DAWN,PARKED MOTOR VEHICLE,NOT DIVIDED,STRAIGHT AND LEVEL,DRY,NO DEFECTS,N,FOLLOWING TOO CLOSELY,BEAT_104,1,12,0,4,41.944703,-87.584239,51,3,Thursday,12,13,Midday,0,0
2026-12-17 15:31:00,25,SNOW,DAYLIGHT,REAR END,NOT DIVIDED,STRAIGHT AND LEVEL,WET,NO DEFECTS,N,FAILING TO YIELD RIGHT-OF-WAY,BEAT_102,3,12,0,4,41.907005,-87.608318,51,3,Thursday,12,15,Midday,0,0
2026-12-17 17:49:00,45,RAIN,DAYLIGHT,TURNING,FOUR WAY INTERSECTION,STRAIGHT AND LEVEL,WET,NO DEFECTS,N,FAILING TO YIELD RIGHT-OF-WAY,BEAT_107,2,12,0,4,41.986052,-87.545797,51,3,Thursday,12,17,Evening_Rush,0,0
2026-12-17 18:18:00,40,CLEAR,DAYLIGHT,REAR END,FOUR WAY INTERSECTION,STRAIGHT AND LEVEL,DRY,NO DEFECTS,Y,FOLLOWING TOO CLOSELY,BEAT_117,2,12,0,4,42.134109,-87.424701,51,3,Thursday,12,18,Evening_Rush,0,0
2026-12-17 18:50:00,50,SNOW,DAYLIGHT,ANGLE,NOT DIVIDED,STRAIGHT AND LEVEL,SNOW OR SLUSH,NO DEFECTS,N,FOLLOWING TOO CLOSELY,BEAT_103,2,12,0,4,41.924974,-87.590923,51,3,Thursday,12,18,Evening_Rush,0,0
2026-12-17 19:35:00,25,SNOW,DAYLIGHT,TURNING,DIVIDED - W/MEDIAN,STRAIGHT AND LEVEL,WET,NO DEFECTS,N,FOLLOWING TOO CLOSELY,BEAT_117,2,12,0,4,42.136506,-87.42274,51,3,Thursday,12,19,Evening_Rush,0,0
2026-12-17 21:43:00,40,CLEAR,DAYLIGHT,ANGLE,FOUR WAY INTERSECTION,STRAIGHT AND LEVEL,DRY,NO DEFECTS,N,IMPROPER OVERTAKING/PASSING,BEAT_108,2,12,0,4,41.993495,-87.532098,51,3,Thursday,12,21,Night,0,0
2026-12-24 00:06:00,30,CLEAR,DAYLIGHT,FIXED OBJECT,NOT DIVIDED,STRAIGHT AND LEVEL,DRY,NO DEFECTS,Y,FAILING TO YIELD RIGHT-OF-WAY,BEAT_112,1,12,0,4,42.054667,-87.489198,52,3,Thursday,12,0,Night,0,0
2026-12-24 00:39:00,35,CLEAR,DAYLIGHT,SIDESWIPE SAME DIRECTION,NOT DIVIDED,STRAIGHT AND LEVEL,DRY,NO DEFECTS,Y,FAILING TO YIELD RIGHT-OF-WAY,BEAT_114,2,12,0,4,42.099774,-87.465811,52,3,Thursday,12,0,Night,0,0
2026-12-24 05:07:00,25,RAIN,DAYLIGHT,FIXED OBJECT,DIVIDED - W/MEDIAN,STRAIGHT AND LEVEL,WET,NO DEFECTS,N,FAILING TO YIELD RIGHT-OF-WAY,BEAT_117,2,12,1,4,42.130924,-87.426487,52,3,Thursday,12,5,Night,0,1
2026-12-24 07:58:00,25,CLEAR,"DARKNESS, LIGHTED ROAD",ANGLE,DIVIDED - W/MEDIAN,STRAIGHT AND LEVEL,SNOW OR SLUSH,WORN SURFACE,N,FAILING TO YIELD RIGHT-OF-WAY,BEAT_120,2,12,0,4,42.176417,-87.390553,52,3,Thursday,12,7,Morning_Rush,0,0
2026-12-24 08:02:00,25,RAIN,DAYLIGHT,REAR END,FOUR WAY INTERSECTION,STRAIGHT AND LEVEL,WET,NO DEFECTS,N,DISREGARDING TRAFFIC SIGNALS,BEAT_102,1,12,1,4,41.907534,-87.609642,52,3,Thursday,12,8,Morning_Rush,0,1
2026-12-24 08:32:00,50,CLEAR,"DARKNESS, LIGHTED ROAD",SIDESWIPE SAME DIRECTION,DIVIDED - W/MEDIAN,STRAIGHT AND LEVEL,DRY,NO DEFECTS,Y,PHYSICAL CONDITION OF DRIVER,BEAT_116,2,12,0,4,42.117662,-87.438252,52,3,Thursday,12,8,Morning_Rush,0,0
2026-12-24 08:48:00,30,CLEAR,DUSK,SIDESWIPE SAME DIRECTION,DIVIDED - W/MEDIAN,STRAIGHT AND LEVEL,DRY,NO DEFECTS,N,FAILING TO YIELD RIGHT-OF-WAY,BEAT_119,2,12,0,4,42.167312,-87.403164,52,3,Thursday,12,8,Morning_Rush,0,0
2026-12-24 09:08:00,30,CLEAR,DAYLIGHT,SIDESWIPE SAME DIRECTION,FOUR WAY INTERSECTION,STRAIGHT AND LEVEL,DRY,NO DEFECTS,N,FAILING TO YIELD RIGHT-OF-WAY,BEAT_105,3,12,0,4,41.949712,-87.570951,52,3,Thursday,12,9,Morning_Rush,0,0
2026-12-24 09:58:00,25,CLEAR,DAYLIGHT,REAR END,NOT DIVIDED,STRAIGHT AND LEVEL,DRY,NO DEFECTS,Y,DRIVING SKILLS/KNOWLEDGE/EXPERIENCE,BEAT_115,2,12,0,4,42.100667,-87.443145,52,3,Thursday,12,9,Morning_Rush,0,0
2026-12-24 11:16:00,40,FOG/SMOKE/HAZE,DAYLIGHT,FIXED OBJECT,FOUR WAY INTERSECTION,CURVE ON GRADE,WET,WORN SURFACE,Y,DISREGARDING TRAFFIC SIGNALS,BEAT_106,2,12,0,4,41.967268,-87.559782,52,3,Thursday,12,11,Midday,0,0
2026-12-24 11:57:00,30,CLEAR,DAYLIGHT,REAR END,NOT DIVIDED,STRAIGHT AND LEVEL,DRY,NO DEFECTS,N,FOLLOWING TOO CLOSELY,BEAT_110,2,12,0,4,42.029634,-87.50864,52,3,Thursday,12,11,Midday,0,0
2026-12-24 12:11:00,40,CLEAR,DARKNESS,ANGLE,FOUR WAY INTERSECTION,STRAIGHT AND LEVEL,DRY,NO DEFECTS,N,PHYSICAL CONDITION OF DRIVER,BEAT_103,2,12,0,4,41.922729,-87.592195,52,3,Thursday,12,12,Midday,0,0
2026-12-24 12:49:00,30,CLEAR,DAYLIGHT,SIDESWIPE SAME DIRECTION,ALLEY,STRAIGHT AND LEVEL,DRY,NO DEFECTS,Y,WEATHER,BEAT_103,2,12,0,4,41.920767,-87.590315,52,3,Thursday,12,12,Midday,0,0
2026-12-24 21:48:00,30,CLEAR,DAYLIGHT,PARKED MOTOR VEHICLE,DIVIDED - W/MEDIAN,STRAIGHT AND LEVEL,WET,NO DEFECTS,Y,FAILING TO YIELD RIGHT-OF-WAY,BEAT_118,2,12,0,4,42.148332,-87.413112,52,3,Thursday,12,21,Night,0,0
2026-12-24 23:44:00,40,CLEAR,DAYLIGHT,SIDESWIPE SAME DIRECTION,DIVIDED - W/MEDIAN,STRAIGHT AND LEVEL,DRY,"RUT, HOLES",N,FOLLOWING TOO CLOSELY,BEAT_104,2,12,0,4,41.939342,-87.581892,52,3,Thursday,12,23,Night,0,0
