CRASH_DATE,POSTED_SPEED_LIMIT,WEATHER_CONDITION,LIGHTING_CONDITION,FIRST_CRASH_TYPE,TRAFFICWAY_TYPE,ALIGNMENT,ROADWAY_SURFACE_COND,ROAD_DEFECT,INTERSECTION_RELATED_I,PRIM_CONTRIBUTORY_CAUSE,BEAT_OF_OCCURRENCE,NUM_UNITS,CRASH_MONTH,INJURIES_TOTAL,CRASH_DAY_OF_WEEK,LATITUDE,LONGITUDE,week,day_of_week,day_name,month,hour,time_of_day,is_weekend,incident_occurred
2026-01-06 00:24:00,25,SNOW,DAWN,PARKED MOTOR VEHICLE,T-INTERSECTION,STRAIGHT AND LEVEL,WET,NO DEFECTS,N,WEATHER,BEAT_117,2,1,0,2,42.136822,-87.431861,2,1,Tuesday,1,0,Night,0,0
2026-01-06 02:06:00,30,CLEAR,DAYLIGHT,REAR END,ONE-WAY,STRAIGHT AND LEVEL,WET,NO DEFECTS,Y,WEATHER,BEAT_103,2,1,0,2,41.918405,-87.592955,2,1,Tuesday,1,2,Night,0,0
2026-01-06 04:39:00,25,SNOW,DAYLIGHT,REAR END,DIVIDED - W/MEDIAN,STRAIGHT AND LEVEL,WET,NO DEFECTS,N,IMPROPER OVERTAKING/PASSING,BEAT_108,2,1,0,2,42.000057,-87.540793,2,1,Tuesday,1,4,Night,0,0
2026-01-06 04:52:00,30,SNOW,"DARKNESS, LIGHTED ROAD",TURNING,ALLEY,STRAIGHT AND LEVEL,WET,NO DEFECTS,Y,FOLLOWING TOO CLOSELY,BEAT_102,2,1,0,2,41.907653,-87.608209,2,1,Tuesday,1,4,Night,0,0
2026-01-06 05:28:00,30,RAIN,DAYLIGHT,REAR END,ONE-WAY,STRAIGHT AND LEVEL,WET,NO DEFECTS,N,WEATHER,BEAT_111,2,1,0,2,42.04521,-87.498489,2,1,Tuesday,1,5,Night,0,0
2026-01-06 08:14:00,25,CLEAR,DAYLIGHT,PARKED MOTOR VEHICLE,FOUR WAY INTERSECTION,STRAIGHT AND LEVEL,WET,NO DEFECTS,Y,DISREGARDING TRAFFIC SIGNALS,BEAT_112,2,1,0,2,42.058095,-87.48538,2,1,Tuesday,1,8,Morning_Rush,0,0
2026-01-06 08:42:00,30,CLEAR,DAYLIGHT,SIDESWIPE SAME DIRECTION,DIVIDED - W/MEDIAN,STRAIGHT AND LEVEL,DRY,NO DEFECTS,Y,FAILING TO YIELD RIGHT-OF-WAY,BEAT_113,2,1,0,2,42.078216,-87.470207,2,1,Tuesday,1,8,Morning_Rush,0,0
2026-01-06 09:16:00,25,CLEAR,DARKNESS,SIDESWIPE SAME DIRECTION,DIVIDED - W/MEDIAN,STRAIGHT AND LEVEL,DRY,NO DEFECTS,N,PHYSICAL CONDITION OF DRIVER,BEAT_114,2,1,0,2,42.086312,-87.461886,2,1,Tuesday,1,9,Morning_Rush,0,0
2026-01-06 12:25:00,30,CLEAR,"DARKNESS, LIGHTED ROAD",REAR END,FOUR WAY INTERSECTION,STRAIGHT AND LEVEL,DRY,NO DEFECTS,N,FAILING TO YIELD RIGHT-OF-WAY,BEAT_105,1,1,0,2,41.952394,-87.568858,2,1,Tuesday,1,12,Midday,0,0
2026-01-06 15:29:00,25,CLEAR,"DARKNESS, LIGHTED ROAD",REAR END,DIVIDED - W/MEDIAN,STRAIGHT AND LEVEL,WET,NO DEFECTS,Y,WEATHER,BEAT_119,2,1,0,2,42.162786,-87.401233,2,1,Tuesday,1,15,Midday,0,0
2026-01-06 21:18:00,45,CLEAR,DAYLIGHT,REAR END,NOT DIVIDED,STRAIGHT AND LEVEL,DRY,NO DEFECTS,Y,FAILING TO YIELD RIGHT-OF-WAY,BEAT_120,2,1,1,2,42.178326,-87.391054,2,1,Tuesday,1,21,Night,0,1
2026-01-06 23:30:00,25,CLEAR,DAYLIGHT,REAR END,DIVIDED - W/MEDIAN,STRAIGHT AND LEVEL,DRY,NO DEFECTS,N,WEATHER,BEAT_107,2,1,0,2,41.984663,-87.543709,2,1,Tuesday,1,23,Night,0,0
2026-01-13 04:02:00,45,CLEAR,DAWN,REAR END,T-INTERSECTION,STRAIGHT AND LEVEL,DRY,NO DEFECTS,N,WEATHER,BEAT_103,2,1,0,2,41.922135,-87.589788,3,1,Tuesday,1,4,Night,0,0
2026-01-13 04:09:00,55,RAIN,"DARKNESS, LIGHTED ROAD",ANGLE,NOT DIVIDED,STRAIGHT AND LEVEL,WET,NO DEFECTS,N,FOLLOWING TOO CLOSELY,BEAT_103,2,1,0,2,41.924376,-87.598159,3,1,Tuesday,1,4,Night,0,0
2026-01-13 05:12:00,30,SNOW,DAYLIGHT,SIDESWIPE SAME DIRECTION,DIVIDED - W/MEDIAN,STRAIGHT ON GRADE,WET,NO DEFECTS,N,FAILING TO YIELD RIGHT-OF-WAY,BEAT_115,2,1,0,2,42.101905,-87.445745,3,1,Tuesday,1,5,Night,0,0
2026-01-13 08:01:00,30,RAIN,DARKNESS,REAR END,ONE-WAY,STRAIGHT AND LEVEL,SNOW OR SLUSH,NO DEFECTS,Y,FOLLOWING TOO CLOSELY,BEAT_118,2,1,0,2,42.149665,-87.414452,3,1,Tuesday,1,8,Morning_Rush,0,0
2026-01-13 08:32:00,35,CLEAR,DAYLIGHT,TURNING,FOUR WAY INTERSECTION,STRAIGHT AND LEVEL,WET,NO DEFECTS,Y,DRIVING SKILLS/KNOWLEDGE/EXPERIENCE,BEAT_115,2,1,2,2,42.106763,-87.445795,3,1,Tuesday,1,8,Morning_Rush,0,1
2026-01-13 10:00:00,45,CLEAR,DAYLIGHT,REAR END,NOT DIVIDED,STRAIGHT AND LEVEL,WET,NO DEFECTS,N,FOLLOWING TOO CLOSELY,BEAT_106,2,1,0,2,41.965392,-87.564998,3,1,Tuesday,1,10,Midday,0,0
2026-01-13 10:11:00,35,CLEAR,DAYLIGHT,SIDESWIPE SAME DIRECTION,ALLEY,STRAIGHT AND LEVEL,DRY,NO DEFECTS,Y,WEATHER,BEAT_119,2,1,0,2,42.167235,-87.403815,3,1,Tuesday,1,10,Midday,0,0
2026-01-13 10:11:00,40,CLEAR,DAYLIGHT,ANGLE,DIVIDED - W/MEDIAN,STRAIGHT AND LEVEL,DRY,NO DEFECTS,Y,DRIVING SKILLS/KNOWLEDGE/EXPERIENCE,BEAT_101,2,1,0,2,41.888845,-87.613897,3,1,Tuesday,1,10,Midday,0,0
2026-01-13 11:06:00,30,CLEAR,DAYLIGHT,ANGLE,NOT DIVIDED,STRAIGHT AND LEVEL,DRY,NO DEFECTS,Y,DRIVING SKILLS/KNOWLEDGE/EXPERIENCE,BEAT_112,2,1,0,2,42.066654,-87.48513,3,1,Tuesday,1,11,Midday,0,0
2026-01-13 12:41:00,45,CLEAR,DAYLIGHT,PEDESTRIAN,NOT DIVIDED,STRAIGHT AND LEVEL,DRY,NO DEFECTS,N,DRIVING SKILLS/KNOWLEDGE/EXPERIENCE,BEAT_118,2,1,0,2,42.147658,-87.415398,3,1,Tuesday,1,12,Midday,0,0
2026-01-13 13:58:00,35,CLEAR,"DARKNESS, LIGHTED ROAD",ANGLE,T-INTERSECTION,STRAIGHT AND LEVEL,SNOW OR SLUSH,NO DEFECTS,N,WEATHER,BEAT_111,2,1,0,2,42.044641,-87.494395,3,1,Tuesday,1,13,Midday,0,0
2026-01-13 16:31:00,30,CLEAR,DAYLIGHT,ANGLE,ONE-WAY,STRAIGHT AND LEVEL,DRY,NO DEFECTS,Y,FOLLOWING TOO CLOSELY,BEAT_109,3,1,0,2,42.00547,-87.515839,3,1,Tuesday,1,16,Evening_Rush,0,0
2026-01-13 17:26:00,30,CLEAR,DAYLIGHT,TURNING,FOUR WAY INTERSECTION,STRAIGHT AND LEVEL,DRY,NO DEFECTS,N,IMPROPER OVERTAKING/PASSING,BEAT_101,2,1,0,2,41.891664,-87.619398,3,1,Tuesday,1,17,Evening_Rush,0,0
2026-01-13 21:27:00,25,CLEAR,DAYLIGHT,PEDESTRIAN,T-INTERSECTION,STRAIGHT AND LEVEL,DRY,WORN SURFACE,Y,FAILING TO YIELD RIGHT-OF-WAY,BEAT_120,2,1,0,2,42.176935,-87.389326,3,1,Tuesday,1,21,Night,0,0
2026-01-13 21:55:00,45,CLEAR,DAYLIGHT,SIDESWIPE SAME DIRECTION,ONE-WAY,STRAIGHT AND LEVEL,DRY,NO DEFECTS,N,FAILING TO YIELD RIGHT-OF-WAY,BEAT_105,2,1,0,2,41.950284,-87.568888,3,1,Tuesday,1,21,Night,0,0
2026-01-20 02:22:00,40,CLEAR,DAYLIGHT,FIXED OBJECT,T-INTERSECTION,"CURVE, LEVEL",DRY,NO DEFECTS,N,FOLLOWING TOO CLOSELY,BEAT_112,2,1,0,2,42.060823,-87.484772,4,1,Tuesday,1,2,Night,0,0
2026-01-20 03:33:00,30,RAIN,DAYLIGHT,TURNING,DIVIDED - W/MEDIAN,STRAIGHT AND LEVEL,WET,NO DEFECTS,N,WEATHER,BEAT_102,2,1,0,2,41.91136,-87.601,4,1,Tuesday,1,3,Night,0,0
2026-01-20 03:42:00,25,CLEAR,DAYLIGHT,SIDESWIPE SAME DIRECTION,DIVIDED - W/MEDIAN,STRAIGHT AND LEVEL,DRY,NO DEFECTS,N,DRIVING SKILLS/KNOWLEDGE/EXPERIENCE,BEAT_108,2,1,0,2,41.996354,-87.533052,4,1,Tuesday,1,3,Night,0,0
2026-01-20 08:22:00,30,CLEAR,DUSK,ANGLE,FOUR WAY INTERSECTION,STRAIGHT AND LEVEL,DRY,NO DEFECTS,Y,DRIVING SKILLS/KNOWLEDGE/EXPERIENCE,BEAT_104,2,1,0,2,41.93363,-87.581575,4,1,Tuesday,1,8,Morning_Rush,0,0
2026-01-20 09:11:00,30,CLEAR,DAYLIGHT,PEDESTRIAN,NOT DIVIDED,"CURVE, LEVEL",DRY,NO DEFECTS,N,DRIVING SKILLS/KNOWLEDGE/EXPERIENCE,BEAT_101,1,1,0,2,41.8916,-87.616204,4,1,Tuesday,1,9,Morning_Rush,0,0
2026-01-20 11:39:00,30,CLEAR,DUSK,SIDESWIPE SAME DIRECTION,FOUR WAY INTERSECTION,STRAIGHT AND LEVEL,DRY,NO DEFECTS,N,DRIVING SKILLS/KNOWLEDGE/EXPERIENCE,BEAT_101,2,1,0,2,41.892439,-87.609079,4,1,Tuesday,1,11,Midday,0,0
2026-01-20 14:06:00,35,CLEAR,DAYLIGHT,REAR END,ONE-WAY,STRAIGHT AND LEVEL,DRY,NO DEFECTS,Y,FOLLOWING TOO CLOSELY,BEAT_101,2,1,0,2,41.892341,-87.619916,4,1,Tuesday,1,14,Midday,0,0
2026-01-20 17:42:00,30,CLEAR,DUSK,TURNING,DIVIDED - W/MEDIAN,STRAIGHT AND LEVEL,SNOW OR SLUSH,NO DEFECTS,Y,DISREGARDING TRAFFIC SIGNALS,BEAT_110,4,1,0,2,42.025147,-87.511154,4,1,Tuesday,1,17,Evening_Rush,0,0
2026-01-20 18:12:00,25,CLEAR,DAYLIGHT,FIXED OBJECT,NOT DIVIDED,STRAIGHT AND LEVEL,WET,"RUT, HOLES",Y,WEATHER,BEAT_119,2,1,0,2,42.163452,-87.402668,4,1,Tuesday,1,18,Evening_Rush,0,0
2026-01-20 21:13:00,30,CLEAR,"DARKNESS, LIGHTED ROAD",ANGLE,DIVIDED - W/MEDIAN,STRAIGHT AND LEVEL,DRY,NO DEFECTS,Y,FOLLOWING TOO CLOSELY,BEAT_105,2,1,0,2,41.949458,-87.569568,4,1,Tuesday,1,21,Night,0,0
2026-01-27 04:39:00,25,CLEAR,DAYLIGHT,REAR END,DIVIDED - W/MEDIAN,"CURVE, LEVEL",DRY,NO DEFECTS,N,FAILING TO YIELD RIGHT-OF-WAY,BEAT_107,2,1,0,2,41.981988,-87.541312,5,1,Tuesday,1,4,Night,0,0
2026-01-27 06:19:00,30,CLEAR,DARKNESS,SIDESWIPE SAME DIRECTION,ONE-WAY,STRAIGHT AND LEVEL,ICE,NO DEFECTS,Y,FOLLOWING TOO CLOSELY,BEAT_108,2,1,0,2,42.003075,-87.53732,5,1,Tuesday,1,6,Morning_Rush,0,0
2026-01-27 07:05:00,30,CLEAR,DAYLIGHT,REAR END,ONE-WAY,STRAIGHT AND LEVEL,DRY,NO DEFECTS,Y,FOLLOWING TOO CLOSELY,BEAT_111,2,1,0,2,42.044053,-87.49523,5,1,Tuesday,1,7,Morning_Rush,0,0
2026-01-27 12:03:00,20,RAIN,DUSK,SIDESWIPE SAME DIRECTION,ONE-WAY,STRAIGHT AND LEVEL,WET,"RUT, HOLES",Y,IMPROPER OVERTAKING/PASSING,BEAT_112,2,1,0,2,42.058329,-87.48577,5,1,Tuesday,1,12,Midday,0,0
2026-01-27 13:28:00,35,CLEAR,DAYLIGHT,SIDESWIPE SAME DIRECTION,NOT DIVIDED,STRAIGHT AND LEVEL,WET,NO DEFECTS,Y,FAILING TO YIELD RIGHT-OF-WAY,BEAT_101,1,1,0,2,41.892547,-87.615816,5,1,Tuesday,1,13,Midday,0,0
2026-01-27 16:10:00,25,CLEAR,"DARKNESS, LIGHTED ROAD",TURNING,DIVIDED - W/MEDIAN,STRAIGHT AND LEVEL,DRY,"RUT, HOLES",Y,FOLLOWING TOO CLOSELY,BEAT_117,2,1,0,2,42.134895,-87.428727,5,1,Tuesday,1,16,Evening_Rush,0,0
2026-01-27 16:38:00,25,CLEAR,DAYLIGHT,TURNING,NOT DIVIDED,STRAIGHT AND LEVEL,WET,NO DEFECTS,Y,FOLLOWING TOO CLOSELY,BEAT_109,3,1,0,2,42.008477,-87.519213,5,1,Tuesday,1,16,Evening_Rush,0,0
2026-01-27 20:07:00,30,CLEAR,DAYLIGHT,SIDESWIPE SAME DIRECTION,DIVIDED - W/MEDIAN,STRAIGHT AND LEVEL,DRY,NO DEFECTS,N,FOLLOWING TOO CLOSELY,BEAT_106,1,1,0,2,41.973169,-87.555188,5,1,Tuesday,1,20,Night,0,0
2026-01-27 20:51:00,30,CLEAR,DAYLIGHT,REAR END,NOT DIVIDED,STRAIGHT AND LEVEL,WET,WORN SURFACE,Y,FOLLOWING TOO CLOSELY,BEAT_113,1,1,0,2,42.073988,-87.470466,5,1,Tuesday,1,20,Night,0,0
2026-02-03 07:38:00,30,CLEAR,"DARKNESS, LIGHTED ROAD",SIDESWIPE SAME DIRECTION,T-INTERSECTION,STRAIGHT AND LEVEL,WET,NO DEFECTS,N,WEATHER,BEAT_102,2,2,0,2,41.911926,-87.606075,6,1,Tuesday,2,7,Morning_Rush,0,0
2026-02-03 08:37:00,25,RAIN,DAYLIGHT,SIDESWIPE SAME DIRECTION,ONE-WAY,STRAIGHT AND LEVEL,WET,NO DEFECTS,N,DRIVING SKILLS/KNOWLEDGE/EXPERIENCE,BEAT_119,2,2,0,2,42.164921,-87.401448,6,1,Tuesday,2,8,Morning_Rush,0,0
2026-02-03 18:53:00,45,CLEAR,"DARKNESS, LIGHTED ROAD",SIDESWIPE SAME DIRECTION,FOUR WAY INTERSECTION,STRAIGHT AND LEVEL,WET,NO DEFECTS,Y,FOLLOWING TOO CLOSELY,BEAT_110,2,2,0,2,42.028143,-87.507067,6,1,Tuesday,2,18,Evening_Rush,0,0
2026-02-03 19:53:00,20,CLEAR,"DARKNESS, LIGHTED ROAD",TURNING,NOT DIVIDED,STRAIGHT AND LEVEL,DRY,NO DEFECTS,Y,FOLLOWING TOO CLOSELY,BEAT_111,2,2,0,2,42.036994,-87.497303,6,1,Tuesday,2,19,Evening_Rush,0,0
2026-02-03 21:06:00,20,CLEAR,DAYLIGHT,TURNING,T-INTERSECTION,STRAIGHT AND LEVEL,ICE,NO DEFECTS,N,DRIVING SKILLS/KNOWLEDGE/EXPERIENCE,BEAT_101,2,2,0,2,41.896034,-87.619619,6,1,Tuesday,2,21,Night,0,0
2026-02-10 01:07:00,40,CLEAR,DAYLIGHT,TURNING,DIVIDED - W/MEDIAN,STRAIGHT AND LEVEL,DRY,NO DEFECTS,Y,PHYSICAL CONDITION OF DRIVER,BEAT_120,1,2,1,2,42.183154,-87.393969,7,1,Tuesday,2,1,Night,0,1
2026-02-10 03:38:00,25,CLEAR,DARKNESS,TURNING,DIVIDED - W/MEDIAN,STRAIGHT AND LEVEL,WET,NO DEFECTS,N,FAILING TO YIELD RIGHT-OF-WAY,BEAT_111,2,2,0,2,42.04376,-87.497542,7,1,Tuesday,2,3,Night,0,0
2026-02-10 04:03:00,25,SNOW,"DARKNESS, LIGHTED ROAD",TURNING,FOUR WAY INTERSECTION,STRAIGHT AND LEVEL,WET,NO DEFECTS,Y,FAILING TO YIELD RIGHT-OF-WAY,BEAT_112,2,2,0,2,42.058927,-87.484102,7,1,Tuesday,2,4,Night,0,0
2026-02-10 12:07:00,35,CLEAR,DAWN,SIDESWIPE SAME DIRECTION,NOT DIVIDED,STRAIGHT AND LEVEL,DRY,NO DEFECTS,Y,IMPROPER OVERTAKING/PASSING,BEAT_105,2,2,0,2,41.953543,-87.572675,7,1,Tuesday,2,12,Midday,0,0
2026-02-10 12:33:00,25,SNOW,"DARKNESS, LIGHTED ROAD",REAR END,NOT DIVIDED,"CURVE, LEVEL",WET,NO DEFECTS,Y,FOLLOWING TOO CLOSELY,BEAT_119,1,2,0,2,42.16347,-87.401669,7,1,Tuesday,2,12,Midday,0,0
2026-02-10 14:58:00,40,CLEAR,DAYLIGHT,REAR END,DIVIDED - W/MEDIAN,STRAIGHT AND LEVEL,DRY,NO DEFECTS,Y,FAILING TO YIELD RIGHT-OF-WAY,BEAT_111,2,2,0,2,42.044128,-87.499635,7,1,Tuesday,2,14,Midday,0,0
2026-02-17 00:56:00,30,CLEAR,DAYLIGHT,SIDESWIPE SAME DIRECTION,T-INTERSECTION,STRAIGHT AND LEVEL,DRY,NO DEFECTS,Y,DRIVING SKILLS/KNOWLEDGE/EXPERIENCE,BEAT_107,2,2,0,2,41.978684,-87.547614,8,1,Tuesday,2,0,Night,0,0
2026-02-17 08:07:00,40,CLEAR,DAYLIGHT,PEDESTRIAN,DIVIDED - W/MEDIAN,STRAIGHT ON GRADE,DRY,NO DEFECTS,N,FAILING TO YIELD RIGHT-OF-WAY,BEAT_120,2,2,0,2,42.17503,-87.392183,8,1,Tuesday,2,8,Morning_Rush,0,0
2026-02-17 09:36:00,30,CLEAR,DAYLIGHT,ANGLE,T-INTERSECTION,STRAIGHT AND LEVEL,DRY,"RUT, HOLES",N,IMPROPER OVERTAKING/PASSING,BEAT_116,2,2,1,2,42.113812,-87.435009,8,1,Tuesday,2,9,Morning_Rush,0,1
2026-02-17 10:02:00,25,RAIN,DAYLIGHT,SIDESWIPE SAME DIRECTION,ONE-WAY,STRAIGHT AND LEVEL,WET,NO DEFECTS,N,FAILING TO YIELD RIGHT-OF-WAY,BEAT_110,2,2,0,2,42.02845,-87.511086,8,1,Tuesday,2,10,Midday,0,0
2026-02-17 10:07:00,35,CLEAR,DARKNESS,ANGLE,NOT DIVIDED,STRAIGHT AND LEVEL,DRY,NO DEFECTS,N,DRIVING SKILLS/KNOWLEDGE/EXPERIENCE,BEAT_109,2,2,0,2,42.014835,-87.523769,8,1,Tuesday,2,10,Midday,0,0
2026-02-17 10:28:00,25,CLEAR,"DARKNESS, LIGHTED ROAD",PARKED MOTOR VEHICLE,DIVIDED - W/MEDIAN,STRAIGHT AND LEVEL,DRY,NO DEFECTS,Y,FOLLOWING TOO CLOSELY,BEAT_113,2,2,0,2,42.071619,-87.473744,8,1,Tuesday,2,10,Midday,0,0
2026-02-17 18:15:00,25,CLEAR,DAYLIGHT,ANGLE,DIVIDED - W/MEDIAN,STRAIGHT AND LEVEL,DRY,NO DEFECTS,Y,DRIVING SKILLS/KNOWLEDGE/EXPERIENCE,BEAT_111,2,2,2,2,42.036036,-87.498418,8,1,Tuesday,2,18,Evening_Rush,0,1
2026-02-24 02:40:00,25,CLEAR,DAYLIGHT,REAR END,ALLEY,STRAIGHT AND LEVEL,DRY,NO DEFECTS,Y,WEATHER,BEAT_110,2,2,0,2,42.025934,-87.511265,9,1,Tuesday,2,2,Night,0,0
2026-02-24 03:50:00,25,RAIN,DAYLIGHT,REAR END,ONE-WAY,STRAIGHT AND LEVEL,WET,NO DEFECTS,Y,FAILING TO YIELD RIGHT-OF-WAY,BEAT_119,2,2,1,2,42.162886,-87.398838,9,1,Tuesday,2,3,Night,0,1
2026-02-24 06:56:00,30,FOG/SMOKE/HAZE,DUSK,REAR END,DIVIDED - W/MEDIAN,STRAIGHT AND LEVEL,WET,"RUT, HOLES",Y,IMPROPER OVERTAKING/PASSING,BEAT_117,2,2,0,2,42.132145,-87.425415,9,1,Tuesday,2,6,Morning_Rush,0,0
2026-02-24 10:12:00,25,CLEAR,DAYLIGHT,REAR END,DIVIDED - W/MEDIAN,STRAIGHT AND LEVEL,DRY,NO DEFECTS,N,FOLLOWING TOO CLOSELY,BEAT_101,2,2,0,2,41.894193,-87.618795,9,1,Tuesday,2,10,Midday,0,0
2026-02-24 11:51:00,25,RAIN,DAYLIGHT,REAR END,NOT DIVIDED,STRAIGHT AND LEVEL,WET,NO DEFECTS,Y,FAILING TO YIELD RIGHT-OF-WAY,BEAT_106,2,2,0,2,41.967163,-87.557307,9,1,Tuesday,2,11,Midday,0,0
2026-02-24 12:03:00,30,CLEAR,DAWN,PARKED MOTOR VEHICLE,ONE-WAY,STRAIGHT ON GRADE,DRY,"RUT, HOLES",Y,FAILING TO YIELD RIGHT-OF-WAY,BEAT_118,2,2,0,2,42.147669,-87.422959,9,1,Tuesday,2,12,Midday,0,0
2026-02-24 15:02:00,30,FOG/SMOKE/HAZE,DUSK,SIDESWIPE SAME DIRECTION,NOT DIVIDED,STRAIGHT AND LEVEL,WET,NO DEFECTS,Y,FAILING TO YIELD RIGHT-OF-WAY,BEAT_119,2,2,0,2,42.165284,-87.398347,9,1,Tuesday,2,15,Midday,0,0
2026-02-24 15:58:00,35,CLEAR,"DARKNESS, LIGHTED ROAD",REAR END,NOT DIVIDED,STRAIGHT AND LEVEL,DRY,NO DEFECTS,N,FAILING TO YIELD RIGHT-OF-WAY,BEAT_119,2,2,0,2,42.166096,-87.398251,9,1,Tuesday,2,15,Midday,0,0
2026-02-24 20:15:00,30,CLEAR,DAYLIGHT,TURNING,NOT DIVIDED,STRAIGHT AND LEVEL,WET,NO DEFECTS,N,DISREGARDING TRAFFIC SIGNALS,BEAT_117,2,2,0,2,42.131199,-87.431519,9,1,Tuesday,2,20,Night,0,0
2026-03-03 02:16:00,25,CLEAR,DAYLIGHT,REAR END,ONE-WAY,STRAIGHT AND LEVEL,DRY,"RUT, HOLES",N,FAILING TO YIELD RIGHT-OF-WAY,BEAT_114,1,3,0,2,42.086391,-87.461429,10,1,Tuesday,3,2,Night,0,0
2026-03-03 02:45:00,55,CLEAR,DARKNESS,ANGLE,NOT DIVIDED,STRAIGHT AND LEVEL,DRY,NO DEFECTS,N,IMPROPER OVERTAKING/PASSING,BEAT_106,2,3,0,2,41.974658,-87.559511,10,1,Tuesday,3,2,Night,0,0
2026-03-03 03:41:00,25,CLEAR,DAYLIGHT,REAR END,NOT DIVIDED,"CURVE, LEVEL",DRY,NO DEFECTS,Y,FAILING TO YIELD RIGHT-OF-WAY,BEAT_105,2,3,0,2,41.948686,-87.567183,10,1,Tuesday,3,3,Night,0,0
2026-03-03 06:12:00,25,CLEAR,DAYLIGHT,ANGLE,NOT DIVIDED,STRAIGHT AND LEVEL,DRY,SHOULDER DEFECT,N,FOLLOWING TOO CLOSELY,BEAT_117,1,3,0,2,42.12687,-87.423701,10,1,Tuesday,3,6,Morning_Rush,0,0
2026-03-03 06:16:00,25,SNOW,DAYLIGHT,TURNING,ALLEY,STRAIGHT AND LEVEL,WET,NO DEFECTS,N,FOLLOWING TOO CLOSELY,BEAT_109,2,3,0,2,42.012998,-87.517504,10,1,Tuesday,3,6,Morning_Rush,0,0
2026-03-03 07:31:00,30,FOG/SMOKE/HAZE,DAYLIGHT,SIDESWIPE SAME DIRECTION,ONE-WAY,STRAIGHT AND LEVEL,WET,NO DEFECTS,Y,FAILING TO YIELD RIGHT-OF-WAY,BEAT_118,2,3,0,2,42.150292,-87.411111,10,1,Tuesday,3,7,Morning_Rush,0,0
2026-03-03 09:11:00,30,CLEAR,"DARKNESS, LIGHTED ROAD",ANGLE,DIVIDED - W/MEDIAN,STRAIGHT AND LEVEL,WET,"RUT, HOLES",N,DRIVING SKILLS/KNOWLEDGE/EXPERIENCE,BEAT_110,2,3,0,2,42.033022,-87.511767,10,1,Tuesday,3,9,Morning_Rush,0,0
2026-03-03 09:39:00,35,CLEAR,"DARKNESS, LIGHTED ROAD",REAR END,NOT DIVIDED,STRAIGHT AND LEVEL,DRY,NO DEFECTS,N,FAILING TO YIELD RIGHT-OF-WAY,BEAT_105,2,3,0,2,41.953127,-87.574299,10,1,Tuesday,3,9,Morning_Rush,0,0
2026-03-03 10:37:00,35,CLEAR,DAYLIGHT,SIDESWIPE SAME DIRECTION,DIVIDED - W/MEDIAN,STRAIGHT AND LEVEL,DRY,"RUT, HOLES",Y,FAILING TO YIELD RIGHT-OF-WAY,BEAT_104,2,3,0,2,41.939454,-87.585846,10,1,Tuesday,3,10,Midday,0,0
2026-03-03 19:47:00,25,CLEAR,DARKNESS,TURNING,DIVIDED - W/MEDIAN,STRAIGHT AND LEVEL,SNOW OR SLUSH,WORN SURFACE,N,FOLLOWING TOO CLOSELY,BEAT_113,2,3,0,2,42.072382,-87.471238,10,1,Tuesday,3,19,Evening_Rush,0,0
2026-03-10 02:49:00,25,RAIN,DAYLIGHT,ANGLE,NOT DIVIDED,STRAIGHT ON GRADE,WET,NO DEFECTS,N,FAILING TO YIELD RIGHT-OF-WAY,BEAT_115,2,3,2,2,42.100809,-87.453354,11,1,Tuesday,3,2,Night,0,1
2026-03-10 04:16:00,45,RAIN,"DARKNESS, LIGHTED ROAD",FIXED OBJECT,NOT DIVIDED,STRAIGHT AND LEVEL,WET,NO DEFECTS,N,FOLLOWING TOO CLOSELY,BEAT_109,2,3,1,2,42.012831,-87.521702,11,1,Tuesday,3,4,Night,0,1
2026-03-10 05:01:00,30,CLEAR,DAYLIGHT,REAR END,DIVIDED - W/MEDIAN,STRAIGHT AND LEVEL,WET,NO DEFECTS,Y,IMPROPER OVERTAKING/PASSING,BEAT_108,2,3,0,2,41.996932,-87.533492,11,1,Tuesday,3,5,Night,0,0
2026-03-10 10:47:00,30,RAIN,"DARKNESS, LIGHTED ROAD",PARKED MOTOR VEHICLE,ONE-WAY,STRAIGHT AND LEVEL,ICE,"RUT, HOLES",N,IMPROPER OVERTAKING/PASSING,BEAT_102,2,3,0,2,41.907898,-87.607947,11,1,Tuesday,3,10,Midday,0,0
2026-03-10 10:56:00,25,CLEAR,DAYLIGHT,PEDESTRIAN,DIVIDED - W/MEDIAN,STRAIGHT AND LEVEL,DRY,"RUT, HOLES",Y,WEATHER,BEAT_117,2,3,0,2,42.136306,-87.423701,11,1,Tuesday,3,10,Midday,0,0
2026-03-10 12:08:00,25,CLEAR,DAYLIGHT,TURNING,FOUR WAY INTERSECTION,STRAIGHT AND LEVEL,DRY,NO DEFECTS,N,FOLLOWING TOO CLOSELY,BEAT_110,4,3,0,2,42.02658,-87.512348,11,1,Tuesday,3,12,Midday,0,0
2026-03-10 15:05:00,35,RAIN,DAYLIGHT,SIDESWIPE SAME DIRECTION,ONE-WAY,STRAIGHT AND LEVEL,WET,NO DEFECTS,N,FOLLOWING TOO CLOSELY,BEAT_114,2,3,0,2,42.08533,-87.461572,11,1,Tuesday,3,15,Midday,0,0
2026-03-10 17:31:00,30,CLEAR,"DARKNESS, LIGHTED ROAD",SIDESWIPE SAME DIRECTION,ONE-WAY,STRAIGHT AND LEVEL,DRY,NO DEFECTS,N,FAILING TO YIELD RIGHT-OF-WAY,BEAT_115,2,3,0,2,42.104352,-87.449557,11,1,Tuesday,3,17,Evening_Rush,0,0
2026-03-10 20:15:00,40,CLEAR,DAYLIGHT,TURNING,NOT DIVIDED,STRAIGHT AND LEVEL,DRY,NO DEFECTS,N,FOLLOWING TOO CLOSELY,BEAT_107,2,3,0,2,41.979133,-87.545278,11,1,Tuesday,3,20,Night,0,0
2026-03-17 00:52:00,25,CLEAR,DAYLIGHT,PARKED MOTOR VEHICLE,FOUR WAY INTERSECTION,STRAIGHT AND LEVEL,WET,"RUT, HOLES",N,FOLLOWING TOO CLOSELY,BEAT_117,2,3,0,2,42.133746,-87.42798,12,1,Tuesday,3,0,Night,0,0
2026-03-17 02:23:00,25,CLEAR,"DARKNESS, LIGHTED ROAD",SIDESWIPE SAME DIRECTION,NOT DIVIDED,STRAIGHT AND LEVEL,DRY,NO DEFECTS,N,PHYSICAL CONDITION OF DRIVER,BEAT_108,2,3,0,2,42.000565,-87.539358,12,1,Tuesday,3,2,Night,0,0
2026-03-17 04:29:00,30,RAIN,DAYLIGHT,TURNING,ONE-WAY,STRAIGHT AND LEVEL,WET,NO DEFECTS,N,FAILING TO YIELD RIGHT-OF-WAY,BEAT_103,3,3,0,2,41.925489,-87.5921,12,1,Tuesday,3,4,Night,0,0
2026-03-17 07:42:00,25,RAIN,DARKNESS,REAR END,NOT DIVIDED,STRAIGHT AND LEVEL,WET,NO DEFECTS,N,IMPROPER OVERTAKING/PASSING,BEAT_111,2,3,0,2,42.041254,-87.499169,12,1,Tuesday,3,7,Morning_Rush,0,0
2026-03-17 09:51:00,40,CLEAR,"DARKNESS, LIGHTED ROAD",REAR END,DIVIDED - W/MEDIAN,STRAIGHT AND LEVEL,DRY,"RUT, HOLES",Y,DISREGARDING TRAFFIC SIGNALS,BEAT_111,2,3,2,2,42.041098,-87.501168,12,1,Tuesday,3,9,Morning_Rush,0,1
2026-03-17 10:12:00,20,SNOW,DAYLIGHT,REAR END,NOT DIVIDED,STRAIGHT AND LEVEL,WET,NO DEFECTS,N,DRIVING SKILLS/KNOWLEDGE/EXPERIENCE,BEAT_108,4,3,0,2,41.997557,-87.538792,12,1,Tuesday,3,10,Midday,0,0
2026-03-17 11:48:00,30,RAIN,DAYLIGHT,SIDESWIPE SAME DIRECTION,T-INTERSECTION,STRAIGHT AND LEVEL,SNOW OR SLUSH,NO DEFECTS,Y,FOLLOWING TOO CLOSELY,BEAT_118,2,3,0,2,42.147739,-87.414729,12,1,Tuesday,3,11,Midday,0,0
2026-03-17 12:54:00,25,CLEAR,DAYLIGHT,SIDESWIPE SAME DIRECTION,ONE-WAY,STRAIGHT AND LEVEL,DRY,NO DEFECTS,Y,FOLLOWING TOO CLOSELY,BEAT_113,2,3,0,2,42.071368,-87.469747,12,1,Tuesday,3,12,Midday,0,0
2026-03-17 15:53:00,25,CLEAR,DAYLIGHT,TURNING,DIVIDED - W/MEDIAN,STRAIGHT AND LEVEL,DRY,NO DEFECTS,N,DRIVING SKILLS/KNOWLEDGE/EXPERIENCE,BEAT_106,2,3,0,2,41.962919,-87.563402,12,1,Tuesday,3,15,Midday,0,0
2026-03-17 17:40:00,25,CLEAR,DAYLIGHT,PEDESTRIAN,ONE-WAY,STRAIGHT AND LEVEL,DRY,NO DEFECTS,N,DISREGARDING TRAFFIC SIGNALS,BEAT_117,2,3,0,2,42.128489,-87.42298,12,1,Tuesday,3,17,Evening_Rush,0,0
2026-03-17 20:14:00,30,CLEAR,DAYLIGHT,REAR END,NOT DIVIDED,STRAIGHT AND LEVEL,DRY,NO DEFECTS,N,IMPROPER OVERTAKING/PASSING,BEAT_103,2,3,0,2,41.924501,-87.590656,12,1,Tuesday,3,20,Night,0,0
2026-03-17 20:15:00,50,CLEAR,DARKNESS,SIDESWIPE SAME DIRECTION,NOT DIVIDED,STRAIGHT AND LEVEL,DRY,NO DEFECTS,Y,FOLLOWING TOO CLOSELY,BEAT_106,2,3,2,2,41.969999,-87.558559,12,1,Tuesday,3,20,Night,0,1
2026-03-17 22:46:00,35,RAIN,DAYLIGHT,PEDESTRIAN,NOT DIVIDED,STRAIGHT AND LEVEL,WET,NO DEFECTS,N,DRIVING SKILLS/KNOWLEDGE/EXPERIENCE,BEAT_108,2,3,0,2,41.998188,-87.537887,12,1,Tuesday,3,22,Night,0,0
2026-03-24 00:00:00,30,CLEAR,"DARKNESS, LIGHTED ROAD",REAR END,DIVIDED - W/MEDIAN,STRAIGHT AND LEVEL,WET,NO DEFECTS,N,DISREGARDING TRAFFIC SIGNALS,BEAT_113,2,3,0,2,42.073543,-87.474472,13,1,Tuesday,3,0,Night,0,0
2026-03-24 01:25:00,25,CLEAR,DAYLIGHT,TURNING,DIVIDED - W/MEDIAN,STRAIGHT AND LEVEL,"SAND, MUD, DIRT",NO DEFECTS,Y,WEATHER,BEAT_102,3,3,0,2,41.908978,-87.611441,13,1,Tuesday,3,1,Night,0,0
2026-03-24 01:27:00,25,CLEAR,DARKNESS,ANGLE,NOT DIVIDED,STRAIGHT AND LEVEL,DRY,NO DEFECTS,N,FOLLOWING TOO CLOSELY,BEAT_108,1,3,0,2,41.994963,-87.531457,13,1,Tuesday,3,1,Night,0,0
2026-03-24 04:28:00,55,CLEAR,DAYLIGHT,SIDESWIPE SAME DIRECTION,NOT DIVIDED,STRAIGHT AND LEVEL,DRY,NO DEFECTS,N,WEATHER,BEAT_107,4,3,0,2,41.981937,-87.549674,13,1,Tuesday,3,4,Night,0,0
2026-03-24 10:52:00,20,CLEAR,DARKNESS,TURNING,NOT DIVIDED,STRAIGHT AND LEVEL,WET,"RUT, HOLES",N,DISREGARDING TRAFFIC SIGNALS,BEAT_115,1,3,1,2,42.102776,-87.450139,13,1,Tuesday,3,10,Midday,0,1
2026-03-24 15:59:00,25,CLEAR,DAYLIGHT,REAR END,DIVIDED - W/MEDIAN,STRAIGHT AND LEVEL,DRY,NO DEFECTS,Y,FAILING TO YIELD RIGHT-OF-WAY,BEAT_111,2,3,0,2,42.037584,-87.501863,13,1,Tuesday,3,15,Midday,0,0
2026-03-24 22:40:00,30,CLEAR,DAYLIGHT,REAR END,ONE-WAY,STRAIGHT AND LEVEL,SNOW OR SLUSH,DEBRIS ON ROAD,N,FAILING TO YIELD RIGHT-OF-WAY,BEAT_117,2,3,0,2,42.133681,-87.426183,13,1,Tuesday,3,22,Night,0,0
2026-03-24 22:57:00,35,CLEAR,"DARKNESS, LIGHTED ROAD",REAR END,NOT DIVIDED,STRAIGHT AND LEVEL,DRY,NO DEFECTS,N,FAILING TO YIELD RIGHT-OF-WAY,BEAT_111,2,3,0,2,42.04534,-87.501231,13,1,Tuesday,3,22,Night,0,0
2026-03-24 23:04:00,25,CLEAR,DAYLIGHT,REAR END,T-INTERSECTION,STRAIGHT AND LEVEL,DRY,NO DEFECTS,Y,FOLLOWING TOO CLOSELY,BEAT_108,2,3,0,2,41.992833,-87.536822,13,1,Tuesday,3,23,Night,0,0
2026-03-31 07:22:00,20,SNOW,DAYLIGHT,REAR END,NOT DIVIDED,STRAIGHT AND LEVEL,WET,NO DEFECTS,Y,FOLLOWING TOO CLOSELY,BEAT_116,2,3,1,2,42.115727,-87.440646,14,1,Tuesday,3,7,Morning_Rush,0,1
2026-03-31 07:38:00,20,CLEAR,"DARKNESS, LIGHTED ROAD",FIXED OBJECT,DIVIDED - W/MEDIAN,STRAIGHT AND LEVEL,SNOW OR SLUSH,NO DEFECTS,N,FOLLOWING TOO CLOSELY,BEAT_105,2,3,1,2,41.956019,-87.56981,14,1,Tuesday,3,7,Morning_Rush,0,1
2026-03-31 13:57:00,30,RAIN,DAYLIGHT,FIXED OBJECT,DIVIDED - W/MEDIAN,STRAIGHT AND LEVEL,WET,NO DEFECTS,N,FOLLOWING TOO CLOSELY,BEAT_120,2,3,0,2,42.180527,-87.38773,14,1,Tuesday,3,13,Midday,0,0
2026-03-31 15:11:00,30,CLEAR,DAYLIGHT,REAR END,ALLEY,STRAIGHT AND LEVEL,DRY,"RUT, HOLES",Y,DRIVING SKILLS/KNOWLEDGE/EXPERIENCE,BEAT_107,1,3,0,2,41.984365,-87.545985,14,1,Tuesday,3,15,Midday,0,0
2026-03-31 17:34:00,25,CLEAR,DAYLIGHT,TURNING,NOT DIVIDED,STRAIGHT AND LEVEL,DRY,NO DEFECTS,N,WEATHER,BEAT_110,2,3,0,2,42.026212,-87.515829,14,1,Tuesday,3,17,Evening_Rush,0,0
2026-03-31 18:02:00,30,CLEAR,DAYLIGHT,FIXED OBJECT,NOT DIVIDED,STRAIGHT AND LEVEL,DRY,WORN SURFACE,N,DRIVING SKILLS/KNOWLEDGE/EXPERIENCE,BEAT_110,2,3,0,2,42.027181,-87.513591,14,1,Tuesday,3,18,Evening_Rush,0,0
2026-03-31 19:34:00,35,CLEAR,DAYLIGHT,REAR END,ONE-WAY,CURVE ON GRADE,DRY,WORN SURFACE,N,FAILING TO YIELD RIGHT-OF-WAY,BEAT_116,2,3,0,2,42.1155,-87.440104,14,1,Tuesday,3,19,Evening_Rush,0,0
2026-03-31 20:04:00,30,RAIN,"DARKNESS, LIGHTED ROAD",SIDESWIPE SAME DIRECTION,FOUR WAY INTERSECTION,STRAIGHT AND LEVEL,ICE,NO DEFECTS,Y,FAILING TO YIELD RIGHT-OF-WAY,BEAT_116,3,3,0,2,42.117953,-87.440469,14,1,Tuesday,3,20,Night,0,0
2026-03-31 21:58:00,35,RAIN,DAYLIGHT,REAR END,DIVIDED - W/MEDIAN,STRAIGHT AND LEVEL,SNOW OR SLUSH,NO DEFECTS,N,DISREGARDING TRAFFIC SIGNALS,BEAT_115,2,3,0,2,42.10054,-87.445195,14,1,Tuesday,3,21,Night,0,0
2026-03-31 23:48:00,35,RAIN,DAYLIGHT,ANGLE,NOT DIVIDED,STRAIGHT AND LEVEL,WET,NO DEFECTS,N,FAILING TO YIELD RIGHT-OF-WAY,BEAT_103,2,3,0,2,41.916941,-87.597343,14,1,Tuesday,3,23,Night,0,0
2026-04-07 01:06:00,30,CLEAR,"DARKNESS, LIGHTED ROAD",SIDESWIPE SAME DIRECTION,FOUR WAY INTERSECTION,STRAIGHT AND LEVEL,DRY,NO DEFECTS,Y,FOLLOWING TOO CLOSELY,BEAT_114,2,4,0,2,42.093092,-87.462534,15,1,Tuesday,4,1,Night,0,0
2026-04-07 02:18:00,40,CLEAR,DAYLIGHT,FIXED OBJECT,DIVIDED - W/MEDIAN,STRAIGHT AND LEVEL,DRY,"RUT, HOLES",N,FAILING TO YIELD RIGHT-OF-WAY,BEAT_109,2,4,0,2,42.017335,-87.524257,15,1,Tuesday,4,2,Night,0,0
2026-04-07 03:34:00,25,RAIN,"DARKNESS, LIGHTED ROAD",TURNING,DIVIDED - W/MEDIAN,STRAIGHT AND LEVEL,WET,NO DEFECTS,Y,PHYSICAL CONDITION OF DRIVER,BEAT_120,2,4,0,2,42.178627,-87.389909,15,1,Tuesday,4,3,Night,0,0
2026-04-07 03:40:00,30,SEVERE RAIN,DAYLIGHT,SIDESWIPE SAME DIRECTION,FOUR WAY INTERSECTION,STRAIGHT AND LEVEL,WET,NO DEFECTS,N,FAILING TO YIELD RIGHT-OF-WAY,BEAT_113,2,4,0,2,42.07608,-87.470321,15,1,Tuesday,4,3,Night,0,0
2026-04-07 05:07:00,35,CLEAR,DAYLIGHT,PARKED MOTOR VEHICLE,DIVIDED - W/MEDIAN,STRAIGHT ON GRADE,WET,NO DEFECTS,N,DRIVING SKILLS/KNOWLEDGE/EXPERIENCE,BEAT_104,2,4,0,2,41.936493,-87.585146,15,1,Tuesday,4,5,Night,0,0
2026-04-07 06:32:00,30,CLEAR,DAYLIGHT,REAR END,DIVIDED - W/MEDIAN,STRAIGHT AND LEVEL,DRY,NO DEFECTS,Y,FOLLOWING TOO CLOSELY,BEAT_115,2,4,0,2,42.104295,-87.455993,15,1,Tuesday,4,6,Morning_Rush,0,0
2026-04-07 08:24:00,35,CLEAR,"DARKNESS, LIGHTED ROAD",ANGLE,DIVIDED - W/MEDIAN,"CURVE, LEVEL",WET,NO DEFECTS,Y,FOLLOWING TOO CLOSELY,BEAT_120,1,4,0,2,42.176565,-87.388032,15,1,Tuesday,4,8,Morning_Rush,0,0
2026-04-07 09:06:00,30,RAIN,DAYLIGHT,REAR END,ALLEY,STRAIGHT AND LEVEL,WET,NO DEFECTS,N,IMPROPER OVERTAKING/PASSING,BEAT_118,2,4,0,2,42.145944,-87.415546,15,1,Tuesday,4,9,Morning_Rush,0,0
2026-04-07 09:17:00,40,SEVERE RAIN,"DARKNESS, LIGHTED ROAD",ANGLE,NOT DIVIDED,STRAIGHT AND LEVEL,WET,NO DEFECTS,Y,WEATHER,BEAT_117,2,4,0,2,42.135214,-87.428878,15,1,Tuesday,4,9,Morning_Rush,0,0
2026-04-07 09:18:00,25,CLEAR,DAYLIGHT,REAR END,DIVIDED - W/MEDIAN,STRAIGHT AND LEVEL,DRY,NO DEFECTS,N,FOLLOWING TOO CLOSELY,BEAT_116,2,4,0,2,42.119153,-87.433671,15,1,Tuesday,4,9,Morning_Rush,0,0
2026-04-07 10:23:00,20,CLEAR,DAYLIGHT,SIDESWIPE SAME DIRECTION,DIVIDED - W/MEDIAN,STRAIGHT AND LEVEL,DRY,NO DEFECTS,N,DRIVING SKILLS/KNOWLEDGE/EXPERIENCE,BEAT_106,4,4,0,2,41.968846,-87.551722,15,1,Tuesday,4,10,Midday,0,0
2026-04-07 13:44:00,50,CLEAR,DAWN,ANGLE,DIVIDED - W/MEDIAN,STRAIGHT AND LEVEL,DRY,NO DEFECTS,Y,FAILING TO YIELD RIGHT-OF-WAY,BEAT_113,1,4,0,2,42.071557,-87.475014,15,1,Tuesday,4,13,Midday,0,0
2026-04-07 16:55:00,25,CLEAR,DAYLIGHT,PEDESTRIAN,NOT DIVIDED,STRAIGHT AND LEVEL,SNOW OR SLUSH,NO DEFECTS,N,DRIVING SKILLS/KNOWLEDGE/EXPERIENCE,BEAT_118,2,4,0,2,42.156111,-87.416373,15,1,Tuesday,4,16,Evening_Rush,0,0
2026-04-07 19:58:00,30,CLEAR,DAYLIGHT,REAR END,NOT DIVIDED,STRAIGHT AND LEVEL,DRY,NO DEFECTS,N,FOLLOWING TOO CLOSELY,BEAT_105,2,4,0,2,41.957422,-87.567313,15,1,Tuesday,4,19,Evening_Rush,0,0
2026-04-07 21:12:00,25,SNOW,"DARKNESS, LIGHTED ROAD",ANGLE,NOT DIVIDED,CURVE ON GRADE,WET,"RUT, HOLES",Y,FAILING TO YIELD RIGHT-OF-WAY,BEAT_112,1,4,1,2,42.062931,-87.485959,15,1,Tuesday,4,21,Night,0,1
2026-04-14 01:39:00,25,CLEAR,DAYLIGHT,REAR END,DIVIDED - W/MEDIAN,STRAIGHT AND LEVEL,DRY,NO DEFECTS,N,FAILING TO YIELD RIGHT-OF-WAY,BEAT_105,1,4,0,2,41.951976,-87.567205,16,1,Tuesday,4,1,Night,0,0
2026-04-14 02:17:00,40,CLEAR,"DARKNESS, LIGHTED ROAD",SIDESWIPE SAME DIRECTION,FOUR WAY INTERSECTION,STRAIGHT AND LEVEL,WET,NO DEFECTS,N,FAILING TO YIELD RIGHT-OF-WAY,BEAT_108,3,4,0,2,41.997679,-87.527747,16,1,Tuesday,4,2,Night,0,0
2026-04-14 03:32:00,35,CLEAR,DAYLIGHT,SIDESWIPE SAME DIRECTION,ALLEY,STRAIGHT AND LEVEL,DRY,NO DEFECTS,Y,FOLLOWING TOO CLOSELY,BEAT_110,2,4,0,2,42.023666,-87.512018,16,1,Tuesday,4,3,Night,0,0
2026-04-14 04:59:00,25,CLEAR,DAYLIGHT,ANGLE,DIVIDED - W/MEDIAN,CURVE ON GRADE,DRY,NO DEFECTS,N,FAILING TO YIELD RIGHT-OF-WAY,BEAT_116,4,4,0,2,42.121032,-87.442421,16,1,Tuesday,4,4,Night,0,0
2026-04-14 05:14:00,45,SNOW,DAYLIGHT,REAR END,ALLEY,STRAIGHT AND LEVEL,WET,NO DEFECTS,Y,FAILING TO YIELD RIGHT-OF-WAY,BEAT_115,2,4,0,2,42.102066,-87.450003,16,1,Tuesday,4,5,Night,0,0
2026-04-14 05:28:00,45,CLEAR,DAYLIGHT,TURNING,NOT DIVIDED,STRAIGHT ON GRADE,DRY,NO DEFECTS,Y,FOLLOWING TOO CLOSELY,BEAT_114,2,4,0,2,42.084237,-87.459407,16,1,Tuesday,4,5,Night,0,0
2026-04-14 05:36:00,25,SEVERE RAIN,DAYLIGHT,REAR END,NOT DIVIDED,STRAIGHT AND LEVEL,ICE,NO DEFECTS,N,DRIVING SKILLS/KNOWLEDGE/EXPERIENCE,BEAT_104,2,4,0,2,41.938526,-87.586927,16,1,Tuesday,4,5,Night,0,0
2026-04-14 06:10:00,40,CLEAR,DAYLIGHT,ANGLE,NOT DIVIDED,STRAIGHT AND LEVEL,DRY,NO DEFECTS,Y,DRIVING SKILLS/KNOWLEDGE/EXPERIENCE,BEAT_116,2,4,0,2,42.120277,-87.435468,16,1,Tuesday,4,6,Morning_Rush,0,0
2026-04-14 07:44:00,25,CLEAR,DAYLIGHT,SIDESWIPE SAME DIRECTION,ONE-WAY,STRAIGHT AND LEVEL,SNOW OR SLUSH,NO DEFECTS,Y,WEATHER,BEAT_119,1,4,1,2,42.166087,-87.403471,16,1,Tuesday,4,7,Morning_Rush,0,1
2026-04-14 09:35:00,25,CLEAR,DAYLIGHT,ANGLE,DIVIDED - W/MEDIAN,STRAIGHT AND LEVEL,WET,NO DEFECTS,Y,WEATHER,BEAT_105,2,4,0,2,41.949531,-87.571863,16,1,Tuesday,4,9,Morning_Rush,0,0
2026-04-14 11:21:00,30,CLEAR,DAYLIGHT,PEDESTRIAN,ONE-WAY,STRAIGHT AND LEVEL,DRY,"RUT, HOLES",N,DRIVING SKILLS/KNOWLEDGE/EXPERIENCE,BEAT_118,2,4,0,2,42.150958,-87.412379,16,1,Tuesday,4,11,Midday,0,0
2026-04-14 11:52:00,25,CLEAR,DAYLIGHT,PARKED MOTOR VEHICLE,DIVIDED - W/MEDIAN,STRAIGHT AND LEVEL,WET,NO DEFECTS,N,FOLLOWING TOO CLOSELY,BEAT_114,2,4,0,2,42.08844,-87.460423,16,1,Tuesday,4,11,Midday,0,0
2026-04-14 20:48:00,30,CLEAR,DARKNESS,REAR END,DIVIDED - W/MEDIAN,STRAIGHT AND LEVEL,SNOW OR SLUSH,NO DEFECTS,Y,IMPROPER OVERTAKING/PASSING,BEAT_109,1,4,0,2,42.01645,-87.521104,16,1,Tuesday,4,20,Night,0,0
2026-04-14 21:38:00,45,FOG/SMOKE/HAZE,"DARKNESS, LIGHTED ROAD",TURNING,DIVIDED - W/MEDIAN,STRAIGHT AND LEVEL,WET,NO DEFECTS,N,FAILING TO YIELD RIGHT-OF-WAY,BEAT_107,2,4,1,2,41.982789,-87.544831,16,1,Tuesday,4,21,Night,0,1
2026-04-14 22:15:00,30,CLEAR,DAYLIGHT,REAR END,FOUR WAY INTERSECTION,STRAIGHT AND LEVEL,WET,NO DEFECTS,Y,FAILING TO YIELD RIGHT-OF-WAY,BEAT_114,3,4,0,2,42.08951,-87.460102,16,1,Tuesday,4,22,Night,0,0
2026-04-14 23:05:00,25,RAIN,DAYLIGHT,ANGLE,FOUR WAY INTERSECTION,STRAIGHT AND LEVEL,WET,"RUT, HOLES",Y,DRIVING SKILLS/KNOWLEDGE/EXPERIENCE,BEAT_103,2,4,0,2,41.928798,-87.59365,16,1,Tuesday,4,23,Night,0,0
2026-04-21 01:56:00,35,CLEAR,"DARKNESS, LIGHTED ROAD",SIDESWIPE SAME DIRECTION,ONE-WAY,STRAIGHT AND LEVEL,WET,NO DEFECTS,Y,FAILING TO YIELD RIGHT-OF-WAY,BEAT_117,2,4,0,2,42.134099,-87.426391,17,1,Tuesday,4,1,Night,0,0
2026-04-21 07:08:00,25,SNOW,"DARKNESS, LIGHTED ROAD",PARKED MOTOR VEHICLE,T-INTERSECTION,STRAIGHT AND LEVEL,WET,"RUT, HOLES",N,WEATHER,BEAT_111,2,4,0,2,42.043464,-87.498598,17,1,Tuesday,4,7,Morning_Rush,0,0
2026-04-21 07:41:00,30,SNOW,DAYLIGHT,ANGLE,DIVIDED - W/MEDIAN,"CURVE, LEVEL",WET,NO DEFECTS,N,DRIVING SKILLS/KNOWLEDGE/EXPERIENCE,BEAT_116,2,4,0,2,42.11989,-87.435491,17,1,Tuesday,4,7,Morning_Rush,0,0
2026-04-21 08:39:00,30,SEVERE RAIN,DAYLIGHT,REAR END,T-INTERSECTION,STRAIGHT AND LEVEL,ICE,NO DEFECTS,N,FAILING TO YIELD RIGHT-OF-WAY,BEAT_120,2,4,0,2,42.177045,-87.389624,17,1,Tuesday,4,8,Morning_Rush,0,0
2026-04-21 11:46:00,30,RAIN,DUSK,REAR END,NOT DIVIDED,STRAIGHT AND LEVEL,ICE,"RUT, HOLES",Y,FOLLOWING TOO CLOSELY,BEAT_118,2,4,2,2,42.145927,-87.418548,17,1,Tuesday,4,11,Midday,0,1
2026-04-21 14:26:00,25,CLEAR,"DARKNESS, LIGHTED ROAD",FIXED OBJECT,DIVIDED - W/MEDIAN,STRAIGHT AND LEVEL,SNOW OR SLUSH,"RUT, HOLES",Y,DRIVING SKILLS/KNOWLEDGE/EXPERIENCE,BEAT_116,1,4,2,2,42.11344,-87.438163,17,1,Tuesday,4,14,Midday,0,1
2026-04-21 14:29:00,30,SEVERE RAIN,DAYLIGHT,ANGLE,DIVIDED - W/MEDIAN,STRAIGHT AND LEVEL,WET,NO DEFECTS,Y,WEATHER,BEAT_119,3,4,1,2,42.160979,-87.397984,17,1,Tuesday,4,14,Midday,0,1
2026-04-21 21:22:00,30,RAIN,DAYLIGHT,SIDESWIPE SAME DIRECTION,ONE-WAY,STRAIGHT AND LEVEL,WET,NO DEFECTS,N,DRIVING SKILLS/KNOWLEDGE/EXPERIENCE,BEAT_114,4,4,0,2,42.092686,-87.460136,17,1,Tuesday,4,21,Night,0,0
2026-04-21 22:14:00,40,SNOW,DAYLIGHT,REAR END,DIVIDED - W/MEDIAN,STRAIGHT AND LEVEL,ICE,NO DEFECTS,N,IMPROPER OVERTAKING/PASSING,BEAT_119,2,4,1,2,42.158922,-87.403614,17,1,Tuesday,4,22,Night,0,1
2026-04-21 22:27:00,50,CLEAR,DAYLIGHT,REAR END,NOT DIVIDED,STRAIGHT AND LEVEL,DRY,NO DEFECTS,Y,WEATHER,BEAT_101,2,4,3,2,41.892631,-87.618249,17,1,Tuesday,4,22,Night,0,1
2026-04-21 23:38:00,25,SNOW,DAYLIGHT,PARKED MOTOR VEHICLE,NOT DIVIDED,STRAIGHT AND LEVEL,WET,SHOULDER DEFECT,N,DRIVING SKILLS/KNOWLEDGE/EXPERIENCE,BEAT_105,2,4,0,2,41.956877,-87.570339,17,1,Tuesday,4,23,Night,0,0
2026-04-28 03:58:00,25,RAIN,DAYLIGHT,REAR END,NOT DIVIDED,STRAIGHT AND LEVEL,SNOW OR SLUSH,NO DEFECTS,N,FAILING TO YIELD RIGHT-OF-WAY,BEAT_115,2,4,1,2,42.103316,-87.448835,18,1,Tuesday,4,3,Night,0,1
2026-04-28 04:10:00,30,RAIN,DAYLIGHT,ANGLE,FOUR WAY INTERSECTION,STRAIGHT AND LEVEL,WET,NO DEFECTS,Y,WEATHER,BEAT_117,2,4,0,2,42.133245,-87.426658,18,1,Tuesday,4,4,Night,0,0
2026-04-28 05:04:00,25,RAIN,DAYLIGHT,ANGLE,NOT DIVIDED,STRAIGHT AND LEVEL,SNOW OR SLUSH,NO DEFECTS,Y,FAILING TO YIELD RIGHT-OF-WAY,BEAT_105,2,4,0,2,41.952499,-87.573769,18,1,Tuesday,4,5,Night,0,0
2026-04-28 08:17:00,30,RAIN,"DARKNESS, LIGHTED ROAD",REAR END,DIVIDED - W/MEDIAN,STRAIGHT AND LEVEL,WET,"RUT, HOLES",N,FOLLOWING TOO CLOSELY,BEAT_105,2,4,0,2,41.952324,-87.567227,18,1,Tuesday,4,8,Morning_Rush,0,0
2026-04-28 10:06:00,25,RAIN,DAYLIGHT,TURNING,NOT DIVIDED,STRAIGHT AND LEVEL,WET,NO DEFECTS,N,FAILING TO YIELD RIGHT-OF-WAY,BEAT_115,2,4,0,2,42.103483,-87.447839,18,1,Tuesday,4,10,Midday,0,0
2026-04-28 15:15:00,55,CLEAR,DAWN,TURNING,ONE-WAY,STRAIGHT AND LEVEL,ICE,"RUT, HOLES",N,DRIVING SKILLS/KNOWLEDGE/EXPERIENCE,BEAT_111,2,4,1,2,42.045585,-87.49551,18,1,Tuesday,4,15,Midday,0,1
2026-04-28 17:31:00,30,CLEAR,DAYLIGHT,REAR END,DIVIDED - W/MEDIAN,STRAIGHT AND LEVEL,DRY,NO DEFECTS,Y,FAILING TO YIELD RIGHT-OF-WAY,BEAT_108,1,4,0,2,41.999477,-87.529864,18,1,Tuesday,4,17,Evening_Rush,0,0
2026-05-05 04:14:00,20,CLEAR,DAWN,REAR END,NOT DIVIDED,STRAIGHT AND LEVEL,DRY,NO DEFECTS,N,FOLLOWING TOO CLOSELY,BEAT_117,2,5,0,2,42.134361,-87.423387,19,1,Tuesday,5,4,Night,0,0
2026-05-05 05:52:00,25,CLEAR,"DARKNESS, LIGHTED ROAD",PEDESTRIAN,DIVIDED - W/MEDIAN,STRAIGHT AND LEVEL,DRY,NO DEFECTS,Y,WEATHER,BEAT_105,2,5,2,2,41.951839,-87.569133,19,1,Tuesday,5,5,Night,0,1
2026-05-05 08:23:00,45,CLEAR,DAYLIGHT,ANGLE,DIVIDED - W/MEDIAN,STRAIGHT AND LEVEL,DRY,NO DEFECTS,Y,FOLLOWING TOO CLOSELY,BEAT_112,3,5,0,2,42.060236,-87.489076,19,1,Tuesday,5,8,Morning_Rush,0,0
2026-05-05 09:18:00,55,CLEAR,DAYLIGHT,REAR END,NOT DIVIDED,"CURVE, LEVEL",SNOW OR SLUSH,NO DEFECTS,N,PHYSICAL CONDITION OF DRIVER,BEAT_104,2,5,0,2,41.943406,-87.583276,19,1,Tuesday,5,9,Morning_Rush,0,0
2026-05-05 09:40:00,25,RAIN,DAYLIGHT,REAR END,FOUR WAY INTERSECTION,STRAIGHT ON GRADE,SNOW OR SLUSH,NO DEFECTS,Y,IMPROPER OVERTAKING/PASSING,BEAT_114,2,5,1,2,42.089011,-87.45953,19,1,Tuesday,5,9,Morning_Rush,0,1
2026-05-05 10:15:00,45,RAIN,"DARKNESS, LIGHTED ROAD",TURNING,ONE-WAY,STRAIGHT AND LEVEL,WET,NO DEFECTS,N,FOLLOWING TOO CLOSELY,BEAT_120,1,5,0,2,42.175812,-87.385641,19,1,Tuesday,5,10,Midday,0,0
2026-05-05 13:30:00,20,CLEAR,"DARKNESS, LIGHTED ROAD",TURNING,NOT DIVIDED,STRAIGHT AND LEVEL,DRY,NO DEFECTS,N,DISREGARDING TRAFFIC SIGNALS,BEAT_118,2,5,0,2,42.148437,-87.406624,19,1,Tuesday,5,13,Midday,0,0
2026-05-05 14:36:00,25,CLEAR,DUSK,ANGLE,NOT DIVIDED,STRAIGHT AND LEVEL,WET,NO DEFECTS,N,DISREGARDING TRAFFIC SIGNALS,BEAT_119,3,5,0,2,42.15844,-87.40154,19,1,Tuesday,5,14,Midday,0,0
2026-05-05 16:36:00,30,CLEAR,DAYLIGHT,TURNING,FOUR WAY INTERSECTION,STRAIGHT AND LEVEL,DRY,WORN SURFACE,N,WEATHER,BEAT_101,2,5,0,2,41.894054,-87.616072,19,1,Tuesday,5,16,Evening_Rush,0,0
2026-05-05 19:01:00,30,CLEAR,DAYLIGHT,TURNING,NOT DIVIDED,"CURVE, LEVEL",DRY,WORN SURFACE,N,FAILING TO YIELD RIGHT-OF-WAY,BEAT_109,2,5,0,2,42.013017,-87.521055,19,1,Tuesday,5,19,Evening_Rush,0,0
2026-05-05 19:38:00,30,CLEAR,DAYLIGHT,REAR END,NOT DIVIDED,STRAIGHT AND LEVEL,DRY,WORN SURFACE,Y,FAILING TO YIELD RIGHT-OF-WAY,BEAT_109,2,5,0,2,42.016667,-87.516532,19,1,Tuesday,5,19,Evening_Rush,0,0
2026-05-05 20:23:00,25,CLEAR,DAYLIGHT,REAR END,ONE-WAY,STRAIGHT AND LEVEL,DRY,NO DEFECTS,Y,FOLLOWING TOO CLOSELY,BEAT_101,3,5,0,2,41.896172,-87.614883,19,1,Tuesday,5,20,Night,0,0
2026-05-05 22:38:00,35,RAIN,"DARKNESS, LIGHTED ROAD",TURNING,DIVIDED - W/MEDIAN,STRAIGHT AND LEVEL,WET,"RUT, HOLES",N,FOLLOWING TOO CLOSELY,BEAT_115,2,5,0,2,42.106392,-87.450943,19,1,Tuesday,5,22,Night,0,0
2026-05-12 01:27:00,30,CLEAR,DARKNESS,TURNING,T-INTERSECTION,STRAIGHT AND LEVEL,WET,NO DEFECTS,Y,IMPROPER OVERTAKING/PASSING,BEAT_119,3,5,0,2,42.164812,-87.39744,20,1,Tuesday,5,1,Night,0,0
2026-05-12 03:57:00,50,CLEAR,DAYLIGHT,SIDESWIPE SAME DIRECTION,NOT DIVIDED,STRAIGHT AND LEVEL,DRY,"RUT, HOLES",N,FAILING TO YIELD RIGHT-OF-WAY,BEAT_103,1,5,1,2,41.918675,-87.592029,20,1,Tuesday,5,3,Night,0,1
2026-05-12 11:25:00,25,CLEAR,DAYLIGHT,REAR END,NOT DIVIDED,STRAIGHT AND LEVEL,DRY,"RUT, HOLES",N,FAILING TO YIELD RIGHT-OF-WAY,BEAT_101,2,5,0,2,41.891987,-87.616244,20,1,Tuesday,5,11,Midday,0,0
2026-05-12 17:55:00,25,CLEAR,"DARKNESS, LIGHTED ROAD",REAR END,NOT DIVIDED,STRAIGHT AND LEVEL,DRY,NO DEFECTS,N,FOLLOWING TOO CLOSELY,BEAT_101,2,5,0,2,41.896275,-87.616917,20,1,Tuesday,5,17,Evening_Rush,0,0
2026-05-12 19:49:00,30,CLEAR,DAYLIGHT,REAR END,FOUR WAY INTERSECTION,STRAIGHT AND LEVEL,DRY,NO DEFECTS,N,FOLLOWING TOO CLOSELY,BEAT_104,2,5,0,2,41.938379,-87.585932,20,1,Tuesday,5,19,Evening_Rush,0,0
2026-05-12 20:24:00,25,CLEAR,"DARKNESS, LIGHTED ROAD",TURNING,NOT DIVIDED,STRAIGHT AND LEVEL,WET,NO DEFECTS,N,DRIVING SKILLS/KNOWLEDGE/EXPERIENCE,BEAT_120,1,5,1,2,42.176776,-87.392138,20,1,Tuesday,5,20,Night,0,1
2026-05-12 21:19:00,30,CLEAR,DAYLIGHT,ANGLE,DIVIDED - W/MEDIAN,STRAIGHT AND LEVEL,DRY,NO DEFECTS,Y,FOLLOWING TOO CLOSELY,BEAT_101,3,5,0,2,41.893787,-87.621131,20,1,Tuesday,5,21,Night,0,0
2026-05-12 21:50:00,30,CLEAR,DAWN,TURNING,NOT DIVIDED,STRAIGHT AND LEVEL,DRY,NO DEFECTS,Y,WEATHER,BEAT_107,2,5,0,2,41.982289,-87.549969,20,1,Tuesday,5,21,Night,0,0
2026-05-12 22:41:00,30,CLEAR,DAYLIGHT,PEDESTRIAN,DIVIDED - W/MEDIAN,"CURVE, LEVEL",DRY,NO DEFECTS,Y,FOLLOWING TOO CLOSELY,BEAT_120,2,5,0,2,42.173746,-87.389836,20,1,Tuesday,5,22,Night,0,0
2026-05-12 23:59:00,30,RAIN,DAYLIGHT,SIDESWIPE SAME DIRECTION,FOUR WAY INTERSECTION,STRAIGHT AND LEVEL,WET,NO DEFECTS,N,FAILING TO YIELD RIGHT-OF-WAY,BEAT_114,2,5,0,2,42.085999,-87.458348,20,1,Tuesday,5,23,Night,0,0
2026-05-19 03:19:00,40,CLEAR,"DARKNESS, LIGHTED ROAD",REAR END,DIVIDED - W/MEDIAN,STRAIGHT AND LEVEL,WET,NO DEFECTS,Y,WEATHER,BEAT_112,2,5,1,2,42.0579,-87.483504,21,1,Tuesday,5,3,Night,0,1
2026-05-19 03:43:00,25,CLEAR,DAYLIGHT,ANGLE,DIVIDED - W/MEDIAN,STRAIGHT AND LEVEL,"SAND, MUD, DIRT",NO DEFECTS,Y,DRIVING SKILLS/KNOWLEDGE/EXPERIENCE,BEAT_101,4,5,0,2,41.896577,-87.618574,21,1,Tuesday,5,3,Night,0,0
2026-05-19 10:09:00,40,CLEAR,DAYLIGHT,REAR END,ALLEY,STRAIGHT AND LEVEL,DRY,NO DEFECTS,N,WEATHER,BEAT_111,4,5,0,2,42.036841,-87.498454,21,1,Tuesday,5,10,Midday,0,0
2026-05-19 10:33:00,20,CLEAR,DAYLIGHT,TURNING,DIVIDED - W/MEDIAN,STRAIGHT AND LEVEL,DRY,NO DEFECTS,Y,DRIVING SKILLS/KNOWLEDGE/EXPERIENCE,BEAT_105,2,5,1,2,41.951123,-87.570376,21,1,Tuesday,5,10,Midday,0,1
2026-05-19 11:33:00,25,CLEAR,DAYLIGHT,TURNING,NOT DIVIDED,STRAIGHT AND LEVEL,WET,NO DEFECTS,Y,IMPROPER OVERTAKING/PASSING,BEAT_104,2,5,0,2,41.939666,-87.582446,21,1,Tuesday,5,11,Midday,0,0
2026-05-19 11:36:00,30,CLEAR,DAYLIGHT,SIDESWIPE SAME DIRECTION,DIVIDED - W/MEDIAN,"CURVE, LEVEL",ICE,NO DEFECTS,Y,WEATHER,BEAT_106,3,5,0,2,41.970678,-87.558346,21,1,Tuesday,5,11,Midday,0,0
2026-05-19 12:27:00,30,RAIN,DARKNESS,REAR END,FOUR WAY INTERSECTION,STRAIGHT ON GRADE,SNOW OR SLUSH,"RUT, HOLES",Y,WEATHER,BEAT_106,3,5,0,2,41.966767,-87.557726,21,1,Tuesday,5,12,Midday,0,0
2026-05-19 18:41:00,25,CLEAR,"DARKNESS, LIGHTED ROAD",SIDESWIPE SAME DIRECTION,NOT DIVIDED,STRAIGHT AND LEVEL,WET,NO DEFECTS,Y,FOLLOWING TOO CLOSELY,BEAT_118,2,5,0,2,42.146567,-87.417902,21,1,Tuesday,5,18,Evening_Rush,0,0
2026-05-19 20:19:00,30,SNOW,"DARKNESS, LIGHTED ROAD",TURNING,DIVIDED - W/MEDIAN,STRAIGHT AND LEVEL,ICE,NO DEFECTS,N,FOLLOWING TOO CLOSELY,BEAT_109,2,5,0,2,42.008223,-87.514804,21,1,Tuesday,5,20,Night,0,0
2026-05-19 20:25:00,40,CLEAR,DAYLIGHT,REAR END,DIVIDED - W/MEDIAN,STRAIGHT AND LEVEL,WET,NO DEFECTS,Y,DISREGARDING TRAFFIC SIGNALS,BEAT_114,2,5,0,2,42.082249,-87.464022,21,1,Tuesday,5,20,Night,0,0
2026-05-19 21:34:00,25,CLEAR,DARKNESS,SIDESWIPE SAME DIRECTION,NOT DIVIDED,STRAIGHT AND LEVEL,ICE,NO DEFECTS,Y,FAILING TO YIELD RIGHT-OF-WAY,BEAT_116,2,5,0,2,42.11883,-87.437247,21,1,Tuesday,5,21,Night,0,0
2026-05-19 22:24:00,50,SEVERE RAIN,DAYLIGHT,REAR END,ONE-WAY,STRAIGHT AND LEVEL,SNOW OR SLUSH,WORN SURFACE,Y,FOLLOWING TOO CLOSELY,BEAT_112,2,5,0,2,42.057539,-87.489929,21,1,Tuesday,5,22,Night,0,0
2026-05-19 22:32:00,25,CLEAR,DAWN,SIDESWIPE SAME DIRECTION,NOT DIVIDED,STRAIGHT AND LEVEL,DRY,NO DEFECTS,Y,FOLLOWING TOO CLOSELY,BEAT_116,2,5,0,2,42.116032,-87.438296,21,1,Tuesday,5,22,Night,0,0
2026-05-26 02:11:00,25,CLEAR,DAYLIGHT,REAR END,ONE-WAY,"CURVE, LEVEL",DRY,NO DEFECTS,N,DISREGARDING TRAFFIC SIGNALS,BEAT_119,2,5,0,2,42.16313,-87.399368,22,1,Tuesday,5,2,Night,0,0
2026-05-26 03:10:00,35,CLEAR,DAYLIGHT,REAR END,DIVIDED - W/MEDIAN,STRAIGHT AND LEVEL,WET,NO DEFECTS,Y,FOLLOWING TOO CLOSELY,BEAT_120,1,5,0,2,42.177127,-87.396202,22,1,Tuesday,5,3,Night,0,0
2026-05-26 03:35:00,20,CLEAR,"DARKNESS, LIGHTED ROAD",SIDESWIPE SAME DIRECTION,FOUR WAY INTERSECTION,STRAIGHT AND LEVEL,DRY,NO DEFECTS,Y,DRIVING SKILLS/KNOWLEDGE/EXPERIENCE,BEAT_112,2,5,1,2,42.057852,-87.486683,22,1,Tuesday,5,3,Night,0,1
2026-05-26 04:59:00,45,RAIN,DUSK,REAR END,DIVIDED - W/MEDIAN,STRAIGHT AND LEVEL,WET,SHOULDER DEFECT,N,FOLLOWING TOO CLOSELY,BEAT_107,2,5,0,2,41.982615,-87.548179,22,1,Tuesday,5,4,Night,0,0
2026-05-26 07:26:00,35,RAIN,DARKNESS,ANGLE,NOT DIVIDED,STRAIGHT AND LEVEL,WET,NO DEFECTS,Y,DRIVING SKILLS/KNOWLEDGE/EXPERIENCE,BEAT_114,2,5,0,2,42.087989,-87.461731,22,1,Tuesday,5,7,Morning_Rush,0,0
2026-05-26 07:32:00,25,CLEAR,DAYLIGHT,PARKED MOTOR VEHICLE,DIVIDED - W/MEDIAN,STRAIGHT AND LEVEL,DRY,WORN SURFACE,N,FOLLOWING TOO CLOSELY,BEAT_117,2,5,0,2,42.133304,-87.425815,22,1,Tuesday,5,7,Morning_Rush,0,0
2026-05-26 12:26:00,25,RAIN,"DARKNESS, LIGHTED ROAD",ANGLE,DIVIDED - W/MEDIAN,STRAIGHT AND LEVEL,WET,WORN SURFACE,N,FOLLOWING TOO CLOSELY,BEAT_120,2,5,0,2,42.175596,-87.387566,22,1,Tuesday,5,12,Midday,0,0
2026-05-26 13:35:00,25,CLEAR,DAYLIGHT,ANGLE,ONE-WAY,STRAIGHT AND LEVEL,DRY,NO DEFECTS,Y,DRIVING SKILLS/KNOWLEDGE/EXPERIENCE,BEAT_101,2,5,0,2,41.894414,-87.61441,22,1,Tuesday,5,13,Midday,0,0
2026-05-26 14:36:00,25,CLEAR,DAYLIGHT,SIDESWIPE SAME DIRECTION,ONE-WAY,STRAIGHT AND LEVEL,WET,DEBRIS ON ROAD,Y,FOLLOWING TOO CLOSELY,BEAT_116,2,5,0,2,42.121834,-87.436983,22,1,Tuesday,5,14,Midday,0,0
2026-05-26 21:35:00,35,CLEAR,"DARKNESS, LIGHTED ROAD",REAR END,NOT DIVIDED,STRAIGHT AND LEVEL,DRY,NO DEFECTS,Y,DISREGARDING TRAFFIC SIGNALS,BEAT_109,4,5,0,2,42.008593,-87.522743,22,1,Tuesday,5,21,Night,0,0
2026-05-26 22:36:00,40,CLEAR,DAYLIGHT,FIXED OBJECT,ONE-WAY,STRAIGHT AND LEVEL,DRY,NO DEFECTS,N,DRIVING SKILLS/KNOWLEDGE/EXPERIENCE,BEAT_115,2,5,0,2,42.10349,-87.45133,22,1,Tuesday,5,22,Night,0,0
2026-06-02 00:17:00,25,RAIN,DAYLIGHT,REAR END,DIVIDED - W/MEDIAN,STRAIGHT AND LEVEL,WET,NO DEFECTS,N,FAILING TO YIELD RIGHT-OF-WAY,BEAT_116,2,6,0,2,42.115827,-87.435345,23,1,Tuesday,6,0,Night,0,0
2026-06-02 04:11:00,25,CLEAR,DAYLIGHT,ANGLE,DIVIDED - W/MEDIAN,STRAIGHT AND LEVEL,DRY,NO DEFECTS,N,FOLLOWING TOO CLOSELY,BEAT_104,2,6,0,2,41.93206,-87.578775,23,1,Tuesday,6,4,Night,0,0
2026-06-02 07:51:00,25,CLEAR,"DARKNESS, LIGHTED ROAD",ANGLE,ONE-WAY,STRAIGHT AND LEVEL,WET,NO DEFECTS,N,DRIVING SKILLS/KNOWLEDGE/EXPERIENCE,BEAT_112,2,6,2,2,42.053649,-87.486666,23,1,Tuesday,6,7,Morning_Rush,0,1
2026-06-02 08:24:00,20,CLEAR,DAYLIGHT,FIXED OBJECT,NOT DIVIDED,STRAIGHT AND LEVEL,DRY,SHOULDER DEFECT,N,DRIVING SKILLS/KNOWLEDGE/EXPERIENCE,BEAT_118,2,6,0,2,42.150039,-87.414959,23,1,Tuesday,6,8,Morning_Rush,0,0
2026-06-02 09:06:00,30,RAIN,"DARKNESS, LIGHTED ROAD",REAR END,DIVIDED - W/MEDIAN,STRAIGHT AND LEVEL,SNOW OR SLUSH,NO DEFECTS,N,FOLLOWING TOO CLOSELY,BEAT_102,2,6,0,2,41.908762,-87.607565,23,1,Tuesday,6,9,Morning_Rush,0,0
2026-06-02 12:48:00,25,CLEAR,"DARKNESS, LIGHTED ROAD",REAR END,NOT DIVIDED,STRAIGHT AND LEVEL,DRY,NO DEFECTS,Y,WEATHER,BEAT_111,2,6,0,2,42.037975,-87.495345,23,1,Tuesday,6,12,Midday,0,0
2026-06-02 12:57:00,35,CLEAR,DAYLIGHT,TURNING,DIVIDED - W/MEDIAN,STRAIGHT AND LEVEL,DRY,NO DEFECTS,Y,IMPROPER OVERTAKING/PASSING,BEAT_107,2,6,0,2,41.987267,-87.543367,23,1,Tuesday,6,12,Midday,0,0
2026-06-02 14:03:00,30,CLEAR,DARKNESS,REAR END,ONE-WAY,STRAIGHT AND LEVEL,DRY,NO DEFECTS,Y,FOLLOWING TOO CLOSELY,BEAT_115,1,6,0,2,42.096991,-87.448812,23,1,Tuesday,6,14,Midday,0,0
2026-06-02 14:50:00,25,RAIN,DAYLIGHT,SIDESWIPE SAME DIRECTION,ONE-WAY,"CURVE, LEVEL",WET,NO DEFECTS,Y,FAILING TO YIELD RIGHT-OF-WAY,BEAT_120,2,6,0,2,42.17851,-87.39318,23,1,Tuesday,6,14,Midday,0,0
2026-06-02 17:31:00,55,CLEAR,DAYLIGHT,FIXED OBJECT,NOT DIVIDED,STRAIGHT AND LEVEL,DRY,NO DEFECTS,N,DISREGARDING TRAFFIC SIGNALS,BEAT_106,2,6,0,2,41.962217,-87.56286,23,1,Tuesday,6,17,Evening_Rush,0,0
2026-06-02 19:20:00,50,CLEAR,DARKNESS,ANGLE,NOT DIVIDED,STRAIGHT AND LEVEL,DRY,NO DEFECTS,Y,IMPROPER OVERTAKING/PASSING,BEAT_109,2,6,0,2,42.014626,-87.523237,23,1,Tuesday,6,19,Evening_Rush,0,0
2026-06-09 02:20:00,30,SEVERE RAIN,DAYLIGHT,ANGLE,NOT DIVIDED,"CURVE, LEVEL",SNOW OR SLUSH,NO DEFECTS,N,DRIVING SKILLS/KNOWLEDGE/EXPERIENCE,BEAT_120,2,6,0,2,42.174752,-87.391657,24,1,Tuesday,6,2,Night,0,0
2026-06-09 03:20:00,20,CLEAR,DARKNESS,REAR END,NOT DIVIDED,STRAIGHT AND LEVEL,DRY,NO DEFECTS,N,WEATHER,BEAT_116,3,6,0,2,42.121134,-87.435631,24,1,Tuesday,6,3,Night,0,0
2026-06-09 11:18:00,30,RAIN,"DARKNESS, LIGHTED ROAD",SIDESWIPE SAME DIRECTION,DIVIDED - W/MEDIAN,STRAIGHT AND LEVEL,SNOW OR SLUSH,"RUT, HOLES",N,FOLLOWING TOO CLOSELY,BEAT_115,1,6,0,2,42.101843,-87.445558,24,1,Tuesday,6,11,Midday,0,0
2026-06-09 11:44:00,30,RAIN,DAYLIGHT,REAR END,ONE-WAY,STRAIGHT AND LEVEL,WET,NO DEFECTS,N,WEATHER,BEAT_114,1,6,0,2,42.087818,-87.461916,24,1,Tuesday,6,11,Midday,0,0
2026-06-09 12:37:00,25,RAIN,DAYLIGHT,REAR END,NOT DIVIDED,STRAIGHT AND LEVEL,WET,NO DEFECTS,N,FOLLOWING TOO CLOSELY,BEAT_120,2,6,0,2,42.178011,-87.38541,24,1,Tuesday,6,12,Midday,0,0
2026-06-09 16:59:00,30,RAIN,DUSK,TURNING,ONE-WAY,STRAIGHT AND LEVEL,ICE,WORN SURFACE,Y,DRIVING SKILLS/KNOWLEDGE/EXPERIENCE,BEAT_119,4,6,1,2,42.163667,-87.403504,24,1,Tuesday,6,16,Evening_Rush,0,1
2026-06-09 17:36:00,30,CLEAR,DAYLIGHT,REAR END,DIVIDED - W/MEDIAN,STRAIGHT AND LEVEL,DRY,NO DEFECTS,Y,FOLLOWING TOO CLOSELY,BEAT_112,2,6,0,2,42.058792,-87.48138,24,1,Tuesday,6,17,Evening_Rush,0,0
2026-06-09 20:30:00,30,CLEAR,"DARKNESS, LIGHTED ROAD",SIDESWIPE SAME DIRECTION,NOT DIVIDED,STRAIGHT AND LEVEL,DRY,NO DEFECTS,Y,FOLLOWING TOO CLOSELY,BEAT_108,2,6,0,2,41.993937,-87.537244,24,1,Tuesday,6,20,Night,0,0
2026-06-09 21:10:00,40,CLEAR,DUSK,FIXED OBJECT,ONE-WAY,STRAIGHT AND LEVEL,DRY,NO DEFECTS,Y,DRIVING SKILLS/KNOWLEDGE/EXPERIENCE,BEAT_117,2,6,0,2,42.133134,-87.427351,24,1,Tuesday,6,21,Night,0,0
2026-06-09 23:13:00,25,CLEAR,DAYLIGHT,REAR END,DIVIDED - W/MEDIAN,STRAIGHT AND LEVEL,SNOW OR SLUSH,NO DEFECTS,N,IMPROPER OVERTAKING/PASSING,BEAT_113,2,6,0,2,42.078302,-87.469968,24,1,Tuesday,6,23,Night,0,0
2026-06-16 02:28:00,30,SNOW,DAYLIGHT,REAR END,ALLEY,STRAIGHT AND LEVEL,WET,"RUT, HOLES",N,IMPROPER OVERTAKING/PASSING,BEAT_120,1,6,0,2,42.179623,-87.392861,25,1,Tuesday,6,2,Night,0,0
2026-06-16 02:59:00,45,CLEAR,DAYLIGHT,SIDESWIPE SAME DIRECTION,ONE-WAY,STRAIGHT AND LEVEL,DRY,NO DEFECTS,N,FOLLOWING TOO CLOSELY,BEAT_119,2,6,0,2,42.158258,-87.40108,25,1,Tuesday,6,2,Night,0,0
2026-06-16 04:39:00,45,CLEAR,DAYLIGHT,ANGLE,DIVIDED - W/MEDIAN,STRAIGHT AND LEVEL,DRY,NO DEFECTS,N,DRIVING SKILLS/KNOWLEDGE/EXPERIENCE,BEAT_104,3,6,0,2,41.937095,-87.581668,25,1,Tuesday,6,4,Night,0,0
2026-06-16 10:39:00,30,SNOW,DAYLIGHT,REAR END,DIVIDED - W/MEDIAN,STRAIGHT AND LEVEL,WET,WORN SURFACE,N,FOLLOWING TOO CLOSELY,BEAT_103,2,6,0,2,41.918505,-87.594941,25,1,Tuesday,6,10,Midday,0,0
2026-06-16 11:02:00,30,CLEAR,DAYLIGHT,REAR END,DIVIDED - W/MEDIAN,STRAIGHT AND LEVEL,DRY,NO DEFECTS,Y,DISREGARDING TRAFFIC SIGNALS,BEAT_102,2,6,1,2,41.907811,-87.607145,25,1,Tuesday,6,11,Midday,0,1
2026-06-16 17:24:00,50,CLEAR,"DARKNESS, LIGHTED ROAD",SIDESWIPE SAME DIRECTION,ONE-WAY,STRAIGHT AND LEVEL,DRY,NO DEFECTS,N,DRIVING SKILLS/KNOWLEDGE/EXPERIENCE,BEAT_107,2,6,0,2,41.982452,-87.544272,25,1,Tuesday,6,17,Evening_Rush,0,0
2026-06-16 17:58:00,30,CLEAR,DAYLIGHT,ANGLE,NOT DIVIDED,STRAIGHT AND LEVEL,DRY,NO DEFECTS,N,FOLLOWING TOO CLOSELY,BEAT_120,1,6,0,2,42.175373,-87.386254,25,1,Tuesday,6,17,Evening_Rush,0,0
2026-06-16 19:05:00,45,RAIN,DAYLIGHT,SIDESWIPE SAME DIRECTION,FOUR WAY INTERSECTION,STRAIGHT AND LEVEL,ICE,"RUT, HOLES",N,FAILING TO YIELD RIGHT-OF-WAY,BEAT_118,2,6,1,2,42.1511,-87.413005,25,1,Tuesday,6,19,Evening_Rush,0,1
2026-06-16 21:12:00,50,CLEAR,DAWN,REAR END,DIVIDED - W/MEDIAN,STRAIGHT AND LEVEL,DRY,NO DEFECTS,Y,FOLLOWING TOO CLOSELY,BEAT_113,2,6,0,2,42.071991,-87.475404,25,1,Tuesday,6,21,Night,0,0
2026-06-23 03:03:00,40,CLEAR,DAYLIGHT,REAR END,NOT DIVIDED,STRAIGHT AND LEVEL,DRY,"RUT, HOLES",N,DRIVING SKILLS/KNOWLEDGE/EXPERIENCE,BEAT_114,2,6,0,2,42.084505,-87.456849,26,1,Tuesday,6,3,Night,0,0
2026-06-23 03:31:00,25,CLEAR,DAYLIGHT,ANGLE,NOT DIVIDED,STRAIGHT AND LEVEL,DRY,NO DEFECTS,N,WEATHER,BEAT_111,3,6,0,2,42.040322,-87.500154,26,1,Tuesday,6,3,Night,0,0
2026-06-23 06:40:00,30,CLEAR,DAYLIGHT,ANGLE,DIVIDED - W/MEDIAN,"CURVE, LEVEL",DRY,NO DEFECTS,N,FAILING TO YIELD RIGHT-OF-WAY,BEAT_120,2,6,0,2,42.18125,-87.386364,26,1,Tuesday,6,6,Morning_Rush,0,0
2026-06-23 09:38:00,20,CLEAR,DAYLIGHT,REAR END,NOT DIVIDED,STRAIGHT AND LEVEL,DRY,NO DEFECTS,Y,FOLLOWING TOO CLOSELY,BEAT_101,2,6,1,2,41.896474,-87.618401,26,1,Tuesday,6,9,Morning_Rush,0,1
2026-06-23 16:50:00,35,CLEAR,DAYLIGHT,SIDESWIPE SAME DIRECTION,FOUR WAY INTERSECTION,STRAIGHT AND LEVEL,DRY,NO DEFECTS,Y,DRIVING SKILLS/KNOWLEDGE/EXPERIENCE,BEAT_103,2,6,0,2,41.924289,-87.597155,26,1,Tuesday,6,16,Evening_Rush,0,0
2026-06-30 06:10:00,25,SNOW,DAYLIGHT,FIXED OBJECT,NOT DIVIDED,"CURVE, LEVEL",WET,WORN SURFACE,N,FOLLOWING TOO CLOSELY,BEAT_114,2,6,0,2,42.089079,-87.459065,27,1,Tuesday,6,6,Morning_Rush,0,0
2026-06-30 07:50:00,30,CLEAR,"DARKNESS, LIGHTED ROAD",REAR END,T-INTERSECTION,STRAIGHT AND LEVEL,SNOW OR SLUSH,NO DEFECTS,Y,FAILING TO YIELD RIGHT-OF-WAY,BEAT_109,2,6,0,2,42.013534,-87.520129,27,1,Tuesday,6,7,Morning_Rush,0,0
2026-06-30 07:56:00,35,RAIN,"DARKNESS, LIGHTED ROAD",REAR END,ALLEY,STRAIGHT AND LEVEL,WET,NO DEFECTS,N,FAILING TO YIELD RIGHT-OF-WAY,BEAT_120,2,6,2,2,42.183111,-87.385223,27,1,Tuesday,6,7,Morning_Rush,0,1
2026-06-30 08:02:00,25,CLEAR,"DARKNESS, LIGHTED ROAD",TURNING,DIVIDED - W/MEDIAN,STRAIGHT AND LEVEL,WET,NO DEFECTS,N,WEATHER,BEAT_113,2,6,0,2,42.071883,-87.476197,27,1,Tuesday,6,8,Morning_Rush,0,0
2026-06-30 13:49:00,20,CLEAR,"DARKNESS, LIGHTED ROAD",REAR END,DIVIDED - W/MEDIAN,STRAIGHT AND LEVEL,WET,NO DEFECTS,N,FAILING TO YIELD RIGHT-OF-WAY,BEAT_105,3,6,0,2,41.951108,-87.565667,27,1,Tuesday,6,13,Midday,0,0
2026-06-30 14:07:00,25,CLEAR,DAYLIGHT,SIDESWIPE SAME DIRECTION,FOUR WAY INTERSECTION,STRAIGHT AND LEVEL,DRY,NO DEFECTS,Y,FAILING TO YIELD RIGHT-OF-WAY,BEAT_112,2,6,0,2,42.057933,-87.482525,27,1,Tuesday,6,14,Midday,0,0
2026-06-30 14:10:00,30,CLEAR,"DARKNESS, LIGHTED ROAD",PARKED MOTOR VEHICLE,ONE-WAY,STRAIGHT AND LEVEL,DRY,NO DEFECTS,Y,WEATHER,BEAT_113,1,6,0,2,42.07274,-87.477726,27,1,Tuesday,6,14,Midday,0,0
2026-06-30 14:30:00,25,CLEAR,DAYLIGHT,PARKED MOTOR VEHICLE,DIVIDED - W/MEDIAN,STRAIGHT AND LEVEL,DRY,NO DEFECTS,Y,DRIVING SKILLS/KNOWLEDGE/EXPERIENCE,BEAT_114,2,6,0,2,42.086734,-87.460095,27,1,Tuesday,6,14,Midday,0,0
2026-06-30 15:10:00,30,CLEAR,DAYLIGHT,REAR END,FOUR WAY INTERSECTION,STRAIGHT AND LEVEL,SNOW OR SLUSH,NO DEFECTS,N,DRIVING SKILLS/KNOWLEDGE/EXPERIENCE,BEAT_110,2,6,2,2,42.031393,-87.510493,27,1,Tuesday,6,15,Midday,0,1
2026-06-30 15:41:00,45,CLEAR,DAYLIGHT,ANGLE,DIVIDED - W/MEDIAN,STRAIGHT AND LEVEL,DRY,NO DEFECTS,N,FOLLOWING TOO CLOSELY,BEAT_109,2,6,0,2,42.010782,-87.515877,27,1,Tuesday,6,15,Midday,0,0
2026-06-30 15:45:00,30,CLEAR,"DARKNESS, LIGHTED ROAD",SIDESWIPE SAME DIRECTION,DIVIDED - W/MEDIAN,STRAIGHT AND LEVEL,WET,DEBRIS ON ROAD,N,DRIVING SKILLS/KNOWLEDGE/EXPERIENCE,BEAT_112,2,6,0,2,42.056635,-87.488877,27,1,Tuesday,6,15,Midday,0,0
2026-06-30 17:55:00,40,CLEAR,DAYLIGHT,SIDESWIPE SAME DIRECTION,FOUR WAY INTERSECTION,STRAIGHT AND LEVEL,DRY,NO DEFECTS,Y,FOLLOWING TOO CLOSELY,BEAT_113,2,6,0,2,42.071725,-87.476795,27,1,Tuesday,6,17,Evening_Rush,0,0
2026-06-30 19:09:00,25,CLEAR,"DARKNESS, LIGHTED ROAD",REAR END,NOT DIVIDED,STRAIGHT AND LEVEL,DRY,NO DEFECTS,Y,IMPROPER OVERTAKING/PASSING,BEAT_112,2,6,0,2,42.057336,-87.489208,27,1,Tuesday,6,19,Evening_Rush,0,0
2026-06-30 19:16:00,25,CLEAR,"DARKNESS, LIGHTED ROAD",REAR END,ONE-WAY,STRAIGHT AND LEVEL,DRY,NO DEFECTS,N,DRIVING SKILLS/KNOWLEDGE/EXPERIENCE,BEAT_111,2,6,0,2,42.051308,-87.496094,27,1,Tuesday,6,19,Evening_Rush,0,0
2026-06-30 20:43:00,25,CLEAR,DAYLIGHT,REAR END,FOUR WAY INTERSECTION,STRAIGHT ON GRADE,DRY,NO DEFECTS,N,FOLLOWING TOO CLOSELY,BEAT_103,2,6,0,2,41.921134,-87.590844,27,1,Tuesday,6,20,Night,0,0
2026-06-30 20:49:00,20,CLEAR,"DARKNESS, LIGHTED ROAD",ANGLE,NOT DIVIDED,STRAIGHT AND LEVEL,DRY,NO DEFECTS,Y,WEATHER,BEAT_116,2,6,0,2,42.117537,-87.440851,27,1,Tuesday,6,20,Night,0,0
2026-06-30 23:30:00,35,CLEAR,"DARKNESS, LIGHTED ROAD",REAR END,NOT DIVIDED,STRAIGHT ON GRADE,WET,NO DEFECTS,N,FAILING TO YIELD RIGHT-OF-WAY,BEAT_108,2,6,0,2,41.997154,-87.533105,27,1,Tuesday,6,23,Night,0,0
2026-07-07 02:27:00,55,CLEAR,"DARKNESS, LIGHTED ROAD",SIDESWIPE SAME DIRECTION,NOT DIVIDED,STRAIGHT AND LEVEL,DRY,"RUT, HOLES",Y,FOLLOWING TOO CLOSELY,BEAT_115,2,7,0,2,42.105171,-87.453719,28,1,Tuesday,7,2,Night,0,0
2026-07-07 05:30:00,25,SNOW,DAYLIGHT,ANGLE,FOUR WAY INTERSECTION,CURVE ON GRADE,WET,NO DEFECTS,N,FOLLOWING TOO CLOSELY,BEAT_110,2,7,0,2,42.026017,-87.514389,28,1,Tuesday,7,5,Night,0,0
2026-07-07 05:33:00,25,CLEAR,DAYLIGHT,PARKED MOTOR VEHICLE,DIVIDED - W/MEDIAN,STRAIGHT AND LEVEL,DRY,"RUT, HOLES",N,FAILING TO YIELD RIGHT-OF-WAY,BEAT_107,2,7,0,2,41.981013,-87.548366,28,1,Tuesday,7,5,Night,0,0
2026-07-07 06:54:00,20,CLEAR,DAYLIGHT,REAR END,FOUR WAY INTERSECTION,STRAIGHT AND LEVEL,DRY,NO DEFECTS,N,DRIVING SKILLS/KNOWLEDGE/EXPERIENCE,BEAT_107,2,7,0,2,41.984546,-87.545159,28,1,Tuesday,7,6,Morning_Rush,0,0
2026-07-07 08:00:00,30,CLEAR,"DARKNESS, LIGHTED ROAD",TURNING,DIVIDED - W/MEDIAN,STRAIGHT AND LEVEL,DRY,NO DEFECTS,N,DRIVING SKILLS/KNOWLEDGE/EXPERIENCE,BEAT_104,1,7,2,2,41.936242,-87.580861,28,1,Tuesday,7,8,Morning_Rush,0,1
2026-07-07 08:47:00,35,CLEAR,DAYLIGHT,REAR END,NOT DIVIDED,STRAIGHT AND LEVEL,DRY,NO DEFECTS,Y,FOLLOWING TOO CLOSELY,BEAT_105,2,7,0,2,41.951245,-87.569179,28,1,Tuesday,7,8,Morning_Rush,0,0
2026-07-07 11:31:00,30,CLEAR,DUSK,REAR END,FOUR WAY INTERSECTION,STRAIGHT AND LEVEL,DRY,NO DEFECTS,N,PHYSICAL CONDITION OF DRIVER,BEAT_105,2,7,0,2,41.957257,-87.569838,28,1,Tuesday,7,11,Midday,0,0
2026-07-07 11:58:00,20,CLEAR,DAYLIGHT,PEDESTRIAN,DIVIDED - W/MEDIAN,STRAIGHT AND LEVEL,WET,NO DEFECTS,Y,FAILING TO YIELD RIGHT-OF-WAY,BEAT_108,2,7,0,2,41.999617,-87.533859,28,1,Tuesday,7,11,Midday,0,0
2026-07-07 14:14:00,25,CLEAR,DAYLIGHT,FIXED OBJECT,DIVIDED - W/MEDIAN,STRAIGHT AND LEVEL,DRY,"RUT, HOLES",N,FOLLOWING TOO CLOSELY,BEAT_103,2,7,0,2,41.918271,-87.595892,28,1,Tuesday,7,14,Midday,0,0
2026-07-07 18:48:00,25,RAIN,DAWN,ANGLE,DIVIDED - W/MEDIAN,STRAIGHT AND LEVEL,WET,NO DEFECTS,Y,FAILING TO YIELD RIGHT-OF-WAY,BEAT_114,1,7,0,2,42.089465,-87.464252,28,1,Tuesday,7,18,Evening_Rush,0,0
2026-07-07 20:16:00,25,CLEAR,DAWN,SIDESWIPE SAME DIRECTION,FOUR WAY INTERSECTION,STRAIGHT AND LEVEL,DRY,NO DEFECTS,Y,FAILING TO YIELD RIGHT-OF-WAY,BEAT_102,2,7,0,2,41.906599,-87.6062,28,1,Tuesday,7,20,Night,0,0
2026-07-14 03:46:00,25,CLEAR,"DARKNESS, LIGHTED ROAD",PARKED MOTOR VEHICLE,DIVIDED - W/MEDIAN,STRAIGHT AND LEVEL,DRY,"RUT, HOLES",Y,FOLLOWING TOO CLOSELY,BEAT_114,2,7,0,2,42.088055,-87.461199,29,1,Tuesday,7,3,Night,0,0
2026-07-14 05:32:00,25,CLEAR,DAYLIGHT,PARKED MOTOR VEHICLE,DIVIDED - W/MEDIAN,STRAIGHT AND LEVEL,DRY,NO DEFECTS,N,FAILING TO YIELD RIGHT-OF-WAY,BEAT_101,2,7,0,2,41.891102,-87.617945,29,1,Tuesday,7,5,Night,0,0
2026-07-14 11:02:00,55,CLEAR,"DARKNESS, LIGHTED ROAD",ANGLE,ONE-WAY,STRAIGHT AND LEVEL,DRY,NO DEFECTS,Y,FAILING TO YIELD RIGHT-OF-WAY,BEAT_110,2,7,0,2,42.030151,-87.509966,29,1,Tuesday,7,11,Midday,0,0
2026-07-14 14:42:00,25,SNOW,"DARKNESS, LIGHTED ROAD",SIDESWIPE SAME DIRECTION,ONE-WAY,STRAIGHT AND LEVEL,WET,NO DEFECTS,Y,FAILING TO YIELD RIGHT-OF-WAY,BEAT_102,2,7,0,2,41.907285,-87.607686,29,1,Tuesday,7,14,Midday,0,0
2026-07-14 19:03:00,35,RAIN,DAWN,PARKED MOTOR VEHICLE,ONE-WAY,STRAIGHT AND LEVEL,WET,NO DEFECTS,N,DRIVING SKILLS/KNOWLEDGE/EXPERIENCE,BEAT_115,3,7,1,2,42.105432,-87.446612,29,1,Tuesday,7,19,Evening_Rush,0,1
2026-07-14 19:07:00,45,CLEAR,"DARKNESS, LIGHTED ROAD",REAR END,ONE-WAY,STRAIGHT AND LEVEL,DRY,NO DEFECTS,Y,WEATHER,BEAT_106,2,7,0,2,41.965541,-87.563437,29,1,Tuesday,7,19,Evening_Rush,0,0
2026-07-14 23:44:00,30,CLEAR,"DARKNESS, LIGHTED ROAD",TURNING,FOUR WAY INTERSECTION,STRAIGHT AND LEVEL,DRY,NO DEFECTS,N,FOLLOWING TOO CLOSELY,BEAT_111,2,7,0,2,42.04465,-87.491654,29,1,Tuesday,7,23,Night,0,0
2026-07-21 01:12:00,25,RAIN,"DARKNESS, LIGHTED ROAD",ANGLE,ALLEY,STRAIGHT AND LEVEL,SNOW OR SLUSH,NO DEFECTS,N,FAILING TO YIELD RIGHT-OF-WAY,BEAT_106,2,7,0,2,41.96769,-87.55685,30,1,Tuesday,7,1,Night,0,0
2026-07-21 01:29:00,30,CLEAR,DAYLIGHT,PEDESTRIAN,T-INTERSECTION,STRAIGHT AND LEVEL,WET,NO DEFECTS,Y,DRIVING SKILLS/KNOWLEDGE/EXPERIENCE,BEAT_119,1,7,0,2,42.161995,-87.401997,30,1,Tuesday,7,1,Night,0,0
2026-07-21 01:45:00,30,CLEAR,DAYLIGHT,REAR END,FOUR WAY INTERSECTION,STRAIGHT AND LEVEL,DRY,NO DEFECTS,Y,FOLLOWING TOO CLOSELY,BEAT_112,2,7,0,2,42.057773,-87.483008,30,1,Tuesday,7,1,Night,0,0
2026-07-21 03:13:00,25,CLEAR,DUSK,TURNING,FOUR WAY INTERSECTION,STRAIGHT AND LEVEL,DRY,NO DEFECTS,N,FAILING TO YIELD RIGHT-OF-WAY,BEAT_116,2,7,1,2,42.120338,-87.44331,30,1,Tuesday,7,3,Night,0,1
2026-07-21 05:12:00,25,CLEAR,DAWN,REAR END,FOUR WAY INTERSECTION,STRAIGHT AND LEVEL,DRY,NO DEFECTS,Y,FAILING TO YIELD RIGHT-OF-WAY,BEAT_105,2,7,0,2,41.957165,-87.569107,30,1,Tuesday,7,5,Night,0,0
2026-07-21 08:47:00,30,CLEAR,DAYLIGHT,PARKED MOTOR VEHICLE,DIVIDED - W/MEDIAN,STRAIGHT AND LEVEL,DRY,NO DEFECTS,N,WEATHER,BEAT_107,4,7,0,2,41.978308,-87.546022,30,1,Tuesday,7,8,Morning_Rush,0,0
2026-07-21 11:37:00,30,CLEAR,DAYLIGHT,REAR END,ONE-WAY,STRAIGHT AND LEVEL,WET,"RUT, HOLES",N,WEATHER,BEAT_107,2,7,0,2,41.984222,-87.545306,30,1,Tuesday,7,11,Midday,0,0
2026-07-21 12:22:00,30,RAIN,DAYLIGHT,FIXED OBJECT,DIVIDED - W/MEDIAN,STRAIGHT AND LEVEL,WET,DEBRIS ON ROAD,N,DRIVING SKILLS/KNOWLEDGE/EXPERIENCE,BEAT_119,2,7,0,2,42.169391,-87.400892,30,1,Tuesday,7,12,Midday,0,0
2026-07-21 16:34:00,20,RAIN,DAYLIGHT,TURNING,ONE-WAY,STRAIGHT AND LEVEL,WET,NO DEFECTS,N,DISREGARDING TRAFFIC SIGNALS,BEAT_109,2,7,1,2,42.014158,-87.523987,30,1,Tuesday,7,16,Evening_Rush,0,1
2026-07-21 18:10:00,30,CLEAR,DAYLIGHT,ANGLE,DIVIDED - W/MEDIAN,STRAIGHT AND LEVEL,DRY,NO DEFECTS,Y,FOLLOWING TOO CLOSELY,BEAT_112,1,7,0,2,42.058411,-87.485508,30,1,Tuesday,7,18,Evening_Rush,0,0
2026-07-21 18:47:00,40,CLEAR,DAYLIGHT,SIDESWIPE SAME DIRECTION,DIVIDED - W/MEDIAN,STRAIGHT ON GRADE,DRY,NO DEFECTS,N,FOLLOWING TOO CLOSELY,BEAT_109,2,7,0,2,42.014554,-87.520938,30,1,Tuesday,7,18,Evening_Rush,0,0
2026-07-28 00:01:00,40,SEVERE RAIN,DAYLIGHT,REAR END,ONE-WAY,STRAIGHT AND LEVEL,WET,NO DEFECTS,Y,FAILING TO YIELD RIGHT-OF-WAY,BEAT_107,2,7,0,2,41.980629,-87.543387,31,1,Tuesday,7,0,Night,0,0
2026-07-28 00:52:00,35,CLEAR,"DARKNESS, LIGHTED ROAD",REAR END,DIVIDED - W/MEDIAN,STRAIGHT AND LEVEL,DRY,WORN SURFACE,N,FAILING TO YIELD RIGHT-OF-WAY,BEAT_120,2,7,0,2,42.180068,-87.387729,31,1,Tuesday,7,0,Night,0,0
2026-07-28 05:26:00,30,CLEAR,"DARKNESS, LIGHTED ROAD",REAR END,NOT DIVIDED,STRAIGHT AND LEVEL,DRY,"RUT, HOLES",N,DRIVING SKILLS/KNOWLEDGE/EXPERIENCE,BEAT_108,2,7,0,2,41.994195,-87.537273,31,1,Tuesday,7,5,Night,0,0
2026-07-28 07:54:00,30,CLEAR,DAYLIGHT,TURNING,DIVIDED - W/MEDIAN,STRAIGHT AND LEVEL,DRY,NO DEFECTS,N,DRIVING SKILLS/KNOWLEDGE/EXPERIENCE,BEAT_107,2,7,0,2,41.977858,-87.54536,31,1,Tuesday,7,7,Morning_Rush,0,0
2026-07-28 08:31:00,30,CLEAR,DARKNESS,TURNING,DIVIDED - W/MEDIAN,STRAIGHT AND LEVEL,DRY,NO DEFECTS,Y,DRIVING SKILLS/KNOWLEDGE/EXPERIENCE,BEAT_112,2,7,0,2,42.056184,-87.477872,31,1,Tuesday,7,8,Morning_Rush,0,0
2026-07-28 12:28:00,20,CLEAR,"DARKNESS, LIGHTED ROAD",REAR END,NOT DIVIDED,STRAIGHT AND LEVEL,DRY,NO DEFECTS,N,FOLLOWING TOO CLOSELY,BEAT_104,2,7,0,2,41.935995,-87.582728,31,1,Tuesday,7,12,Midday,0,0
2026-07-28 13:58:00,25,CLEAR,DAYLIGHT,ANGLE,DIVIDED - W/MEDIAN,STRAIGHT AND LEVEL,DRY,NO DEFECTS,N,FOLLOWING TOO CLOSELY,BEAT_118,2,7,0,2,42.141206,-87.415356,31,1,Tuesday,7,13,Midday,0,0
2026-07-28 16:03:00,20,CLEAR,"DARKNESS, LIGHTED ROAD",TURNING,ONE-WAY,STRAIGHT AND LEVEL,WET,NO DEFECTS,N,DRIVING SKILLS/KNOWLEDGE/EXPERIENCE,BEAT_105,2,7,0,2,41.956424,-87.566284,31,1,Tuesday,7,16,Evening_Rush,0,0
2026-07-28 16:34:00,25,SEVERE RAIN,"DARKNESS, LIGHTED ROAD",REAR END,DIVIDED - W/MEDIAN,STRAIGHT AND LEVEL,WET,NO DEFECTS,Y,FOLLOWING TOO CLOSELY,BEAT_101,2,7,0,2,41.893189,-87.617603,31,1,Tuesday,7,16,Evening_Rush,0,0
2026-07-28 18:26:00,30,CLEAR,DAYLIGHT,SIDESWIPE SAME DIRECTION,DIVIDED - W/MEDIAN,STRAIGHT AND LEVEL,DRY,NO DEFECTS,N,FOLLOWING TOO CLOSELY,BEAT_108,4,7,1,2,41.998938,-87.537036,31,1,Tuesday,7,18,Evening_Rush,0,1
2026-07-28 20:56:00,30,CLEAR,DAYLIGHT,SIDESWIPE SAME DIRECTION,DIVIDED - W/MEDIAN,STRAIGHT AND LEVEL,DRY,NO DEFECTS,N,FOLLOWING TOO CLOSELY,BEAT_118,2,7,0,2,42.143388,-87.413062,31,1,Tuesday,7,20,Night,0,0
2026-07-28 21:04:00,20,RAIN,DAYLIGHT,SIDESWIPE SAME DIRECTION,FOUR WAY INTERSECTION,STRAIGHT AND LEVEL,WET,"RUT, HOLES",Y,FOLLOWING TOO CLOSELY,BEAT_111,1,7,0,2,42.043448,-87.495836,31,1,Tuesday,7,21,Night,0,0
2026-07-28 21:16:00,30,RAIN,DAYLIGHT,ANGLE,DIVIDED - W/MEDIAN,STRAIGHT AND LEVEL,WET,NO DEFECTS,Y,DRIVING SKILLS/KNOWLEDGE/EXPERIENCE,BEAT_114,2,7,0,2,42.084429,-87.469233,31,1,Tuesday,7,21,Night,0,0
2026-07-28 22:50:00,30,CLEAR,"DARKNESS, LIGHTED ROAD",REAR END,DIVIDED - W/MEDIAN,STRAIGHT AND LEVEL,SNOW OR SLUSH,NO DEFECTS,N,WEATHER,BEAT_102,2,7,0,2,41.908602,-87.602583,31,1,Tuesday,7,22,Night,0,0
2026-08-04 02:55:00,25,CLEAR,DAYLIGHT,REAR END,ONE-WAY,STRAIGHT ON GRADE,DRY,NO DEFECTS,Y,FAILING TO YIELD RIGHT-OF-WAY,BEAT_119,1,8,0,2,42.161901,-87.40244,32,1,Tuesday,8,2,Night,0,0
2026-08-04 05:02:00,30,CLEAR,DAYLIGHT,REAR END,DIVIDED - W/MEDIAN,STRAIGHT AND LEVEL,DRY,NO DEFECTS,N,WEATHER,BEAT_105,2,8,0,2,41.954537,-87.569254,32,1,Tuesday,8,5,Night,0,0
2026-08-04 06:09:00,50,CLEAR,DAYLIGHT,ANGLE,DIVIDED - W/MEDIAN,STRAIGHT AND LEVEL,DRY,NO DEFECTS,N,FAILING TO YIELD RIGHT-OF-WAY,BEAT_101,2,8,2,2,41.895414,-87.617415,32,1,Tuesday,8,6,Morning_Rush,0,1
2026-08-04 06:20:00,25,CLEAR,DAYLIGHT,PARKED MOTOR VEHICLE,DIVIDED - W/MEDIAN,STRAIGHT AND LEVEL,DRY,NO DEFECTS,Y,DRIVING SKILLS/KNOWLEDGE/EXPERIENCE,BEAT_109,1,8,2,2,42.014243,-87.521638,32,1,Tuesday,8,6,Morning_Rush,0,1
2026-08-04 08:18:00,20,CLEAR,DUSK,PEDESTRIAN,ONE-WAY,STRAIGHT AND LEVEL,DRY,NO DEFECTS,Y,FAILING TO YIELD RIGHT-OF-WAY,BEAT_108,2,8,0,2,42.001104,-87.535307,32,1,Tuesday,8,8,Morning_Rush,0,0
2026-08-04 08:45:00,50,CLEAR,DAWN,PARKED MOTOR VEHICLE,NOT DIVIDED,STRAIGHT ON GRADE,DRY,NO DEFECTS,N,DRIVING SKILLS/KNOWLEDGE/EXPERIENCE,BEAT_111,2,8,0,2,42.049421,-87.500467,32,1,Tuesday,8,8,Morning_Rush,0,0
2026-08-04 08:46:00,40,CLEAR,DAYLIGHT,TURNING,FOUR WAY INTERSECTION,STRAIGHT AND LEVEL,DRY,NO DEFECTS,Y,IMPROPER OVERTAKING/PASSING,BEAT_103,2,8,0,2,41.924356,-87.599614,32,1,Tuesday,8,8,Morning_Rush,0,0
2026-08-04 14:40:00,40,CLEAR,DAYLIGHT,TURNING,NOT DIVIDED,STRAIGHT AND LEVEL,WET,NO DEFECTS,Y,FAILING TO YIELD RIGHT-OF-WAY,BEAT_110,2,8,1,2,42.02994,-87.506387,32,1,Tuesday,8,14,Midday,0,1
2026-08-04 15:13:00,20,CLEAR,DAYLIGHT,TURNING,NOT DIVIDED,STRAIGHT AND LEVEL,DRY,NO DEFECTS,N,DRIVING SKILLS/KNOWLEDGE/EXPERIENCE,BEAT_107,2,8,0,2,41.983707,-87.546937,32,1,Tuesday,8,15,Midday,0,0
2026-08-04 16:56:00,30,CLEAR,DARKNESS,REAR END,FOUR WAY INTERSECTION,STRAIGHT AND LEVEL,DRY,NO DEFECTS,Y,FOLLOWING TOO CLOSELY,BEAT_116,1,8,1,2,42.116504,-87.435017,32,1,Tuesday,8,16,Evening_Rush,0,1
2026-08-04 17:11:00,55,SEVERE RAIN,DAYLIGHT,TURNING,DIVIDED - W/MEDIAN,STRAIGHT AND LEVEL,WET,NO DEFECTS,N,FAILING TO YIELD RIGHT-OF-WAY,BEAT_105,2,8,1,2,41.954431,-87.571394,32,1,Tuesday,8,17,Evening_Rush,0,1
2026-08-04 20:00:00,25,CLEAR,"DARKNESS, LIGHTED ROAD",SIDESWIPE SAME DIRECTION,ONE-WAY,STRAIGHT AND LEVEL,DRY,"RUT, HOLES",N,WEATHER,BEAT_116,2,8,0,2,42.119335,-87.440383,32,1,Tuesday,8,20,Night,0,0
2026-08-04 22:36:00,35,CLEAR,"DARKNESS, LIGHTED ROAD",ANGLE,DIVIDED - W/MEDIAN,STRAIGHT AND LEVEL,DRY,NO DEFECTS,Y,DRIVING SKILLS/KNOWLEDGE/EXPERIENCE,BEAT_115,4,8,0,2,42.103145,-87.454902,32,1,Tuesday,8,22,Night,0,0
2026-08-04 22:56:00,30,CLEAR,DAYLIGHT,REAR END,DIVIDED - W/MEDIAN,STRAIGHT AND LEVEL,WET,NO DEFECTS,Y,DRIVING SKILLS/KNOWLEDGE/EXPERIENCE,BEAT_117,2,8,0,2,42.13269,-87.428344,32,1,Tuesday,8,22,Night,0,0
2026-08-11 02:40:00,30,RAIN,"DARKNESS, LIGHTED ROAD",SIDESWIPE SAME DIRECTION,NOT DIVIDED,STRAIGHT AND LEVEL,WET,"RUT, HOLES",N,WEATHER,BEAT_115,3,8,1,2,42.103698,-87.449716,33,1,Tuesday,8,2,Night,0,1
2026-08-11 05:35:00,25,RAIN,"DARKNESS, LIGHTED ROAD",SIDESWIPE SAME DIRECTION,DIVIDED - W/MEDIAN,STRAIGHT AND LEVEL,WET,NO DEFECTS,N,FOLLOWING TOO CLOSELY,BEAT_108,1,8,0,2,41.993464,-87.531666,33,1,Tuesday,8,5,Night,0,0
2026-08-11 07:39:00,50,CLEAR,"DARKNESS, LIGHTED ROAD",ANGLE,ONE-WAY,STRAIGHT AND LEVEL,DRY,NO DEFECTS,N,FOLLOWING TOO CLOSELY,BEAT_109,2,8,0,2,42.009342,-87.523307,33,1,Tuesday,8,7,Morning_Rush,0,0
2026-08-11 08:49:00,30,RAIN,DAYLIGHT,SIDESWIPE SAME DIRECTION,FOUR WAY INTERSECTION,STRAIGHT AND LEVEL,SNOW OR SLUSH,NO DEFECTS,N,DRIVING SKILLS/KNOWLEDGE/EXPERIENCE,BEAT_112,2,8,1,2,42.05928,-87.483756,33,1,Tuesday,8,8,Morning_Rush,0,1
2026-08-11 09:37:00,30,RAIN,"DARKNESS, LIGHTED ROAD",TURNING,FOUR WAY INTERSECTION,STRAIGHT AND LEVEL,WET,NO DEFECTS,N,WEATHER,BEAT_114,2,8,0,2,42.089943,-87.461757,33,1,Tuesday,8,9,Morning_Rush,0,0
2026-08-11 15:52:00,55,CLEAR,DAYLIGHT,TURNING,FOUR WAY INTERSECTION,STRAIGHT AND LEVEL,WET,NO DEFECTS,Y,DISREGARDING TRAFFIC SIGNALS,BEAT_114,2,8,0,2,42.088444,-87.459354,33,1,Tuesday,8,15,Midday,0,0
2026-08-11 16:22:00,30,CLEAR,DAYLIGHT,PEDESTRIAN,FOUR WAY INTERSECTION,STRAIGHT AND LEVEL,DRY,NO DEFECTS,N,WEATHER,BEAT_110,2,8,0,2,42.02581,-87.506979,33,1,Tuesday,8,16,Evening_Rush,0,0
2026-08-11 21:04:00,25,SNOW,DARKNESS,REAR END,ONE-WAY,STRAIGHT AND LEVEL,WET,NO DEFECTS,Y,FAILING TO YIELD RIGHT-OF-WAY,BEAT_102,2,8,0,2,41.904792,-87.604992,33,1,Tuesday,8,21,Night,0,0
2026-08-18 00:29:00,25,RAIN,DAYLIGHT,PEDESTRIAN,DIVIDED - W/MEDIAN,STRAIGHT AND LEVEL,WET,NO DEFECTS,N,FAILING TO YIELD RIGHT-OF-WAY,BEAT_117,2,8,0,2,42.135719,-87.426877,34,1,Tuesday,8,0,Night,0,0
2026-08-18 01:08:00,30,CLEAR,DAYLIGHT,ANGLE,DIVIDED - W/MEDIAN,STRAIGHT AND LEVEL,DRY,NO DEFECTS,Y,WEATHER,BEAT_113,1,8,0,2,42.069669,-87.474126,34,1,Tuesday,8,1,Night,0,0
2026-08-18 02:19:00,25,CLEAR,"DARKNESS, LIGHTED ROAD",REAR END,FOUR WAY INTERSECTION,STRAIGHT AND LEVEL,WET,NO DEFECTS,N,FAILING TO YIELD RIGHT-OF-WAY,BEAT_112,2,8,1,2,42.058302,-87.481258,34,1,Tuesday,8,2,Night,0,1
2026-08-18 04:50:00,30,CLEAR,DAWN,SIDESWIPE SAME DIRECTION,NOT DIVIDED,STRAIGHT AND LEVEL,DRY,NO DEFECTS,Y,WEATHER,BEAT_119,1,8,0,2,42.166413,-87.40334,34,1,Tuesday,8,4,Night,0,0
2026-08-18 04:58:00,30,CLEAR,DARKNESS,ANGLE,NOT DIVIDED,STRAIGHT AND LEVEL,DRY,NO DEFECTS,N,DRIVING SKILLS/KNOWLEDGE/EXPERIENCE,BEAT_106,2,8,0,2,41.971995,-87.561998,34,1,Tuesday,8,4,Night,0,0
2026-08-18 07:35:00,45,CLEAR,"DARKNESS, LIGHTED ROAD",REAR END,DIVIDED - W/MEDIAN,STRAIGHT AND LEVEL,DRY,NO DEFECTS,N,FOLLOWING TOO CLOSELY,BEAT_118,1,8,0,2,42.149715,-87.413247,34,1,Tuesday,8,7,Morning_Rush,0,0
2026-08-18 10:04:00,30,CLEAR,DAYLIGHT,REAR END,ONE-WAY,STRAIGHT AND LEVEL,DRY,WORN SURFACE,Y,DRIVING SKILLS/KNOWLEDGE/EXPERIENCE,BEAT_112,2,8,1,2,42.057489,-87.488164,34,1,Tuesday,8,10,Midday,0,1
2026-08-18 18:48:00,40,CLEAR,DAYLIGHT,PARKED MOTOR VEHICLE,DIVIDED - W/MEDIAN,STRAIGHT AND LEVEL,WET,NO DEFECTS,Y,FAILING TO YIELD RIGHT-OF-WAY,BEAT_118,2,8,0,2,42.14548,-87.41415,34,1,Tuesday,8,18,Evening_Rush,0,0
2026-08-18 22:49:00,40,RAIN,"DARKNESS, LIGHTED ROAD",REAR END,FOUR WAY INTERSECTION,STRAIGHT AND LEVEL,WET,"RUT, HOLES",Y,DRIVING SKILLS/KNOWLEDGE/EXPERIENCE,BEAT_120,3,8,0,2,42.185413,-87.390571,34,1,Tuesday,8,22,Night,0,0
2026-08-25 00:20:00,25,CLEAR,"DARKNESS, LIGHTED ROAD",TURNING,ONE-WAY,STRAIGHT AND LEVEL,ICE,NO DEFECTS,N,FAILING TO YIELD RIGHT-OF-WAY,BEAT_102,3,8,0,2,41.90567,-87.612777,35,1,Tuesday,8,0,Night,0,0
2026-08-25 05:19:00,50,CLEAR,"DARKNESS, LIGHTED ROAD",FIXED OBJECT,DIVIDED - W/MEDIAN,STRAIGHT AND LEVEL,DRY,"RUT, HOLES",Y,WEATHER,BEAT_117,2,8,0,2,42.129569,-87.421113,35,1,Tuesday,8,5,Night,0,0
2026-08-25 15:21:00,50,CLEAR,DAYLIGHT,SIDESWIPE SAME DIRECTION,NOT DIVIDED,STRAIGHT AND LEVEL,DRY,WORN SURFACE,Y,FOLLOWING TOO CLOSELY,BEAT_116,2,8,0,2,42.119514,-87.432882,35,1,Tuesday,8,15,Midday,0,0
2026-08-25 16:52:00,25,CLEAR,DAYLIGHT,REAR END,NOT DIVIDED,STRAIGHT ON GRADE,DRY,NO DEFECTS,N,PHYSICAL CONDITION OF DRIVER,BEAT_106,3,8,0,2,41.964185,-87.555501,35,1,Tuesday,8,16,Evening_Rush,0,0
2026-08-25 17:30:00,30,CLEAR,DAYLIGHT,ANGLE,NOT DIVIDED,STRAIGHT AND LEVEL,DRY,DEBRIS ON ROAD,Y,FAILING TO YIELD RIGHT-OF-WAY,BEAT_119,1,8,0,2,42.16872,-87.400037,35,1,Tuesday,8,17,Evening_Rush,0,0
2026-08-25 18:30:00,30,SNOW,DAYLIGHT,SIDESWIPE SAME DIRECTION,NOT DIVIDED,STRAIGHT AND LEVEL,WET,DEBRIS ON ROAD,N,DISREGARDING TRAFFIC SIGNALS,BEAT_115,2,8,0,2,42.103278,-87.456448,35,1,Tuesday,8,18,Evening_Rush,0,0
2026-09-01 04:26:00,30,CLEAR,DAYLIGHT,TURNING,NOT DIVIDED,STRAIGHT AND LEVEL,DRY,NO DEFECTS,Y,DISREGARDING TRAFFIC SIGNALS,BEAT_105,2,9,0,2,41.956059,-87.568632,36,1,Tuesday,9,4,Night,0,0
2026-09-01 06:02:00,25,RAIN,"DARKNESS, LIGHTED ROAD",REAR END,NOT DIVIDED,STRAIGHT AND LEVEL,SNOW OR SLUSH,NO DEFECTS,Y,FOLLOWING TOO CLOSELY,BEAT_117,2,9,0,2,42.135876,-87.430445,36,1,Tuesday,9,6,Morning_Rush,0,0
2026-09-01 09:38:00,25,RAIN,"DARKNESS, LIGHTED ROAD",REAR END,DIVIDED - W/MEDIAN,STRAIGHT AND LEVEL,WET,NO DEFECTS,N,FAILING TO YIELD RIGHT-OF-WAY,BEAT_120,2,9,0,2,42.182355,-87.386104,36,1,Tuesday,9,9,Morning_Rush,0,0
2026-09-01 10:05:00,25,CLEAR,DAYLIGHT,ANGLE,NOT DIVIDED,CURVE ON GRADE,DRY,NO DEFECTS,Y,WEATHER,BEAT_114,1,9,1,2,42.089977,-87.457346,36,1,Tuesday,9,10,Midday,0,1
2026-09-01 11:36:00,30,CLEAR,DUSK,ANGLE,NOT DIVIDED,STRAIGHT AND LEVEL,WET,NO DEFECTS,Y,IMPROPER OVERTAKING/PASSING,BEAT_114,2,9,0,2,42.086147,-87.462751,36,1,Tuesday,9,11,Midday,0,0
2026-09-01 12:22:00,25,CLEAR,DAYLIGHT,SIDESWIPE SAME DIRECTION,DIVIDED - W/MEDIAN,STRAIGHT AND LEVEL,DRY,WORN SURFACE,Y,PHYSICAL CONDITION OF DRIVER,BEAT_104,2,9,0,2,41.938762,-87.57844,36,1,Tuesday,9,12,Midday,0,0
2026-09-01 14:38:00,30,CLEAR,DAYLIGHT,TURNING,FOUR WAY INTERSECTION,STRAIGHT AND LEVEL,DRY,"RUT, HOLES",Y,FAILING TO YIELD RIGHT-OF-WAY,BEAT_118,1,9,0,2,42.153848,-87.4191,36,1,Tuesday,9,14,Midday,0,0
2026-09-01 16:36:00,40,CLEAR,DAYLIGHT,SIDESWIPE SAME DIRECTION,DIVIDED - W/MEDIAN,STRAIGHT AND LEVEL,DRY,NO DEFECTS,N,DISREGARDING TRAFFIC SIGNALS,BEAT_108,2,9,0,2,42.003614,-87.532457,36,1,Tuesday,9,16,Evening_Rush,0,0
2026-09-01 17:01:00,25,RAIN,DAYLIGHT,TURNING,DIVIDED - W/MEDIAN,STRAIGHT AND LEVEL,ICE,NO DEFECTS,Y,FOLLOWING TOO CLOSELY,BEAT_105,3,9,0,2,41.953416,-87.567367,36,1,Tuesday,9,17,Evening_Rush,0,0
2026-09-01 17:54:00,35,CLEAR,"DARKNESS, LIGHTED ROAD",SIDESWIPE SAME DIRECTION,NOT DIVIDED,STRAIGHT AND LEVEL,WET,SHOULDER DEFECT,Y,FOLLOWING TOO CLOSELY,BEAT_103,1,9,0,2,41.925499,-87.593894,36,1,Tuesday,9,17,Evening_Rush,0,0
2026-09-01 18:32:00,40,CLEAR,"DARKNESS, LIGHTED ROAD",ANGLE,DIVIDED - W/MEDIAN,STRAIGHT AND LEVEL,DRY,NO DEFECTS,Y,DRIVING SKILLS/KNOWLEDGE/EXPERIENCE,BEAT_101,2,9,0,2,41.89278,-87.61768,36,1,Tuesday,9,18,Evening_Rush,0,0
2026-09-01 19:55:00,30,CLEAR,DUSK,TURNING,NOT DIVIDED,STRAIGHT AND LEVEL,DRY,"RUT, HOLES",N,FAILING TO YIELD RIGHT-OF-WAY,BEAT_106,2,9,0,2,41.963301,-87.564988,36,1,Tuesday,9,19,Evening_Rush,0,0
2026-09-01 20:24:00,40,RAIN,DAYLIGHT,REAR END,NOT DIVIDED,STRAIGHT AND LEVEL,WET,NO DEFECTS,N,FAILING TO YIELD RIGHT-OF-WAY,BEAT_115,2,9,1,2,42.10179,-87.45462,36,1,Tuesday,9,20,Night,0,1
2026-09-01 20:49:00,30,RAIN,"DARKNESS, LIGHTED ROAD",TURNING,NOT DIVIDED,STRAIGHT AND LEVEL,SNOW OR SLUSH,"RUT, HOLES",N,DRIVING SKILLS/KNOWLEDGE/EXPERIENCE,BEAT_120,4,9,1,2,42.183267,-87.392191,36,1,Tuesday,9,20,Night,0,1
2026-09-01 21:06:00,30,CLEAR,DAYLIGHT,FIXED OBJECT,NOT DIVIDED,STRAIGHT AND LEVEL,SNOW OR SLUSH,NO DEFECTS,N,FAILING TO YIELD RIGHT-OF-WAY,BEAT_110,3,9,0,2,42.027899,-87.509477,36,1,Tuesday,9,21,Night,0,0
2026-09-08 05:59:00,25,CLEAR,"DARKNESS, LIGHTED ROAD",TURNING,T-INTERSECTION,STRAIGHT AND LEVEL,DRY,NO DEFECTS,Y,FOLLOWING TOO CLOSELY,BEAT_101,2,9,0,2,41.89002,-87.615141,37,1,Tuesday,9,5,Night,0,0
2026-09-08 06:06:00,25,CLEAR,DAYLIGHT,REAR END,NOT DIVIDED,STRAIGHT AND LEVEL,DRY,NO DEFECTS,N,FAILING TO YIELD RIGHT-OF-WAY,BEAT_103,2,9,0,2,41.927202,-87.593234,37,1,Tuesday,9,6,Morning_Rush,0,0
2026-09-08 07:43:00,25,CLEAR,DAYLIGHT,ANGLE,NOT DIVIDED,STRAIGHT AND LEVEL,DRY,"RUT, HOLES",N,WEATHER,BEAT_102,2,9,0,2,41.914717,-87.602202,37,1,Tuesday,9,7,Morning_Rush,0,0
2026-09-08 08:34:00,25,CLEAR,"DARKNESS, LIGHTED ROAD",PEDESTRIAN,DIVIDED - W/MEDIAN,STRAIGHT AND LEVEL,WET,WORN SURFACE,N,FOLLOWING TOO CLOSELY,BEAT_118,2,9,2,2,42.147638,-87.410028,37,1,Tuesday,9,8,Morning_Rush,0,1
2026-09-08 09:10:00,30,CLEAR,DAYLIGHT,SIDESWIPE SAME DIRECTION,T-INTERSECTION,STRAIGHT AND LEVEL,DRY,NO DEFECTS,Y,DRIVING SKILLS/KNOWLEDGE/EXPERIENCE,BEAT_104,2,9,0,2,41.939572,-87.584678,37,1,Tuesday,9,9,Morning_Rush,0,0
2026-09-08 09:25:00,55,RAIN,DARKNESS,SIDESWIPE SAME DIRECTION,NOT DIVIDED,STRAIGHT AND LEVEL,WET,NO DEFECTS,Y,DRIVING SKILLS/KNOWLEDGE/EXPERIENCE,BEAT_115,2,9,1,2,42.106888,-87.445167,37,1,Tuesday,9,9,Morning_Rush,0,1
2026-09-08 10:05:00,30,CLEAR,DAWN,REAR END,NOT DIVIDED,STRAIGHT AND LEVEL,DRY,NO DEFECTS,N,WEATHER,BEAT_103,2,9,2,2,41.922576,-87.594368,37,1,Tuesday,9,10,Midday,0,1
2026-09-08 14:55:00,30,CLEAR,DAYLIGHT,TURNING,T-INTERSECTION,STRAIGHT AND LEVEL,DRY,NO DEFECTS,Y,DRIVING SKILLS/KNOWLEDGE/EXPERIENCE,BEAT_104,1,9,0,2,41.936938,-87.579763,37,1,Tuesday,9,14,Midday,0,0
2026-09-08 15:25:00,30,CLEAR,DAYLIGHT,PARKED MOTOR VEHICLE,T-INTERSECTION,STRAIGHT AND LEVEL,DRY,NO DEFECTS,N,WEATHER,BEAT_107,2,9,0,2,41.98181,-87.544229,37,1,Tuesday,9,15,Midday,0,0
2026-09-08 16:36:00,25,CLEAR,"DARKNESS, LIGHTED ROAD",REAR END,NOT DIVIDED,STRAIGHT AND LEVEL,DRY,NO DEFECTS,Y,FAILING TO YIELD RIGHT-OF-WAY,BEAT_104,2,9,0,2,41.939452,-87.576828,37,1,Tuesday,9,16,Evening_Rush,0,0
2026-09-08 18:42:00,25,RAIN,"DARKNESS, LIGHTED ROAD",SIDESWIPE SAME DIRECTION,FOUR WAY INTERSECTION,STRAIGHT AND LEVEL,WET,NO DEFECTS,N,FAILING TO YIELD RIGHT-OF-WAY,BEAT_116,2,9,0,2,42.116714,-87.434533,37,1,Tuesday,9,18,Evening_Rush,0,0
2026-09-08 18:55:00,55,CLEAR,DAYLIGHT,TURNING,DIVIDED - W/MEDIAN,STRAIGHT AND LEVEL,DRY,NO DEFECTS,Y,FAILING TO YIELD RIGHT-OF-WAY,BEAT_116,2,9,1,2,42.118254,-87.441485,37,1,Tuesday,9,18,Evening_Rush,0,1
2026-09-08 19:59:00,30,RAIN,DAYLIGHT,REAR END,ALLEY,STRAIGHT AND LEVEL,WET,NO DEFECTS,N,FAILING TO YIELD RIGHT-OF-WAY,BEAT_111,2,9,0,2,42.04905,-87.500201,37,1,Tuesday,9,19,Evening_Rush,0,0
2026-09-08 20:18:00,40,RAIN,"DARKNESS, LIGHTED ROAD",SIDESWIPE SAME DIRECTION,DIVIDED - W/MEDIAN,"CURVE, LEVEL",WET,NO DEFECTS,Y,PHYSICAL CONDITION OF DRIVER,BEAT_103,2,9,0,2,41.920549,-87.594727,37,1,Tuesday,9,20,Night,0,0
2026-09-08 22:21:00,35,CLEAR,DAYLIGHT,SIDESWIPE SAME DIRECTION,DIVIDED - W/MEDIAN,STRAIGHT AND LEVEL,SNOW OR SLUSH,NO DEFECTS,Y,FAILING TO YIELD RIGHT-OF-WAY,BEAT_104,2,9,0,2,41.938489,-87.577142,37,1,Tuesday,9,22,Night,0,0
2026-09-15 04:06:00,45,RAIN,DAYLIGHT,SIDESWIPE SAME DIRECTION,FOUR WAY INTERSECTION,STRAIGHT AND LEVEL,SNOW OR SLUSH,NO DEFECTS,Y,FAILING TO YIELD RIGHT-OF-WAY,BEAT_112,2,9,0,2,42.058762,-87.488831,38,1,Tuesday,9,4,Night,0,0
2026-09-15 06:48:00,25,RAIN,DAYLIGHT,PARKED MOTOR VEHICLE,NOT DIVIDED,STRAIGHT AND LEVEL,WET,NO DEFECTS,N,DRIVING SKILLS/KNOWLEDGE/EXPERIENCE,BEAT_114,1,9,0,2,42.088118,-87.458822,38,1,Tuesday,9,6,Morning_Rush,0,0
2026-09-15 08:18:00,35,CLEAR,DAYLIGHT,ANGLE,NOT DIVIDED,"CURVE, LEVEL",DRY,NO DEFECTS,Y,FAILING TO YIELD RIGHT-OF-WAY,BEAT_106,2,9,1,2,41.962463,-87.557269,38,1,Tuesday,9,8,Morning_Rush,0,1
2026-09-15 10:22:00,35,CLEAR,"DARKNESS, LIGHTED ROAD",TURNING,NOT DIVIDED,STRAIGHT AND LEVEL,ICE,NO DEFECTS,Y,DISREGARDING TRAFFIC SIGNALS,BEAT_108,2,9,0,2,41.997253,-87.533246,38,1,Tuesday,9,10,Midday,0,0
2026-09-15 12:18:00,30,RAIN,DAYLIGHT,REAR END,DIVIDED - W/MEDIAN,STRAIGHT AND LEVEL,WET,NO DEFECTS,Y,DRIVING SKILLS/KNOWLEDGE/EXPERIENCE,BEAT_116,2,9,0,2,42.118541,-87.442949,38,1,Tuesday,9,12,Midday,0,0
2026-09-15 14:22:00,55,CLEAR,DAYLIGHT,REAR END,DIVIDED - W/MEDIAN,STRAIGHT AND LEVEL,DRY,NO DEFECTS,Y,FAILING TO YIELD RIGHT-OF-WAY,BEAT_117,1,9,0,2,42.130107,-87.425807,38,1,Tuesday,9,14,Midday,0,0
2026-09-15 14:28:00,40,CLEAR,DAYLIGHT,ANGLE,NOT DIVIDED,STRAIGHT AND LEVEL,DRY,NO DEFECTS,Y,FAILING TO YIELD RIGHT-OF-WAY,BEAT_103,2,9,0,2,41.921156,-87.592916,38,1,Tuesday,9,14,Midday,0,0
2026-09-15 20:14:00,40,CLEAR,"DARKNESS, LIGHTED ROAD",TURNING,ONE-WAY,STRAIGHT AND LEVEL,DRY,NO DEFECTS,Y,DRIVING SKILLS/KNOWLEDGE/EXPERIENCE,BEAT_120,2,9,0,2,42.176514,-87.388041,38,1,Tuesday,9,20,Night,0,0
2026-09-15 22:39:00,20,SEVERE RAIN,"DARKNESS, LIGHTED ROAD",SIDESWIPE SAME DIRECTION,ONE-WAY,STRAIGHT AND LEVEL,SNOW OR SLUSH,"RUT, HOLES",N,WEATHER,BEAT_114,2,9,0,2,42.087354,-87.461107,38,1,Tuesday,9,22,Night,0,0
2026-09-22 02:03:00,25,CLEAR,DAWN,SIDESWIPE SAME DIRECTION,NOT DIVIDED,STRAIGHT AND LEVEL,DRY,NO DEFECTS,N,FAILING TO YIELD RIGHT-OF-WAY,BEAT_106,2,9,0,2,41.96784,-87.556171,39,1,Tuesday,9,2,Night,0,0
2026-09-22 04:57:00,30,CLEAR,"DARKNESS, LIGHTED ROAD",REAR END,ALLEY,STRAIGHT AND LEVEL,DRY,NO DEFECTS,Y,PHYSICAL CONDITION OF DRIVER,BEAT_117,2,9,2,2,42.134347,-87.4219,39,1,Tuesday,9,4,Night,0,1
2026-09-22 05:57:00,30,CLEAR,DARKNESS,REAR END,T-INTERSECTION,STRAIGHT AND LEVEL,DRY,WORN SURFACE,Y,FAILING TO YIELD RIGHT-OF-WAY,BEAT_104,2,9,1,2,41.940683,-87.578016,39,1,Tuesday,9,5,Night,0,1
2026-09-22 06:17:00,25,CLEAR,DAYLIGHT,PARKED MOTOR VEHICLE,NOT DIVIDED,STRAIGHT AND LEVEL,DRY,NO DEFECTS,N,FOLLOWING TOO CLOSELY,BEAT_109,1,9,0,2,42.019562,-87.524717,39,1,Tuesday,9,6,Morning_Rush,0,0
2026-09-22 06:47:00,25,CLEAR,DAYLIGHT,ANGLE,NOT DIVIDED,STRAIGHT AND LEVEL,DRY,"RUT, HOLES",Y,FOLLOWING TOO CLOSELY,BEAT_103,3,9,0,2,41.925933,-87.595873,39,1,Tuesday,9,6,Morning_Rush,0,0
2026-09-22 08:17:00,25,CLEAR,DAYLIGHT,REAR END,ONE-WAY,STRAIGHT AND LEVEL,DRY,NO DEFECTS,N,FOLLOWING TOO CLOSELY,BEAT_105,2,9,2,2,41.957513,-87.573934,39,1,Tuesday,9,8,Morning_Rush,0,1
2026-09-22 13:59:00,30,CLEAR,DAYLIGHT,REAR END,DIVIDED - W/MEDIAN,STRAIGHT AND LEVEL,DRY,NO DEFECTS,Y,DRIVING SKILLS/KNOWLEDGE/EXPERIENCE,BEAT_118,2,9,0,2,42.147681,-87.41198,39,1,Tuesday,9,13,Midday,0,0
2026-09-22 17:37:00,55,RAIN,"DARKNESS, LIGHTED ROAD",ANGLE,DIVIDED - W/MEDIAN,STRAIGHT AND LEVEL,WET,NO DEFECTS,N,DRIVING SKILLS/KNOWLEDGE/EXPERIENCE,BEAT_119,2,9,0,2,42.165433,-87.407814,39,1,Tuesday,9,17,Evening_Rush,0,0
2026-09-22 19:19:00,25,CLEAR,DAYLIGHT,ANGLE,DIVIDED - W/MEDIAN,STRAIGHT AND LEVEL,WET,NO DEFECTS,Y,DISREGARDING TRAFFIC SIGNALS,BEAT_108,2,9,0,2,41.997767,-87.534202,39,1,Tuesday,9,19,Evening_Rush,0,0
2026-09-22 19:55:00,25,CLEAR,DAYLIGHT,REAR END,NOT DIVIDED,STRAIGHT AND LEVEL,DRY,NO DEFECTS,N,FAILING TO YIELD RIGHT-OF-WAY,BEAT_103,2,9,0,2,41.9205,-87.594318,39,1,Tuesday,9,19,Evening_Rush,0,0
2026-09-22 20:02:00,30,CLEAR,"DARKNESS, LIGHTED ROAD",ANGLE,NOT DIVIDED,STRAIGHT AND LEVEL,SNOW OR SLUSH,NO DEFECTS,N,WEATHER,BEAT_113,1,9,0,2,42.072888,-87.472265,39,1,Tuesday,9,20,Night,0,0
2026-09-29 09:30:00,30,CLEAR,DAYLIGHT,PARKED MOTOR VEHICLE,DIVIDED - W/MEDIAN,STRAIGHT ON GRADE,DRY,NO DEFECTS,Y,FOLLOWING TOO CLOSELY,BEAT_109,2,9,0,2,42.008981,-87.523688,40,1,Tuesday,9,9,Morning_Rush,0,0
2026-09-29 16:14:00,25,CLEAR,DAYLIGHT,PARKED MOTOR VEHICLE,DIVIDED - W/MEDIAN,STRAIGHT AND LEVEL,WET,DEBRIS ON ROAD,N,FAILING TO YIELD RIGHT-OF-WAY,BEAT_113,2,9,0,2,42.074728,-87.47616,40,1,Tuesday,9,16,Evening_Rush,0,0
2026-09-29 16:53:00,25,CLEAR,DAYLIGHT,TURNING,T-INTERSECTION,STRAIGHT AND LEVEL,DRY,NO DEFECTS,Y,DRIVING SKILLS/KNOWLEDGE/EXPERIENCE,BEAT_118,2,9,0,2,42.151324,-87.413793,40,1,Tuesday,9,16,Evening_Rush,0,0
2026-09-29 18:00:00,55,CLEAR,DAYLIGHT,PARKED MOTOR VEHICLE,ONE-WAY,"CURVE, LEVEL",WET,"RUT, HOLES",N,FOLLOWING TOO CLOSELY,BEAT_108,1,9,0,2,41.999052,-87.53542,40,1,Tuesday,9,18,Evening_Rush,0,0
2026-09-29 21:17:00,20,RAIN,DARKNESS,SIDESWIPE SAME DIRECTION,DIVIDED - W/MEDIAN,STRAIGHT AND LEVEL,WET,NO DEFECTS,Y,DRIVING SKILLS/KNOWLEDGE/EXPERIENCE,BEAT_111,3,9,2,2,42.042912,-87.494992,40,1,Tuesday,9,21,Night,0,1
2026-09-29 21:53:00,40,FOG/SMOKE/HAZE,"DARKNESS, LIGHTED ROAD",PARKED MOTOR VEHICLE,DIVIDED - W/MEDIAN,STRAIGHT AND LEVEL,WET,NO DEFECTS,N,FOLLOWING TOO CLOSELY,BEAT_120,1,9,0,2,42.180691,-87.393496,40,1,Tuesday,9,21,Night,0,0
2026-09-29 22:08:00,30,CLEAR,DAYLIGHT,ANGLE,DIVIDED - W/MEDIAN,STRAIGHT AND LEVEL,DRY,WORN SURFACE,N,DRIVING SKILLS/KNOWLEDGE/EXPERIENCE,BEAT_117,4,9,0,2,42.140679,-87.421705,40,1,Tuesday,9,22,Night,0,0
2026-09-29 22:17:00,30,SEVERE RAIN,DAYLIGHT,SIDESWIPE SAME DIRECTION,FOUR WAY INTERSECTION,STRAIGHT AND LEVEL,WET,"RUT, HOLES",Y,IMPROPER OVERTAKING/PASSING,BEAT_117,2,9,0,2,42.130038,-87.428248,40,1,Tuesday,9,22,Night,0,0
2026-10-06 08:37:00,35,CLEAR,DAYLIGHT,TURNING,NOT DIVIDED,STRAIGHT AND LEVEL,DRY,NO DEFECTS,Y,DISREGARDING TRAFFIC SIGNALS,BEAT_103,2,10,0,2,41.922459,-87.58979,41,1,Tuesday,10,8,Morning_Rush,0,0
2026-10-06 09:01:00,50,SNOW,DUSK,ANGLE,DIVIDED - W/MEDIAN,STRAIGHT AND LEVEL,SNOW OR SLUSH,NO DEFECTS,Y,DRIVING SKILLS/KNOWLEDGE/EXPERIENCE,BEAT_111,2,10,0,2,42.048579,-87.500523,41,1,Tuesday,10,9,Morning_Rush,0,0
2026-10-06 10:15:00,30,CLEAR,DAYLIGHT,REAR END,NOT DIVIDED,"CURVE, LEVEL",DRY,"RUT, HOLES",N,WEATHER,BEAT_107,1,10,0,2,41.982458,-87.543372,41,1,Tuesday,10,10,Midday,0,0
2026-10-06 12:16:00,25,RAIN,DAYLIGHT,ANGLE,NOT DIVIDED,STRAIGHT AND LEVEL,SNOW OR SLUSH,NO DEFECTS,N,DRIVING SKILLS/KNOWLEDGE/EXPERIENCE,BEAT_116,1,10,0,2,42.118868,-87.441252,41,1,Tuesday,10,12,Midday,0,0
2026-10-06 13:29:00,25,CLEAR,DAYLIGHT,SIDESWIPE SAME DIRECTION,NOT DIVIDED,STRAIGHT AND LEVEL,WET,NO DEFECTS,Y,FOLLOWING TOO CLOSELY,BEAT_101,2,10,0,2,41.892286,-87.61447,41,1,Tuesday,10,13,Midday,0,0
2026-10-06 17:21:00,40,CLEAR,DAWN,REAR END,NOT DIVIDED,STRAIGHT AND LEVEL,DRY,NO DEFECTS,N,IMPROPER OVERTAKING/PASSING,BEAT_112,2,10,0,2,42.063132,-87.487408,41,1,Tuesday,10,17,Evening_Rush,0,0
2026-10-06 17:31:00,25,CLEAR,DARKNESS,REAR END,NOT DIVIDED,STRAIGHT AND LEVEL,DRY,NO DEFECTS,N,DRIVING SKILLS/KNOWLEDGE/EXPERIENCE,BEAT_117,2,10,0,2,42.13588,-87.429096,41,1,Tuesday,10,17,Evening_Rush,0,0
2026-10-06 22:00:00,40,CLEAR,"DARKNESS, LIGHTED ROAD",SIDESWIPE SAME DIRECTION,DIVIDED - W/MEDIAN,STRAIGHT AND LEVEL,DRY,NO DEFECTS,N,FAILING TO YIELD RIGHT-OF-WAY,BEAT_107,2,10,1,2,41.981047,-87.55101,41,1,Tuesday,10,22,Night,0,1
2026-10-06 22:05:00,35,CLEAR,DAYLIGHT,TURNING,NOT DIVIDED,STRAIGHT AND LEVEL,DRY,"RUT, HOLES",N,DISREGARDING TRAFFIC SIGNALS,BEAT_120,2,10,0,2,42.180318,-87.387351,41,1,Tuesday,10,22,Night,0,0
2026-10-06 22:42:00,25,CLEAR,DAYLIGHT,SIDESWIPE SAME DIRECTION,NOT DIVIDED,STRAIGHT AND LEVEL,DRY,NO DEFECTS,N,DRIVING SKILLS/KNOWLEDGE/EXPERIENCE,BEAT_104,1,10,0,2,41.938374,-87.580996,41,1,Tuesday,10,22,Night,0,0
2026-10-06 23:38:00,30,CLEAR,"DARKNESS, LIGHTED ROAD",SIDESWIPE SAME DIRECTION,DIVIDED - W/MEDIAN,STRAIGHT ON GRADE,DRY,NO DEFECTS,Y,WEATHER,BEAT_101,2,10,0,2,41.893855,-87.615241,41,1,Tuesday,10,23,Night,0,0
2026-10-13 00:31:00,30,CLEAR,DAYLIGHT,ANGLE,NOT DIVIDED,STRAIGHT AND LEVEL,DRY,NO DEFECTS,N,FOLLOWING TOO CLOSELY,BEAT_120,2,10,0,2,42.17549,-87.385543,42,1,Tuesday,10,0,Night,0,0
2026-10-13 01:19:00,25,CLEAR,"DARKNESS, LIGHTED ROAD",SIDESWIPE SAME DIRECTION,DIVIDED - W/MEDIAN,"CURVE, LEVEL",DRY,NO DEFECTS,Y,WEATHER,BEAT_114,2,10,0,2,42.09013,-87.463114,42,1,Tuesday,10,1,Night,0,0
2026-10-13 04:29:00,35,CLEAR,DAYLIGHT,SIDESWIPE SAME DIRECTION,ONE-WAY,STRAIGHT AND LEVEL,DRY,NO DEFECTS,Y,FOLLOWING TOO CLOSELY,BEAT_107,2,10,1,2,41.982008,-87.547341,42,1,Tuesday,10,4,Night,0,1
2026-10-13 05:54:00,25,CLEAR,"DARKNESS, LIGHTED ROAD",REAR END,DIVIDED - W/MEDIAN,STRAIGHT AND LEVEL,DRY,NO DEFECTS,N,FAILING TO YIELD RIGHT-OF-WAY,BEAT_107,2,10,0,2,41.983626,-87.546986,42,1,Tuesday,10,5,Night,0,0
2026-10-13 07:09:00,25,CLEAR,"DARKNESS, LIGHTED ROAD",REAR END,ALLEY,STRAIGHT ON GRADE,ICE,"RUT, HOLES",Y,WEATHER,BEAT_112,2,10,1,2,42.060054,-87.483719,42,1,Tuesday,10,7,Morning_Rush,0,1
2026-10-13 09:56:00,35,CLEAR,"DARKNESS, LIGHTED ROAD",PARKED MOTOR VEHICLE,ONE-WAY,STRAIGHT AND LEVEL,WET,"RUT, HOLES",Y,FOLLOWING TOO CLOSELY,BEAT_115,2,10,0,2,42.105206,-87.444744,42,1,Tuesday,10,9,Morning_Rush,0,0
2026-10-13 11:10:00,25,CLEAR,DAYLIGHT,TURNING,ONE-WAY,STRAIGHT AND LEVEL,DRY,NO DEFECTS,N,FOLLOWING TOO CLOSELY,BEAT_103,1,10,0,2,41.919727,-87.593921,42,1,Tuesday,10,11,Midday,0,0
2026-10-13 12:43:00,20,CLEAR,DAYLIGHT,TURNING,ALLEY,STRAIGHT AND LEVEL,WET,WORN SURFACE,N,FAILING TO YIELD RIGHT-OF-WAY,BEAT_109,2,10,0,2,42.016105,-87.520598,42,1,Tuesday,10,12,Midday,0,0
2026-10-13 13:50:00,25,CLEAR,DAYLIGHT,TURNING,ONE-WAY,STRAIGHT AND LEVEL,WET,NO DEFECTS,N,PHYSICAL CONDITION OF DRIVER,BEAT_111,1,10,0,2,42.04292,-87.497846,42,1,Tuesday,10,13,Midday,0,0
2026-10-13 15:58:00,25,CLEAR,DAYLIGHT,REAR END,DIVIDED - W/MEDIAN,STRAIGHT AND LEVEL,DRY,WORN SURFACE,Y,FAILING TO YIELD RIGHT-OF-WAY,BEAT_106,2,10,0,2,41.971074,-87.560061,42,1,Tuesday,10,15,Midday,0,0
2026-10-13 17:06:00,50,RAIN,DAYLIGHT,ANGLE,NOT DIVIDED,STRAIGHT AND LEVEL,WET,NO DEFECTS,Y,IMPROPER OVERTAKING/PASSING,BEAT_111,2,10,0,2,42.043092,-87.493943,42,1,Tuesday,10,17,Evening_Rush,0,0
2026-10-13 18:37:00,35,CLEAR,DAYLIGHT,SIDESWIPE SAME DIRECTION,DIVIDED - W/MEDIAN,STRAIGHT AND LEVEL,DRY,NO DEFECTS,Y,DRIVING SKILLS/KNOWLEDGE/EXPERIENCE,BEAT_103,1,10,0,2,41.925385,-87.595017,42,1,Tuesday,10,18,Evening_Rush,0,0
2026-10-13 22:27:00,25,CLEAR,DAYLIGHT,REAR END,DIVIDED - W/MEDIAN,STRAIGHT AND LEVEL,DRY,NO DEFECTS,Y,FAILING TO YIELD RIGHT-OF-WAY,BEAT_119,2,10,1,2,42.167904,-87.397497,42,1,Tuesday,10,22,Night,0,1
2026-10-13 22:35:00,30,SNOW,DAYLIGHT,ANGLE,DIVIDED - W/MEDIAN,STRAIGHT AND LEVEL,SNOW OR SLUSH,NO DEFECTS,N,DRIVING SKILLS/KNOWLEDGE/EXPERIENCE,BEAT_116,2,10,0,2,42.119622,-87.437558,42,1,Tuesday,10,22,Night,0,0
2026-10-13 23:43:00,30,CLEAR,DAYLIGHT,TURNING,ONE-WAY,STRAIGHT ON GRADE,DRY,NO DEFECTS,Y,FOLLOWING TOO CLOSELY,BEAT_114,2,10,0,2,42.086068,-87.461442,42,1,Tuesday,10,23,Night,0,0
2026-10-20 02:59:00,40,RAIN,"DARKNESS, LIGHTED ROAD",SIDESWIPE SAME DIRECTION,DIVIDED - W/MEDIAN,STRAIGHT AND LEVEL,WET,NO DEFECTS,Y,FAILING TO YIELD RIGHT-OF-WAY,BEAT_101,2,10,0,2,41.889573,-87.615159,43,1,Tuesday,10,2,Night,0,0
2026-10-20 05:20:00,30,CLEAR,DAYLIGHT,ANGLE,FOUR WAY INTERSECTION,STRAIGHT AND LEVEL,WET,NO DEFECTS,Y,FAILING TO YIELD RIGHT-OF-WAY,BEAT_108,2,10,0,2,41.996918,-87.535035,43,1,Tuesday,10,5,Night,0,0
2026-10-20 05:35:00,35,SNOW,"DARKNESS, LIGHTED ROAD",SIDESWIPE SAME DIRECTION,DIVIDED - W/MEDIAN,STRAIGHT AND LEVEL,WET,DEBRIS ON ROAD,N,FAILING TO YIELD RIGHT-OF-WAY,BEAT_112,2,10,0,2,42.061713,-87.489676,43,1,Tuesday,10,5,Night,0,0
2026-10-20 08:05:00,30,CLEAR,DAYLIGHT,TURNING,NOT DIVIDED,STRAIGHT AND LEVEL,WET,NO DEFECTS,Y,WEATHER,BEAT_119,2,10,0,2,42.168087,-87.401181,43,1,Tuesday,10,8,Morning_Rush,0,0
2026-10-20 09:46:00,25,RAIN,"DARKNESS, LIGHTED ROAD",ANGLE,ONE-WAY,STRAIGHT AND LEVEL,WET,NO DEFECTS,N,FOLLOWING TOO CLOSELY,BEAT_114,1,10,0,2,42.087873,-87.458797,43,1,Tuesday,10,9,Morning_Rush,0,0
2026-10-20 12:21:00,40,CLEAR,DAYLIGHT,REAR END,ALLEY,STRAIGHT AND LEVEL,WET,NO DEFECTS,N,FOLLOWING TOO CLOSELY,BEAT_116,2,10,0,2,42.116112,-87.436931,43,1,Tuesday,10,12,Midday,0,0
2026-10-20 13:05:00,30,CLEAR,DAYLIGHT,PARKED MOTOR VEHICLE,NOT DIVIDED,STRAIGHT AND LEVEL,DRY,NO DEFECTS,Y,FAILING TO YIELD RIGHT-OF-WAY,BEAT_107,2,10,0,2,41.981194,-87.546221,43,1,Tuesday,10,13,Midday,0,0
2026-10-20 13:47:00,30,SNOW,DAYLIGHT,TURNING,NOT DIVIDED,STRAIGHT AND LEVEL,SNOW OR SLUSH,NO DEFECTS,N,DISREGARDING TRAFFIC SIGNALS,BEAT_114,2,10,2,2,42.083713,-87.456605,43,1,Tuesday,10,13,Midday,0,1
2026-10-20 16:18:00,35,CLEAR,"DARKNESS, LIGHTED ROAD",REAR END,NOT DIVIDED,STRAIGHT AND LEVEL,WET,NO DEFECTS,N,FAILING TO YIELD RIGHT-OF-WAY,BEAT_105,2,10,2,2,41.951892,-87.572687,43,1,Tuesday,10,16,Evening_Rush,0,1
2026-10-20 16:37:00,30,CLEAR,DAYLIGHT,PARKED MOTOR VEHICLE,DIVIDED - W/MEDIAN,STRAIGHT AND LEVEL,DRY,NO DEFECTS,N,DISREGARDING TRAFFIC SIGNALS,BEAT_102,2,10,0,2,41.908553,-87.603504,43,1,Tuesday,10,16,Evening_Rush,0,0
2026-10-20 16:37:00,25,CLEAR,DAYLIGHT,REAR END,ALLEY,STRAIGHT AND LEVEL,DRY,NO DEFECTS,Y,FOLLOWING TOO CLOSELY,BEAT_114,2,10,0,2,42.092304,-87.461175,43,1,Tuesday,10,16,Evening_Rush,0,0
2026-10-20 17:55:00,25,CLEAR,DAYLIGHT,PARKED MOTOR VEHICLE,DIVIDED - W/MEDIAN,STRAIGHT AND LEVEL,DRY,NO DEFECTS,N,FAILING TO YIELD RIGHT-OF-WAY,BEAT_105,2,10,0,2,41.951609,-87.570636,43,1,Tuesday,10,17,Evening_Rush,0,0
2026-10-20 21:03:00,40,CLEAR,DAYLIGHT,PARKED MOTOR VEHICLE,DIVIDED - W/MEDIAN,STRAIGHT AND LEVEL,WET,NO DEFECTS,N,FOLLOWING TOO CLOSELY,BEAT_119,2,10,0,2,42.166281,-87.398043,43,1,Tuesday,10,21,Night,0,0
2026-10-27 03:14:00,25,RAIN,DUSK,REAR END,DIVIDED - W/MEDIAN,STRAIGHT AND LEVEL,WET,NO DEFECTS,N,IMPROPER OVERTAKING/PASSING,BEAT_111,3,10,0,2,42.04514,-87.496074,44,1,Tuesday,10,3,Night,0,0
2026-10-27 03:31:00,25,CLEAR,DAYLIGHT,PEDESTRIAN,ONE-WAY,STRAIGHT AND LEVEL,DRY,NO DEFECTS,N,DISREGARDING TRAFFIC SIGNALS,BEAT_112,2,10,0,2,42.059806,-87.486876,44,1,Tuesday,10,3,Night,0,0
2026-10-27 05:48:00,50,CLEAR,"DARKNESS, LIGHTED ROAD",ANGLE,DIVIDED - W/MEDIAN,"CURVE, LEVEL",WET,NO DEFECTS,N,FAILING TO YIELD RIGHT-OF-WAY,BEAT_114,2,10,0,2,42.091784,-87.463036,44,1,Tuesday,10,5,Night,0,0
2026-10-27 06:56:00,30,RAIN,DAYLIGHT,SIDESWIPE SAME DIRECTION,NOT DIVIDED,STRAIGHT AND LEVEL,WET,NO DEFECTS,Y,WEATHER,BEAT_112,2,10,0,2,42.057511,-87.487813,44,1,Tuesday,10,6,Morning_Rush,0,0
2026-10-27 08:56:00,30,CLEAR,DARKNESS,PEDESTRIAN,DIVIDED - W/MEDIAN,STRAIGHT AND LEVEL,DRY,NO DEFECTS,Y,FOLLOWING TOO CLOSELY,BEAT_114,2,10,2,2,42.085174,-87.463201,44,1,Tuesday,10,8,Morning_Rush,0,1
2026-10-27 11:36:00,30,CLEAR,DAYLIGHT,PARKED MOTOR VEHICLE,FOUR WAY INTERSECTION,STRAIGHT AND LEVEL,DRY,NO DEFECTS,Y,WEATHER,BEAT_107,3,10,1,2,41.989385,-87.544039,44,1,Tuesday,10,11,Midday,0,1
2026-10-27 11:37:00,30,CLEAR,DAYLIGHT,TURNING,DIVIDED - W/MEDIAN,STRAIGHT AND LEVEL,WET,NO DEFECTS,Y,FAILING TO YIELD RIGHT-OF-WAY,BEAT_113,2,10,1,2,42.075052,-87.473585,44,1,Tuesday,10,11,Midday,0,1
2026-10-27 14:24:00,35,CLEAR,DAYLIGHT,REAR END,NOT DIVIDED,STRAIGHT AND LEVEL,DRY,DEBRIS ON ROAD,Y,FAILING TO YIELD RIGHT-OF-WAY,BEAT_107,2,10,0,2,41.983723,-87.544367,44,1,Tuesday,10,14,Midday,0,0
2026-10-27 18:46:00,35,CLEAR,DARKNESS,REAR END,NOT DIVIDED,STRAIGHT AND LEVEL,ICE,NO DEFECTS,Y,PHYSICAL CONDITION OF DRIVER,BEAT_116,2,10,0,2,42.122339,-87.439244,44,1,Tuesday,10,18,Evening_Rush,0,0
2026-10-27 19:45:00,45,CLEAR,DAYLIGHT,SIDESWIPE SAME DIRECTION,NOT DIVIDED,STRAIGHT AND LEVEL,SNOW OR SLUSH,WORN SURFACE,Y,FAILING TO YIELD RIGHT-OF-WAY,BEAT_109,2,10,0,2,42.01246,-87.521122,44,1,Tuesday,10,19,Evening_Rush,0,0
2026-10-27 21:57:00,35,CLEAR,DAYLIGHT,ANGLE,ALLEY,STRAIGHT AND LEVEL,DRY,NO DEFECTS,Y,FAILING TO YIELD RIGHT-OF-WAY,BEAT_117,2,10,0,2,42.133268,-87.428695,44,1,Tuesday,10,21,Night,0,0
2026-10-27 23:01:00,25,CLEAR,DAYLIGHT,REAR END,DIVIDED - W/MEDIAN,"CURVE, LEVEL",DRY,NO DEFECTS,Y,FAILING TO YIELD RIGHT-OF-WAY,BEAT_113,3,10,0,2,42.072179,-87.470502,44,1,Tuesday,10,23,Night,0,0
2026-11-03 02:52:00,25,SNOW,DAYLIGHT,SIDESWIPE SAME DIRECTION,DIVIDED - W/MEDIAN,STRAIGHT AND LEVEL,WET,NO DEFECTS,N,FAILING TO YIELD RIGHT-OF-WAY,BEAT_114,2,11,0,2,42.083059,-87.462347,45,1,Tuesday,11,2,Night,0,0
2026-11-03 06:12:00,30,CLEAR,DAYLIGHT,PARKED MOTOR VEHICLE,NOT DIVIDED,STRAIGHT AND LEVEL,DRY,NO DEFECTS,N,FAILING TO YIELD RIGHT-OF-WAY,BEAT_113,2,11,0,2,42.069065,-87.472311,45,1,Tuesday,11,6,Morning_Rush,0,0
2026-11-03 06:16:00,25,CLEAR,DAYLIGHT,FIXED OBJECT,FOUR WAY INTERSECTION,STRAIGHT AND LEVEL,DRY,NO DEFECTS,Y,FOLLOWING TOO CLOSELY,BEAT_110,2,11,0,2,42.031798,-87.509442,45,1,Tuesday,11,6,Morning_Rush,0,0
2026-11-03 06:26:00,35,RAIN,DUSK,REAR END,NOT DIVIDED,STRAIGHT AND LEVEL,WET,NO DEFECTS,N,FOLLOWING TOO CLOSELY,BEAT_109,2,11,0,2,42.012438,-87.526587,45,1,Tuesday,11,6,Morning_Rush,0,0
2026-11-03 06:59:00,25,CLEAR,"DARKNESS, LIGHTED ROAD",REAR END,NOT DIVIDED,STRAIGHT AND LEVEL,WET,NO DEFECTS,Y,WEATHER,BEAT_112,2,11,0,2,42.062467,-87.490384,45,1,Tuesday,11,6,Morning_Rush,0,0
2026-11-03 09:06:00,30,CLEAR,DAYLIGHT,ANGLE,DIVIDED - W/MEDIAN,STRAIGHT AND LEVEL,DRY,NO DEFECTS,N,FOLLOWING TOO CLOSELY,BEAT_115,2,11,0,2,42.10572,-87.448857,45,1,Tuesday,11,9,Morning_Rush,0,0
2026-11-03 10:21:00,30,CLEAR,DAYLIGHT,REAR END,DIVIDED - W/MEDIAN,STRAIGHT AND LEVEL,DRY,NO DEFECTS,Y,FOLLOWING TOO CLOSELY,BEAT_102,2,11,0,2,41.90386,-87.602521,45,1,Tuesday,11,10,Midday,0,0
2026-11-03 15:21:00,20,RAIN,DAYLIGHT,TURNING,DIVIDED - W/MEDIAN,STRAIGHT AND LEVEL,SNOW OR SLUSH,NO DEFECTS,Y,FAILING TO YIELD RIGHT-OF-WAY,BEAT_104,1,11,1,2,41.937767,-87.577736,45,1,Tuesday,11,15,Midday,0,1
2026-11-03 15:56:00,50,CLEAR,DAYLIGHT,PARKED MOTOR VEHICLE,ONE-WAY,STRAIGHT AND LEVEL,WET,NO DEFECTS,Y,PHYSICAL CONDITION OF DRIVER,BEAT_110,2,11,0,2,42.027294,-87.505776,45,1,Tuesday,11,15,Midday,0,0
2026-11-03 16:36:00,40,CLEAR,"DARKNESS, LIGHTED ROAD",PEDESTRIAN,NOT DIVIDED,STRAIGHT AND LEVEL,WET,NO DEFECTS,N,FOLLOWING TOO CLOSELY,BEAT_120,2,11,0,2,42.181221,-87.389741,45,1,Tuesday,11,16,Evening_Rush,0,0
2026-11-10 02:20:00,50,CLEAR,DAYLIGHT,PARKED MOTOR VEHICLE,NOT DIVIDED,STRAIGHT AND LEVEL,WET,NO DEFECTS,Y,FOLLOWING TOO CLOSELY,BEAT_109,1,11,0,2,42.010624,-87.523279,46,1,Tuesday,11,2,Night,0,0
2026-11-10 06:08:00,25,SEVERE RAIN,DARKNESS,TURNING,FOUR WAY INTERSECTION,STRAIGHT AND LEVEL,WET,DEBRIS ON ROAD,Y,FOLLOWING TOO CLOSELY,BEAT_104,3,11,0,2,41.937834,-87.578576,46,1,Tuesday,11,6,Morning_Rush,0,0
2026-11-10 07:23:00,25,RAIN,"DARKNESS, LIGHTED ROAD",REAR END,DIVIDED - W/MEDIAN,"CURVE, LEVEL",SNOW OR SLUSH,NO DEFECTS,N,DRIVING SKILLS/KNOWLEDGE/EXPERIENCE,BEAT_117,2,11,0,2,42.133354,-87.424148,46,1,Tuesday,11,7,Morning_Rush,0,0
2026-11-10 09:29:00,55,CLEAR,"DARKNESS, LIGHTED ROAD",ANGLE,ONE-WAY,STRAIGHT AND LEVEL,DRY,NO DEFECTS,N,WEATHER,BEAT_110,2,11,0,2,42.025126,-87.509114,46,1,Tuesday,11,9,Morning_Rush,0,0
2026-11-10 14:41:00,30,RAIN,DAYLIGHT,PARKED MOTOR VEHICLE,ONE-WAY,STRAIGHT AND LEVEL,WET,NO DEFECTS,N,DISREGARDING TRAFFIC SIGNALS,BEAT_117,3,11,0,2,42.131821,-87.424978,46,1,Tuesday,11,14,Midday,0,0
2026-11-10 20:27:00,55,CLEAR,DAYLIGHT,SIDESWIPE SAME DIRECTION,FOUR WAY INTERSECTION,STRAIGHT AND LEVEL,SNOW OR SLUSH,NO DEFECTS,N,DISREGARDING TRAFFIC SIGNALS,BEAT_102,3,11,0,2,41.904899,-87.608275,46,1,Tuesday,11,20,Night,0,0
2026-11-10 22:16:00,45,CLEAR,DAYLIGHT,SIDESWIPE SAME DIRECTION,NOT DIVIDED,STRAIGHT AND LEVEL,DRY,NO DEFECTS,N,FOLLOWING TOO CLOSELY,BEAT_105,3,11,1,2,41.947887,-87.569263,46,1,Tuesday,11,22,Night,0,1
2026-11-10 22:40:00,45,CLEAR,DAYLIGHT,REAR END,FOUR WAY INTERSECTION,STRAIGHT ON GRADE,DRY,NO DEFECTS,Y,FAILING TO YIELD RIGHT-OF-WAY,BEAT_114,2,11,0,2,42.08672,-87.464658,46,1,Tuesday,11,22,Night,0,0
2026-11-17 00:00:00,25,RAIN,DAYLIGHT,PARKED MOTOR VEHICLE,DIVIDED - W/MEDIAN,STRAIGHT AND LEVEL,ICE,NO DEFECTS,Y,WEATHER,BEAT_120,2,11,1,2,42.176908,-87.398483,47,1,Tuesday,11,0,Night,0,1
2026-11-17 01:02:00,30,CLEAR,DAYLIGHT,REAR END,NOT DIVIDED,STRAIGHT AND LEVEL,DRY,NO DEFECTS,Y,FOLLOWING TOO CLOSELY,BEAT_109,2,11,0,2,42.01451,-87.52149,47,1,Tuesday,11,1,Night,0,0
2026-11-17 01:58:00,25,RAIN,DAYLIGHT,REAR END,DIVIDED - W/MEDIAN,STRAIGHT AND LEVEL,SNOW OR SLUSH,NO DEFECTS,N,FOLLOWING TOO CLOSELY,BEAT_111,1,11,0,2,42.038014,-87.496058,47,1,Tuesday,11,1,Night,0,0
2026-11-17 02:42:00,25,FOG/SMOKE/HAZE,DAYLIGHT,REAR END,DIVIDED - W/MEDIAN,STRAIGHT AND LEVEL,WET,NO DEFECTS,N,FAILING TO YIELD RIGHT-OF-WAY,BEAT_118,2,11,1,2,42.150489,-87.411918,47,1,Tuesday,11,2,Night,0,1
2026-11-17 03:35:00,40,CLEAR,DAYLIGHT,SIDESWIPE SAME DIRECTION,NOT DIVIDED,STRAIGHT ON GRADE,DRY,NO DEFECTS,N,DISREGARDING TRAFFIC SIGNALS,BEAT_118,2,11,1,2,42.153072,-87.412113,47,1,Tuesday,11,3,Night,0,1
2026-11-17 07:05:00,30,CLEAR,DAYLIGHT,REAR END,DIVIDED - W/MEDIAN,STRAIGHT ON GRADE,DRY,NO DEFECTS,N,FAILING TO YIELD RIGHT-OF-WAY,BEAT_120,2,11,0,2,42.17664,-87.387167,47,1,Tuesday,11,7,Morning_Rush,0,0
2026-11-17 07:45:00,25,CLEAR,"DARKNESS, LIGHTED ROAD",REAR END,DIVIDED - W/MEDIAN,STRAIGHT AND LEVEL,ICE,"RUT, HOLES",N,FAILING TO YIELD RIGHT-OF-WAY,BEAT_116,2,11,0,2,42.118305,-87.439028,47,1,Tuesday,11,7,Morning_Rush,0,0
2026-11-17 09:25:00,35,RAIN,"DARKNESS, LIGHTED ROAD",ANGLE,NOT DIVIDED,STRAIGHT AND LEVEL,WET,NO DEFECTS,N,DRIVING SKILLS/KNOWLEDGE/EXPERIENCE,BEAT_102,2,11,0,2,41.9012,-87.606898,47,1,Tuesday,11,9,Morning_Rush,0,0
2026-11-17 11:51:00,30,SNOW,DAYLIGHT,REAR END,ONE-WAY,STRAIGHT ON GRADE,SNOW OR SLUSH,"RUT, HOLES",Y,PHYSICAL CONDITION OF DRIVER,BEAT_119,2,11,0,2,42.166896,-87.400227,47,1,Tuesday,11,11,Midday,0,0
2026-11-17 11:59:00,20,RAIN,DAYLIGHT,ANGLE,DIVIDED - W/MEDIAN,STRAIGHT AND LEVEL,WET,NO DEFECTS,N,FAILING TO YIELD RIGHT-OF-WAY,BEAT_116,3,11,1,2,42.117863,-87.439802,47,1,Tuesday,11,11,Midday,0,1
2026-11-17 13:44:00,40,CLEAR,DAYLIGHT,ANGLE,DIVIDED - W/MEDIAN,STRAIGHT AND LEVEL,DRY,NO DEFECTS,N,WEATHER,BEAT_110,2,11,0,2,42.030163,-87.512584,47,1,Tuesday,11,13,Midday,0,0
2026-11-17 16:07:00,25,CLEAR,DAYLIGHT,ANGLE,NOT DIVIDED,STRAIGHT AND LEVEL,DRY,NO DEFECTS,N,IMPROPER OVERTAKING/PASSING,BEAT_120,3,11,0,2,42.177886,-87.392131,47,1,Tuesday,11,16,Evening_Rush,0,0
2026-11-17 16:40:00,25,CLEAR,DAYLIGHT,REAR END,FOUR WAY INTERSECTION,STRAIGHT AND LEVEL,DRY,NO DEFECTS,N,DRIVING SKILLS/KNOWLEDGE/EXPERIENCE,BEAT_113,2,11,0,2,42.068141,-87.470191,47,1,Tuesday,11,16,Evening_Rush,0,0
2026-11-17 16:41:00,25,CLEAR,"DARKNESS, LIGHTED ROAD",REAR END,DIVIDED - W/MEDIAN,STRAIGHT ON GRADE,DRY,NO DEFECTS,Y,DRIVING SKILLS/KNOWLEDGE/EXPERIENCE,BEAT_106,3,11,0,2,41.97457,-87.558288,47,1,Tuesday,11,16,Evening_Rush,0,0
2026-11-17 16:46:00,25,CLEAR,DAYLIGHT,REAR END,ONE-WAY,STRAIGHT AND LEVEL,SNOW OR SLUSH,NO DEFECTS,Y,FOLLOWING TOO CLOSELY,BEAT_120,2,11,0,2,42.18183,-87.392496,47,1,Tuesday,11,16,Evening_Rush,0,0
2026-11-17 21:57:00,35,RAIN,"DARKNESS, LIGHTED ROAD",ANGLE,ONE-WAY,STRAIGHT AND LEVEL,ICE,NO DEFECTS,Y,DISREGARDING TRAFFIC SIGNALS,BEAT_111,2,11,0,2,42.044992,-87.492841,47,1,Tuesday,11,21,Night,0,0
2026-11-17 22:09:00,25,CLEAR,DAYLIGHT,TURNING,ONE-WAY,STRAIGHT AND LEVEL,WET,NO DEFECTS,N,PHYSICAL CONDITION OF DRIVER,BEAT_101,2,11,0,2,41.887431,-87.61849,47,1,Tuesday,11,22,Night,0,0
2026-11-17 22:27:00,25,CLEAR,DAYLIGHT,TURNING,DIVIDED - W/MEDIAN,"CURVE, LEVEL",DRY,DEBRIS ON ROAD,N,FAILING TO YIELD RIGHT-OF-WAY,BEAT_102,2,11,0,2,41.906067,-87.610907,47,1,Tuesday,11,22,Night,0,0
2026-11-17 22:39:00,40,SNOW,DARKNESS,PARKED MOTOR VEHICLE,NOT DIVIDED,STRAIGHT AND LEVEL,SNOW OR SLUSH,NO DEFECTS,N,DRIVING SKILLS/KNOWLEDGE/EXPERIENCE,BEAT_102,2,11,0,2,41.906047,-87.605508,47,1,Tuesday,11,22,Night,0,0
2026-11-17 22:55:00,30,CLEAR,DAYLIGHT,REAR END,ONE-WAY,STRAIGHT AND LEVEL,WET,WORN SURFACE,N,WEATHER,BEAT_114,2,11,0,2,42.091033,-87.464059,47,1,Tuesday,11,22,Night,0,0
2026-11-24 00:20:00,50,CLEAR,"DARKNESS, LIGHTED ROAD",TURNING,NOT DIVIDED,STRAIGHT AND LEVEL,DRY,NO DEFECTS,N,FOLLOWING TOO CLOSELY,BEAT_115,2,11,0,2,42.103008,-87.448747,48,1,Tuesday,11,0,Night,0,0
2026-11-24 01:08:00,25,CLEAR,DARKNESS,SIDESWIPE SAME DIRECTION,DIVIDED - W/MEDIAN,STRAIGHT AND LEVEL,DRY,NO DEFECTS,N,DRIVING SKILLS/KNOWLEDGE/EXPERIENCE,BEAT_107,2,11,0,2,41.984148,-87.544858,48,1,Tuesday,11,1,Night,0,0
2026-11-24 06:46:00,45,CLEAR,DAYLIGHT,SIDESWIPE SAME DIRECTION,DIVIDED - W/MEDIAN,STRAIGHT AND LEVEL,DRY,DEBRIS ON ROAD,N,DRIVING SKILLS/KNOWLEDGE/EXPERIENCE,BEAT_105,2,11,1,2,41.955034,-87.567015,48,1,Tuesday,11,6,Morning_Rush,0,1
2026-11-24 09:03:00,35,CLEAR,DAYLIGHT,PARKED MOTOR VEHICLE,FOUR WAY INTERSECTION,STRAIGHT AND LEVEL,WET,NO DEFECTS,N,FAILING TO YIELD RIGHT-OF-WAY,BEAT_120,2,11,1,2,42.179328,-87.391078,48,1,Tuesday,11,9,Morning_Rush,0,1
2026-11-24 09:45:00,25,FOG/SMOKE/HAZE,DAYLIGHT,REAR END,NOT DIVIDED,STRAIGHT AND LEVEL,SNOW OR SLUSH,"RUT, HOLES",Y,FOLLOWING TOO CLOSELY,BEAT_117,2,11,0,2,42.129889,-87.427382,48,1,Tuesday,11,9,Morning_Rush,0,0
2026-11-24 09:57:00,55,CLEAR,DAYLIGHT,TURNING,ONE-WAY,STRAIGHT AND LEVEL,DRY,NO DEFECTS,N,IMPROPER OVERTAKING/PASSING,BEAT_113,2,11,1,2,42.077507,-87.476562,48,1,Tuesday,11,9,Morning_Rush,0,1
2026-11-24 13:03:00,35,RAIN,"DARKNESS, LIGHTED ROAD",PARKED MOTOR VEHICLE,NOT DIVIDED,STRAIGHT AND LEVEL,WET,NO DEFECTS,Y,PHYSICAL CONDITION OF DRIVER,BEAT_101,1,11,1,2,41.894954,-87.617377,48,1,Tuesday,11,13,Midday,0,1
2026-11-24 15:28:00,25,SNOW,DAYLIGHT,PARKED MOTOR VEHICLE,NOT DIVIDED,STRAIGHT AND LEVEL,WET,NO DEFECTS,Y,WEATHER,BEAT_103,2,11,0,2,41.919395,-87.598155,48,1,Tuesday,11,15,Midday,0,0
2026-11-24 17:15:00,35,CLEAR,DARKNESS,SIDESWIPE SAME DIRECTION,ONE-WAY,STRAIGHT AND LEVEL,DRY,NO DEFECTS,N,DRIVING SKILLS/KNOWLEDGE/EXPERIENCE,BEAT_115,2,11,0,2,42.103553,-87.449551,48,1,Tuesday,11,17,Evening_Rush,0,0
2026-11-24 20:56:00,35,RAIN,DAYLIGHT,PARKED MOTOR VEHICLE,DIVIDED - W/MEDIAN,STRAIGHT AND LEVEL,WET,NO DEFECTS,N,FAILING TO YIELD RIGHT-OF-WAY,BEAT_111,2,11,0,2,42.044331,-87.497213,48,1,Tuesday,11,20,Night,0,0
2026-11-24 22:19:00,30,CLEAR,DAYLIGHT,ANGLE,DIVIDED - W/MEDIAN,STRAIGHT AND LEVEL,DRY,NO DEFECTS,Y,FOLLOWING TOO CLOSELY,BEAT_101,2,11,0,2,41.892407,-87.620355,48,1,Tuesday,11,22,Night,0,0
2026-11-24 22:27:00,25,CLEAR,DAWN,SIDESWIPE SAME DIRECTION,FOUR WAY INTERSECTION,STRAIGHT AND LEVEL,DRY,WORN SURFACE,Y,WEATHER,BEAT_107,3,11,0,2,41.982885,-87.549637,48,1,Tuesday,11,22,Night,0,0
2026-12-01 03:54:00,30,SNOW,DAYLIGHT,SIDESWIPE SAME DIRECTION,DIVIDED - W/MEDIAN,STRAIGHT AND LEVEL,WET,NO DEFECTS,Y,FOLLOWING TOO CLOSELY,BEAT_112,2,12,0,2,42.054927,-87.48393,49,1,Tuesday,12,3,Night,0,0
2026-12-01 07:48:00,30,CLEAR,DAYLIGHT,TURNING,DIVIDED - W/MEDIAN,STRAIGHT AND LEVEL,DRY,NO DEFECTS,N,FAILING TO YIELD RIGHT-OF-WAY,BEAT_106,1,12,0,2,41.964996,-87.562566,49,1,Tuesday,12,7,Morning_Rush,0,0
2026-12-01 12:45:00,25,RAIN,DAYLIGHT,SIDESWIPE SAME DIRECTION,DIVIDED - W/MEDIAN,STRAIGHT AND LEVEL,WET,NO DEFECTS,Y,FAILING TO YIELD RIGHT-OF-WAY,BEAT_117,2,12,0,2,42.134728,-87.426893,49,1,Tuesday,12,12,Midday,0,0
2026-12-01 14:05:00,25,CLEAR,DAYLIGHT,REAR END,DIVIDED - W/MEDIAN,"CURVE, LEVEL",DRY,NO DEFECTS,N,WEATHER,BEAT_101,1,12,0,2,41.891781,-87.619142,49,1,Tuesday,12,14,Midday,0,0
2026-12-01 14:20:00,25,CLEAR,DAWN,TURNING,NOT DIVIDED,STRAIGHT AND LEVEL,DRY,WORN SURFACE,N,FOLLOWING TOO CLOSELY,BEAT_114,2,12,3,2,42.090906,-87.46297,49,1,Tuesday,12,14,Midday,0,1
2026-12-01 14:46:00,40,CLEAR,"DARKNESS, LIGHTED ROAD",ANGLE,ONE-WAY,STRAIGHT AND LEVEL,DRY,NO DEFECTS,Y,FOLLOWING TOO CLOSELY,BEAT_108,3,12,3,2,41.99799,-87.540725,49,1,Tuesday,12,14,Midday,0,1
2026-12-01 15:26:00,45,CLEAR,DARKNESS,REAR END,ONE-WAY,CURVE ON GRADE,WET,NO DEFECTS,N,FOLLOWING TOO CLOSELY,BEAT_108,1,12,0,2,41.997312,-87.536519,49,1,Tuesday,12,15,Midday,0,0
2026-12-01 17:47:00,30,RAIN,"DARKNESS, LIGHTED ROAD",SIDESWIPE SAME DIRECTION,NOT DIVIDED,STRAIGHT AND LEVEL,WET,NO DEFECTS,N,FOLLOWING TOO CLOSELY,BEAT_106,2,12,2,2,41.962457,-87.557052,49,1,Tuesday,12,17,Evening_Rush,0,1
2026-12-01 21:15:00,25,RAIN,DAYLIGHT,PARKED MOTOR VEHICLE,NOT DIVIDED,STRAIGHT ON GRADE,SNOW OR SLUSH,"RUT, HOLES",Y,FAILING TO YIELD RIGHT-OF-WAY,BEAT_110,2,12,0,2,42.031852,-87.506554,49,1,Tuesday,12,21,Night,0,0
2026-12-01 21:29:00,30,CLEAR,DAYLIGHT,SIDESWIPE SAME DIRECTION,DIVIDED - W/MEDIAN,STRAIGHT AND LEVEL,DRY,NO DEFECTS,N,FAILING TO YIELD RIGHT-OF-WAY,BEAT_104,1,12,0,2,41.939277,-87.583327,49,1,Tuesday,12,21,Night,0,0
2026-12-01 21:50:00,30,CLEAR,"DARKNESS, LIGHTED ROAD",PARKED MOTOR VEHICLE,DIVIDED - W/MEDIAN,STRAIGHT AND LEVEL,DRY,NO DEFECTS,Y,FAILING TO YIELD RIGHT-OF-WAY,BEAT_118,2,12,0,2,42.141194,-87.414258,49,1,Tuesday,12,21,Night,0,0
2026-12-01 22:16:00,30,FOG/SMOKE/HAZE,"DARKNESS, LIGHTED ROAD",PARKED MOTOR VEHICLE,DIVIDED - W/MEDIAN,STRAIGHT AND LEVEL,SNOW OR SLUSH,NO DEFECTS,Y,WEATHER,BEAT_120,2,12,0,2,42.175679,-87.388264,49,1,Tuesday,12,22,Night,0,0
2026-12-08 03:00:00,45,CLEAR,DARKNESS,FIXED OBJECT,NOT DIVIDED,STRAIGHT AND LEVEL,WET,WORN SURFACE,Y,FOLLOWING TOO CLOSELY,BEAT_119,2,12,2,2,42.164808,-87.403925,50,1,Tuesday,12,3,Night,0,1
2026-12-08 04:08:00,30,CLEAR,DAYLIGHT,REAR END,DIVIDED - W/MEDIAN,STRAIGHT AND LEVEL,WET,NO DEFECTS,N,FOLLOWING TOO CLOSELY,BEAT_120,4,12,0,2,42.178069,-87.388066,50,1,Tuesday,12,4,Night,0,0
2026-12-08 06:12:00,25,CLEAR,"DARKNESS, LIGHTED ROAD",ANGLE,T-INTERSECTION,STRAIGHT ON GRADE,DRY,"RUT, HOLES",N,DISREGARDING TRAFFIC SIGNALS,BEAT_110,3,12,0,2,42.022931,-87.511124,50,1,Tuesday,12,6,Morning_Rush,0,0
2026-12-08 06:41:00,30,CLEAR,DAYLIGHT,PEDESTRIAN,DIVIDED - W/MEDIAN,STRAIGHT AND LEVEL,DRY,NO DEFECTS,N,FOLLOWING TOO CLOSELY,BEAT_120,2,12,0,2,42.178854,-87.389774,50,1,Tuesday,12,6,Morning_Rush,0,0
2026-12-08 07:48:00,35,RAIN,DAYLIGHT,TURNING,FOUR WAY INTERSECTION,STRAIGHT AND LEVEL,WET,NO DEFECTS,Y,FAILING TO YIELD RIGHT-OF-WAY,BEAT_107,2,12,0,2,41.981067,-87.545352,50,1,Tuesday,12,7,Morning_Rush,0,0
2026-12-08 10:05:00,25,CLEAR,"DARKNESS, LIGHTED ROAD",SIDESWIPE SAME DIRECTION,DIVIDED - W/MEDIAN,STRAIGHT AND LEVEL,DRY,WORN SURFACE,N,IMPROPER OVERTAKING/PASSING,BEAT_120,2,12,0,2,42.181926,-87.392728,50,1,Tuesday,12,10,Midday,0,0
2026-12-08 12:04:00,20,CLEAR,DAYLIGHT,PEDESTRIAN,DIVIDED - W/MEDIAN,"CURVE, LEVEL",DRY,NO DEFECTS,Y,FAILING TO YIELD RIGHT-OF-WAY,BEAT_108,2,12,0,2,42.000502,-87.529959,50,1,Tuesday,12,12,Midday,0,0
2026-12-08 12:47:00,30,CLEAR,DAYLIGHT,FIXED OBJECT,DIVIDED - W/MEDIAN,STRAIGHT ON GRADE,DRY,NO DEFECTS,N,DRIVING SKILLS/KNOWLEDGE/EXPERIENCE,BEAT_108,2,12,0,2,42.004689,-87.533713,50,1,Tuesday,12,12,Midday,0,0
2026-12-08 14:21:00,30,CLEAR,DAYLIGHT,SIDESWIPE SAME DIRECTION,DIVIDED - W/MEDIAN,STRAIGHT AND LEVEL,WET,NO DEFECTS,Y,FAILING TO YIELD RIGHT-OF-WAY,BEAT_115,2,12,0,2,42.104171,-87.452812,50,1,Tuesday,12,14,Midday,0,0
2026-12-08 15:13:00,30,RAIN,"DARKNESS, LIGHTED ROAD",PARKED MOTOR VEHICLE,FOUR WAY INTERSECTION,"CURVE, LEVEL",WET,NO DEFECTS,N,FAILING TO YIELD RIGHT-OF-WAY,BEAT_119,1,12,1,2,42.166968,-87.395477,50,1,Tuesday,12,15,Midday,0,1
2026-12-08 15:43:00,25,SNOW,DAYLIGHT,REAR END,ALLEY,STRAIGHT AND LEVEL,WET,NO DEFECTS,N,FOLLOWING TOO CLOSELY,BEAT_119,2,12,0,2,42.15522,-87.402289,50,1,Tuesday,12,15,Midday,0,0
2026-12-08 17:21:00,25,SEVERE RAIN,DAYLIGHT,REAR END,NOT DIVIDED,STRAIGHT AND LEVEL,SNOW OR SLUSH,NO DEFECTS,N,DRIVING SKILLS/KNOWLEDGE/EXPERIENCE,BEAT_109,2,12,0,2,42.005741,-87.527108,50,1,Tuesday,12,17,Evening_Rush,0,0
2026-12-08 17:55:00,50,RAIN,DAYLIGHT,SIDESWIPE SAME DIRECTION,NOT DIVIDED,STRAIGHT AND LEVEL,WET,NO DEFECTS,N,IMPROPER OVERTAKING/PASSING,BEAT_117,2,12,0,2,42.135351,-87.429808,50,1,Tuesday,12,17,Evening_Rush,0,0
2026-12-08 21:26:00,25,CLEAR,"DARKNESS, LIGHTED ROAD",REAR END,DIVIDED - W/MEDIAN,STRAIGHT AND LEVEL,DRY,"RUT, HOLES",Y,DRIVING SKILLS/KNOWLEDGE/EXPERIENCE,BEAT_101,2,12,1,2,41.897366,-87.618957,50,1,Tuesday,12,21,Night,0,1
2026-12-15 09:44:00,25,CLEAR,DAYLIGHT,ANGLE,DIVIDED - W/MEDIAN,STRAIGHT AND LEVEL,DRY,WORN SURFACE,Y,FAILING TO YIELD RIGHT-OF-WAY,BEAT_101,2,12,0,2,41.892009,-87.622425,51,1,Tuesday,12,9,Morning_Rush,0,0
2026-12-15 12:34:00,30,CLEAR,"DARKNESS, LIGHTED ROAD",REAR END,T-INTERSECTION,"CURVE, LEVEL",DRY,NO DEFECTS,Y,FAILING TO YIELD RIGHT-OF-WAY,BEAT_113,2,12,0,2,42.070889,-87.476688,51,1,Tuesday,12,12,Midday,0,0
2026-12-15 13:32:00,25,SNOW,DAYLIGHT,ANGLE,T-INTERSECTION,STRAIGHT AND LEVEL,SNOW OR SLUSH,NO DEFECTS,N,FAILING TO YIELD RIGHT-OF-WAY,BEAT_105,3,12,1,2,41.953398,-87.570639,51,1,Tuesday,12,13,Midday,0,1
2026-12-15 14:38:00,40,CLEAR,DAYLIGHT,SIDESWIPE SAME DIRECTION,DIVIDED - W/MEDIAN,STRAIGHT AND LEVEL,DRY,NO DEFECTS,N,FAILING TO YIELD RIGHT-OF-WAY,BEAT_108,2,12,0,2,42.004618,-87.531312,51,1,Tuesday,12,14,Midday,0,0
2026-12-15 18:33:00,30,CLEAR,"DARKNESS, LIGHTED ROAD",REAR END,T-INTERSECTION,STRAIGHT AND LEVEL,WET,NO DEFECTS,N,WEATHER,BEAT_116,2,12,0,2,42.118437,-87.437479,51,1,Tuesday,12,18,Evening_Rush,0,0
2026-12-15 20:56:00,40,RAIN,DAYLIGHT,TURNING,NOT DIVIDED,STRAIGHT AND LEVEL,SNOW OR SLUSH,NO DEFECTS,Y,DRIVING SKILLS/KNOWLEDGE/EXPERIENCE,BEAT_103,3,12,0,2,41.919034,-87.595586,51,1,Tuesday,12,20,Night,0,0
2026-12-15 21:17:00,40,CLEAR,"DARKNESS, LIGHTED ROAD",SIDESWIPE SAME DIRECTION,DIVIDED - W/MEDIAN,STRAIGHT AND LEVEL,DRY,NO DEFECTS,Y,DRIVING SKILLS/KNOWLEDGE/EXPERIENCE,BEAT_117,2,12,0,2,42.138179,-87.421555,51,1,Tuesday,12,21,Night,0,0
2026-12-15 22:32:00,25,CLEAR,DAYLIGHT,REAR END,DIVIDED - W/MEDIAN,STRAIGHT AND LEVEL,WET,WORN SURFACE,Y,IMPROPER OVERTAKING/PASSING,BEAT_118,2,12,0,2,42.151538,-87.410751,51,1,Tuesday,12,22,Night,0,0
2026-12-22 00:26:00,30,FOG/SMOKE/HAZE,DARKNESS,TURNING,NOT DIVIDED,STRAIGHT ON GRADE,WET,NO DEFECTS,Y,DRIVING SKILLS/KNOWLEDGE/EXPERIENCE,BEAT_113,2,12,1,2,42.079513,-87.472115,52,1,Tuesday,12,0,Night,0,1
2026-12-22 00:43:00,30,SEVERE RAIN,DAYLIGHT,PARKED MOTOR VEHICLE,NOT DIVIDED,STRAIGHT AND LEVEL,WET,NO DEFECTS,Y,FAILING TO YIELD RIGHT-OF-WAY,BEAT_107,2,12,3,2,41.984267,-87.544827,52,1,Tuesday,12,0,Night,0,1
2026-12-22 03:03:00,30,CLEAR,DAYLIGHT,REAR END,DIVIDED - W/MEDIAN,STRAIGHT AND LEVEL,DRY,NO DEFECTS,Y,FOLLOWING TOO CLOSELY,BEAT_104,2,12,0,2,41.936212,-87.583283,52,1,Tuesday,12,3,Night,0,0
2026-12-22 05:56:00,35,CLEAR,DAYLIGHT,TURNING,T-INTERSECTION,STRAIGHT AND LEVEL,DRY,SHOULDER DEFECT,N,PHYSICAL CONDITION OF DRIVER,BEAT_116,4,12,0,2,42.117698,-87.441714,52,1,Tuesday,12,5,Night,0,0
2026-12-22 07:59:00,25,CLEAR,DAYLIGHT,REAR END,DIVIDED - W/MEDIAN,STRAIGHT AND LEVEL,DRY,DEBRIS ON ROAD,N,WEATHER,BEAT_117,2,12,0,2,42.128694,-87.423892,52,1,Tuesday,12,7,Morning_Rush,0,0
2026-12-22 10:31:00,30,CLEAR,"DARKNESS, LIGHTED ROAD",FIXED OBJECT,FOUR WAY INTERSECTION,STRAIGHT ON GRADE,DRY,NO DEFECTS,Y,DRIVING SKILLS/KNOWLEDGE/EXPERIENCE,BEAT_112,2,12,0,2,42.053411,-87.489574,52,1,Tuesday,12,10,Midday,0,0
2026-12-22 12:32:00,25,CLEAR,DAYLIGHT,TURNING,DIVIDED - W/MEDIAN,STRAIGHT ON GRADE,WET,NO DEFECTS,N,FAILING TO YIELD RIGHT-OF-WAY,BEAT_120,3,12,0,2,42.175617,-87.39046,52,1,Tuesday,12,12,Midday,0,0
2026-12-22 12:50:00,25,SNOW,DAYLIGHT,ANGLE,ONE-WAY,STRAIGHT AND LEVEL,WET,NO DEFECTS,Y,DRIVING SKILLS/KNOWLEDGE/EXPERIENCE,BEAT_105,2,12,1,2,41.947166,-87.569823,52,1,Tuesday,12,12,Midday,0,1
2026-12-22 13:47:00,30,CLEAR,"DARKNESS, LIGHTED ROAD",PEDESTRIAN,DIVIDED - W/MEDIAN,STRAIGHT AND LEVEL,DRY,NO DEFECTS,N,DRIVING SKILLS/KNOWLEDGE/EXPERIENCE,BEAT_104,1,12,0,2,41.940075,-87.585092,52,1,Tuesday,12,13,Midday,0,0
2026-12-22 14:25:00,25,CLEAR,"DARKNESS, LIGHTED ROAD",REAR END,DIVIDED - W/MEDIAN,STRAIGHT AND LEVEL,DRY,NO DEFECTS,N,FAILING TO YIELD RIGHT-OF-WAY,BEAT_117,2,12,0,2,42.127648,-87.428577,52,1,Tuesday,12,14,Midday,0,0
2026-12-22 18:14:00,30,CLEAR,DAYLIGHT,ANGLE,DIVIDED - W/MEDIAN,STRAIGHT AND LEVEL,DRY,NO DEFECTS,N,PHYSICAL CONDITION OF DRIVER,BEAT_106,1,12,0,2,41.967735,-87.556025,52,1,Tuesday,12,18,Evening_Rush,0,0
2026-12-22 22:11:00,40,RAIN,DAYLIGHT,REAR END,DIVIDED - W/MEDIAN,STRAIGHT AND LEVEL,WET,NO DEFECTS,Y,FAILING TO YIELD RIGHT-OF-WAY,BEAT_110,2,12,0,2,42.027519,-87.513957,52,1,Tuesday,12,22,Night,0,0
2026-12-29 07:05:00,30,CLEAR,DARKNESS,ANGLE,ALLEY,STRAIGHT AND LEVEL,DRY,NO DEFECTS,N,DRIVING SKILLS/KNOWLEDGE/EXPERIENCE,BEAT_106,2,12,0,2,41.970517,-87.560182,53,1,Tuesday,12,7,Morning_Rush,0,0
2026-12-29 08:24:00,30,CLEAR,"DARKNESS, LIGHTED ROAD",TURNING,FOUR WAY INTERSECTION,STRAIGHT AND LEVEL,DRY,NO DEFECTS,N,DRIVING SKILLS/KNOWLEDGE/EXPERIENCE,BEAT_116,1,12,0,2,42.124755,-87.44044,53,1,Tuesday,12,8,Morning_Rush,0,0
2026-12-29 16:20:00,30,CLEAR,"DARKNESS, LIGHTED ROAD",PARKED MOTOR VEHICLE,ONE-WAY,STRAIGHT AND LEVEL,DRY,"RUT, HOLES",N,FOLLOWING TOO CLOSELY,BEAT_115,3,12,0,2,42.108144,-87.452452,53,1,Tuesday,12,16,Evening_Rush,0,0
2026-12-29 17:38:00,40,CLEAR,"DARKNESS, LIGHTED ROAD",REAR END,ONE-WAY,STRAIGHT AND LEVEL,DRY,NO DEFECTS,N,FOLLOWING TOO CLOSELY,BEAT_112,3,12,0,2,42.055642,-87.482278,53,1,Tuesday,12,17,Evening_Rush,0,0
2026-12-29 21:40:00,25,RAIN,DAYLIGHT,SIDESWIPE SAME DIRECTION,FOUR WAY INTERSECTION,STRAIGHT AND LEVEL,WET,NO DEFECTS,Y,IMPROPER OVERTAKING/PASSING,BEAT_109,2,12,0,2,42.011358,-87.519239,53,1,Tuesday,12,21,Night,0,0
2026-12-29 23:01:00,50,CLEAR,DAYLIGHT,ANGLE,ONE-WAY,STRAIGHT ON GRADE,DRY,NO DEFECTS,N,DRIVING SKILLS/KNOWLEDGE/EXPERIENCE,BEAT_116,2,12,0,2,42.126101,-87.43985,53,1,Tuesday,12,23,Night,0,0
2026-12-29 23:37:00,35,RAIN,DARKNESS,ANGLE,NOT DIVIDED,STRAIGHT AND LEVEL,SNOW OR SLUSH,NO DEFECTS,Y,DISREGARDING TRAFFIC SIGNALS,BEAT_110,1,12,0,2,42.033888,-87.504205,53,1,Tuesday,12,23,Night,0,0
2026-12-29 23:46:00,45,CLEAR,DAYLIGHT,REAR END,NOT DIVIDED,"CURVE, LEVEL",DRY,"RUT, HOLES",N,FOLLOWING TOO CLOSELY,BEAT_106,1,12,0,2,41.966369,-87.555708,53,1,Tuesday,12,23,Night,0,0
