CRASH_DATE,POSTED_SPEED_LIMIT,WEATHER_CONDITION,LIGHTING_CONDITION,FIRST_CRASH_TYPE,TRAFFICWAY_TYPE,ALIGNMENT,ROADWAY_SURFACE_COND,ROAD_DEFECT,INTERSECTION_RELATED_I,PRIM_CONTRIBUTORY_CAUSE,BEAT_OF_OCCURRENCE,NUM_UNITS,CRASH_MONTH,INJURIES_TOTAL,CRASH_DAY_OF_WEEK,LATITUDE,LONGITUDE,week,day_of_week,day_name,month,hour,time_of_day,is_weekend,incident_occurred
2026-01-07 00:46:00,40,CLEAR,DAYLIGHT,ANGLE,ONE-WAY,STRAIGHT AND LEVEL,WET,"RUT, HOLES",Y,DRIVING SKILLS/KNOWLEDGE/EXPERIENCE,BEAT_115,2,1,0,3,42.105838,-87.445868,2,2,Wednesday,1,0,Night,0,0
2026-01-07 01:15:00,30,CLEAR,DAYLIGHT,TURNING,DIVIDED - W/MEDIAN,STRAIGHT AND LEVEL,ICE,"RUT, HOLES",N,IMPROPER OVERTAKING/PASSING,BEAT_102,2,1,0,3,41.902067,-87.602831,2,2,Wednesday,1,1,Night,0,0
2026-01-07 03:00:00,30,CLEAR,DAYLIGHT,ANGLE,ONE-WAY,"CURVE, LEVEL",DRY,NO DEFECTS,N,PHYSICAL CONDITION OF DRIVER,BEAT_112,2,1,1,3,42.063369,-87.490603,2,2,Wednesday,1,3,Night,0,1
2026-01-07 04:20:00,25,CLEAR,DAYLIGHT,REAR END,DIVIDED - W/MEDIAN,CURVE ON GRADE,DRY,NO DEFECTS,Y,FOLLOWING TOO CLOSELY,BEAT_106,2,1,0,3,41.966899,-87.557931,2,2,Wednesday,1,4,Night,0,0
2026-01-07 07:06:00,25,CLEAR,DAYLIGHT,REAR END,DIVIDED - W/MEDIAN,STRAIGHT AND LEVEL,DRY,NO DEFECTS,N,FOLLOWING TOO CLOSELY,BEAT_118,2,1,0,3,42.151597,-87.415152,2,2,Wednesday,1,7,Morning_Rush,0,0
2026-01-07 09:06:00,30,CLEAR,DARKNESS,REAR END,FOUR WAY INTERSECTION,STRAIGHT AND LEVEL,DRY,NO DEFECTS,N,DRIVING SKILLS/KNOWLEDGE/EXPERIENCE,BEAT_101,2,1,0,3,41.894078,-87.621553,2,2,Wednesday,1,9,Morning_Rush,0,0
2026-01-07 10:32:00,25,CLEAR,DAYLIGHT,TURNING,DIVIDED - W/MEDIAN,STRAIGHT AND LEVEL,SNOW OR SLUSH,NO DEFECTS,N,DISREGARDING TRAFFIC SIGNALS,BEAT_106,2,1,0,3,41.97151,-87.559171,2,2,Wednesday,1,10,Midday,0,0
2026-01-07 12:35:00,50,CLEAR,DAYLIGHT,SIDESWIPE SAME DIRECTION,ONE-WAY,STRAIGHT AND LEVEL,DRY,NO DEFECTS,N,FOLLOWING TOO CLOSELY,BEAT_108,2,1,0,3,41.999732,-87.532916,2,2,Wednesday,1,12,Midday,0,0
2026-01-07 19:56:00,25,RAIN,DAYLIGHT,SIDESWIPE SAME DIRECTION,FOUR WAY INTERSECTION,STRAIGHT AND LEVEL,SNOW OR SLUSH,NO DEFECTS,Y,FAILING TO YIELD RIGHT-OF-WAY,BEAT_112,2,1,0,3,42.058594,-87.485647,2,2,Wednesday,1,19,Evening_Rush,0,0
2026-01-07 20:28:00,30,CLEAR,DAYLIGHT,ANGLE,FOUR WAY INTERSECTION,STRAIGHT AND LEVEL,WET,"RUT, HOLES",N,DRIVING SKILLS/KNOWLEDGE/EXPERIENCE,BEAT_105,3,1,0,3,41.958528,-87.564617,2,2,Wednesday,1,20,Night,0,0
2026-01-07 23:33:00,40,SNOW,DUSK,SIDESWIPE SAME DIRECTION,NOT DIVIDED,STRAIGHT AND LEVEL,SNOW OR SLUSH,NO DEFECTS,Y,DISREGARDING TRAFFIC SIGNALS,BEAT_101,3,1,0,3,41.889305,-87.618751,2,2,Wednesday,1,23,Night,0,0
2026-01-14 00:16:00,25,CLEAR,DAYLIGHT,SIDESWIPE SAME DIRECTION,NOT DIVIDED,"CURVE, LEVEL",DRY,NO DEFECTS,Y,FAILING TO YIELD RIGHT-OF-WAY,BEAT_108,2,1,0,3,41.996516,-87.531156,3,2,Wednesday,1,0,Night,0,0
2026-01-14 02:32:00,35,CLEAR,"DARKNESS, LIGHTED ROAD",TURNING,FOUR WAY INTERSECTION,STRAIGHT AND LEVEL,DRY,"RUT, HOLES",N,PHYSICAL CONDITION OF DRIVER,BEAT_120,2,1,0,3,42.186146,-87.391781,3,2,Wednesday,1,2,Night,0,0
2026-01-14 03:09:00,25,CLEAR,DARKNESS,SIDESWIPE SAME DIRECTION,DIVIDED - W/MEDIAN,STRAIGHT AND LEVEL,WET,NO DEFECTS,Y,FAILING TO YIELD RIGHT-OF-WAY,BEAT_102,2,1,0,3,41.909666,-87.608652,3,2,Wednesday,1,3,Night,0,0
2026-01-14 03:44:00,30,SNOW,DAYLIGHT,PEDESTRIAN,NOT DIVIDED,STRAIGHT AND LEVEL,WET,NO DEFECTS,Y,DISREGARDING TRAFFIC SIGNALS,BEAT_108,3,1,0,3,41.995679,-87.538291,3,2,Wednesday,1,3,Night,0,0
2026-01-14 11:19:00,30,CLEAR,DAYLIGHT,REAR END,NOT DIVIDED,STRAIGHT AND LEVEL,DRY,"RUT, HOLES",N,DRIVING SKILLS/KNOWLEDGE/EXPERIENCE,BEAT_101,1,1,0,3,41.890304,-87.61864,3,2,Wednesday,1,11,Midday,0,0
2026-01-14 14:50:00,30,CLEAR,DAYLIGHT,SIDESWIPE SAME DIRECTION,ONE-WAY,STRAIGHT AND LEVEL,DRY,NO DEFECTS,Y,FAILING TO YIELD RIGHT-OF-WAY,BEAT_108,2,1,0,3,42.003266,-87.537425,3,2,Wednesday,1,14,Midday,0,0
2026-01-14 15:38:00,40,CLEAR,"DARKNESS, LIGHTED ROAD",ANGLE,DIVIDED - W/MEDIAN,STRAIGHT AND LEVEL,DRY,NO DEFECTS,Y,FAILING TO YIELD RIGHT-OF-WAY,BEAT_112,2,1,0,3,42.057574,-87.486086,3,2,Wednesday,1,15,Midday,0,0
2026-01-14 17:57:00,20,CLEAR,"DARKNESS, LIGHTED ROAD",REAR END,DIVIDED - W/MEDIAN,STRAIGHT AND LEVEL,DRY,NO DEFECTS,Y,DRIVING SKILLS/KNOWLEDGE/EXPERIENCE,BEAT_109,2,1,0,3,42.015438,-87.525103,3,2,Wednesday,1,17,Evening_Rush,0,0
2026-01-14 20:25:00,25,CLEAR,DAYLIGHT,PARKED MOTOR VEHICLE,NOT DIVIDED,STRAIGHT AND LEVEL,DRY,NO DEFECTS,Y,FOLLOWING TOO CLOSELY,BEAT_110,2,1,1,3,42.027686,-87.510904,3,2,Wednesday,1,20,Night,0,1
2026-01-14 22:57:00,30,CLEAR,DAYLIGHT,TURNING,NOT DIVIDED,STRAIGHT AND LEVEL,DRY,NO DEFECTS,N,IMPROPER OVERTAKING/PASSING,BEAT_112,2,1,0,3,42.059172,-87.488323,3,2,Wednesday,1,22,Night,0,0
2026-01-21 00:18:00,25,CLEAR,DAWN,REAR END,ONE-WAY,STRAIGHT AND LEVEL,DRY,NO DEFECTS,Y,FAILING TO YIELD RIGHT-OF-WAY,BEAT_107,2,1,0,3,41.984767,-87.54648,4,2,Wednesday,1,0,Night,0,0
2026-01-21 02:07:00,25,CLEAR,"DARKNESS, LIGHTED ROAD",PEDESTRIAN,NOT DIVIDED,STRAIGHT AND LEVEL,DRY,"RUT, HOLES",Y,FOLLOWING TOO CLOSELY,BEAT_106,2,1,0,3,41.963473,-87.55798,4,2,Wednesday,1,2,Night,0,0
2026-01-21 04:06:00,25,CLEAR,DAYLIGHT,PARKED MOTOR VEHICLE,DIVIDED - W/MEDIAN,STRAIGHT AND LEVEL,DRY,NO DEFECTS,Y,DRIVING SKILLS/KNOWLEDGE/EXPERIENCE,BEAT_105,2,1,0,3,41.962128,-87.569462,4,2,Wednesday,1,4,Night,0,0
2026-01-21 05:31:00,20,CLEAR,DAYLIGHT,ANGLE,NOT DIVIDED,STRAIGHT AND LEVEL,DRY,NO DEFECTS,N,IMPROPER OVERTAKING/PASSING,BEAT_109,2,1,0,3,42.013314,-87.525681,4,2,Wednesday,1,5,Night,0,0
2026-01-21 07:50:00,45,CLEAR,DAYLIGHT,REAR END,NOT DIVIDED,STRAIGHT AND LEVEL,WET,NO DEFECTS,N,FOLLOWING TOO CLOSELY,BEAT_120,2,1,1,3,42.185493,-87.38882,4,2,Wednesday,1,7,Morning_Rush,0,1
2026-01-21 10:34:00,30,RAIN,DAYLIGHT,SIDESWIPE SAME DIRECTION,NOT DIVIDED,STRAIGHT AND LEVEL,WET,NO DEFECTS,Y,FOLLOWING TOO CLOSELY,BEAT_113,2,1,1,3,42.067868,-87.473443,4,2,Wednesday,1,10,Midday,0,1
2026-01-21 10:52:00,30,CLEAR,DAYLIGHT,SIDESWIPE SAME DIRECTION,FOUR WAY INTERSECTION,STRAIGHT AND LEVEL,SNOW OR SLUSH,WORN SURFACE,Y,FAILING TO YIELD RIGHT-OF-WAY,BEAT_106,2,1,0,3,41.970344,-87.556999,4,2,Wednesday,1,10,Midday,0,0
2026-01-21 14:02:00,25,CLEAR,"DARKNESS, LIGHTED ROAD",REAR END,NOT DIVIDED,STRAIGHT AND LEVEL,SNOW OR SLUSH,NO DEFECTS,Y,DISREGARDING TRAFFIC SIGNALS,BEAT_102,2,1,0,3,41.908209,-87.610724,4,2,Wednesday,1,14,Midday,0,0
2026-01-21 15:42:00,45,CLEAR,"DARKNESS, LIGHTED ROAD",REAR END,NOT DIVIDED,STRAIGHT AND LEVEL,DRY,NO DEFECTS,N,FAILING TO YIELD RIGHT-OF-WAY,BEAT_119,2,1,0,3,42.165631,-87.406249,4,2,Wednesday,1,15,Midday,0,0
2026-01-21 17:41:00,30,CLEAR,DAYLIGHT,TURNING,DIVIDED - W/MEDIAN,STRAIGHT ON GRADE,SNOW OR SLUSH,"RUT, HOLES",Y,DISREGARDING TRAFFIC SIGNALS,BEAT_115,3,1,0,3,42.103367,-87.453216,4,2,Wednesday,1,17,Evening_Rush,0,0
2026-01-21 18:47:00,35,CLEAR,DAYLIGHT,REAR END,DIVIDED - W/MEDIAN,STRAIGHT AND LEVEL,SNOW OR SLUSH,NO DEFECTS,Y,DRIVING SKILLS/KNOWLEDGE/EXPERIENCE,BEAT_113,2,1,0,3,42.072349,-87.475374,4,2,Wednesday,1,18,Evening_Rush,0,0
2026-01-21 20:27:00,25,FOG/SMOKE/HAZE,DAYLIGHT,REAR END,DIVIDED - W/MEDIAN,STRAIGHT ON GRADE,WET,NO DEFECTS,N,PHYSICAL CONDITION OF DRIVER,BEAT_119,2,1,0,3,42.16246,-87.403084,4,2,Wednesday,1,20,Night,0,0
2026-01-21 21:46:00,30,CLEAR,DAYLIGHT,REAR END,DIVIDED - W/MEDIAN,STRAIGHT AND LEVEL,WET,NO DEFECTS,N,FAILING TO YIELD RIGHT-OF-WAY,BEAT_117,2,1,0,3,42.132886,-87.419947,4,2,Wednesday,1,21,Night,0,0
2026-01-28 04:12:00,25,CLEAR,DAYLIGHT,REAR END,FOUR WAY INTERSECTION,STRAIGHT AND LEVEL,DRY,NO DEFECTS,N,FAILING TO YIELD RIGHT-OF-WAY,BEAT_103,2,1,0,3,41.922825,-87.592146,5,2,Wednesday,1,4,Night,0,0
2026-01-28 05:18:00,35,RAIN,DAYLIGHT,ANGLE,DIVIDED - W/MEDIAN,STRAIGHT AND LEVEL,WET,NO DEFECTS,N,DISREGARDING TRAFFIC SIGNALS,BEAT_117,2,1,0,3,42.135603,-87.426135,5,2,Wednesday,1,5,Night,0,0
2026-01-28 08:46:00,25,CLEAR,"DARKNESS, LIGHTED ROAD",REAR END,FOUR WAY INTERSECTION,STRAIGHT AND LEVEL,DRY,NO DEFECTS,N,FAILING TO YIELD RIGHT-OF-WAY,BEAT_105,2,1,0,3,41.952349,-87.576898,5,2,Wednesday,1,8,Morning_Rush,0,0
2026-01-28 09:29:00,35,CLEAR,DAYLIGHT,SIDESWIPE SAME DIRECTION,T-INTERSECTION,STRAIGHT AND LEVEL,DRY,NO DEFECTS,N,FAILING TO YIELD RIGHT-OF-WAY,BEAT_111,2,1,0,3,42.044901,-87.496162,5,2,Wednesday,1,9,Morning_Rush,0,0
2026-01-28 13:44:00,25,CLEAR,DAYLIGHT,REAR END,ONE-WAY,STRAIGHT AND LEVEL,DRY,NO DEFECTS,N,PHYSICAL CONDITION OF DRIVER,BEAT_103,2,1,0,3,41.926769,-87.596478,5,2,Wednesday,1,13,Midday,0,0
2026-01-28 14:11:00,30,CLEAR,DAYLIGHT,SIDESWIPE SAME DIRECTION,ALLEY,CURVE ON GRADE,DRY,NO DEFECTS,Y,FOLLOWING TOO CLOSELY,BEAT_111,3,1,0,3,42.045385,-87.496532,5,2,Wednesday,1,14,Midday,0,0
2026-01-28 18:42:00,30,CLEAR,DAYLIGHT,REAR END,NOT DIVIDED,STRAIGHT ON GRADE,DRY,NO DEFECTS,N,PHYSICAL CONDITION OF DRIVER,BEAT_117,3,1,0,3,42.132654,-87.425058,5,2,Wednesday,1,18,Evening_Rush,0,0
2026-01-28 23:04:00,30,CLEAR,"DARKNESS, LIGHTED ROAD",ANGLE,ONE-WAY,STRAIGHT AND LEVEL,DRY,NO DEFECTS,Y,FAILING TO YIELD RIGHT-OF-WAY,BEAT_110,2,1,0,3,42.030587,-87.512596,5,2,Wednesday,1,23,Night,0,0
2026-02-04 00:17:00,25,CLEAR,DAYLIGHT,REAR END,DIVIDED - W/MEDIAN,STRAIGHT AND LEVEL,DRY,NO DEFECTS,N,DRIVING SKILLS/KNOWLEDGE/EXPERIENCE,BEAT_105,2,2,0,3,41.957638,-87.573195,6,2,Wednesday,2,0,Night,0,0
2026-02-04 00:46:00,35,RAIN,DAYLIGHT,TURNING,NOT DIVIDED,"CURVE, LEVEL",SNOW OR SLUSH,NO DEFECTS,Y,PHYSICAL CONDITION OF DRIVER,BEAT_113,2,2,2,3,42.078145,-87.473131,6,2,Wednesday,2,0,Night,0,1
2026-02-04 05:37:00,50,CLEAR,DAYLIGHT,FIXED OBJECT,NOT DIVIDED,STRAIGHT AND LEVEL,DRY,NO DEFECTS,N,DISREGARDING TRAFFIC SIGNALS,BEAT_110,2,2,1,3,42.027088,-87.506695,6,2,Wednesday,2,5,Night,0,1
2026-02-04 10:53:00,30,SEVERE RAIN,DAYLIGHT,ANGLE,DIVIDED - W/MEDIAN,STRAIGHT AND LEVEL,WET,"RUT, HOLES",N,DRIVING SKILLS/KNOWLEDGE/EXPERIENCE,BEAT_120,4,2,0,3,42.178092,-87.388567,6,2,Wednesday,2,10,Midday,0,0
2026-02-04 13:32:00,30,CLEAR,DARKNESS,TURNING,DIVIDED - W/MEDIAN,STRAIGHT AND LEVEL,DRY,NO DEFECTS,N,DISREGARDING TRAFFIC SIGNALS,BEAT_107,1,2,0,3,41.982699,-87.547415,6,2,Wednesday,2,13,Midday,0,0
2026-02-04 14:41:00,45,CLEAR,"DARKNESS, LIGHTED ROAD",REAR END,NOT DIVIDED,STRAIGHT ON GRADE,DRY,NO DEFECTS,Y,DRIVING SKILLS/KNOWLEDGE/EXPERIENCE,BEAT_110,2,2,0,3,42.023496,-87.504249,6,2,Wednesday,2,14,Midday,0,0
2026-02-04 14:45:00,30,CLEAR,DAYLIGHT,PARKED MOTOR VEHICLE,T-INTERSECTION,CURVE ON GRADE,DRY,NO DEFECTS,Y,FOLLOWING TOO CLOSELY,BEAT_101,2,2,0,3,41.889677,-87.618425,6,2,Wednesday,2,14,Midday,0,0
2026-02-04 18:59:00,30,RAIN,"DARKNESS, LIGHTED ROAD",SIDESWIPE SAME DIRECTION,FOUR WAY INTERSECTION,"CURVE, LEVEL",WET,NO DEFECTS,Y,DRIVING SKILLS/KNOWLEDGE/EXPERIENCE,BEAT_106,2,2,0,3,41.971248,-87.56064,6,2,Wednesday,2,18,Evening_Rush,0,0
2026-02-04 21:55:00,30,CLEAR,DAYLIGHT,ANGLE,NOT DIVIDED,STRAIGHT AND LEVEL,DRY,NO DEFECTS,Y,FAILING TO YIELD RIGHT-OF-WAY,BEAT_115,2,2,0,3,42.104778,-87.444976,6,2,Wednesday,2,21,Night,0,0
2026-02-04 22:13:00,45,CLEAR,"DARKNESS, LIGHTED ROAD",SIDESWIPE SAME DIRECTION,FOUR WAY INTERSECTION,STRAIGHT AND LEVEL,WET,NO DEFECTS,N,DRIVING SKILLS/KNOWLEDGE/EXPERIENCE,BEAT_117,2,2,0,3,42.136813,-87.421663,6,2,Wednesday,2,22,Night,0,0
2026-02-11 00:58:00,20,CLEAR,DAYLIGHT,REAR END,FOUR WAY INTERSECTION,STRAIGHT AND LEVEL,WET,NO DEFECTS,N,FAILING TO YIELD RIGHT-OF-WAY,BEAT_114,2,2,0,3,42.087649,-87.463626,7,2,Wednesday,2,0,Night,0,0
2026-02-11 03:24:00,25,CLEAR,DAYLIGHT,ANGLE,FOUR WAY INTERSECTION,STRAIGHT AND LEVEL,DRY,"RUT, HOLES",Y,FAILING TO YIELD RIGHT-OF-WAY,BEAT_104,2,2,0,3,41.939275,-87.581061,7,2,Wednesday,2,3,Night,0,0
2026-02-11 03:28:00,25,CLEAR,DARKNESS,REAR END,ONE-WAY,STRAIGHT AND LEVEL,DRY,WORN SURFACE,Y,WEATHER,BEAT_113,2,2,0,3,42.075481,-87.470155,7,2,Wednesday,2,3,Night,0,0
2026-02-11 05:03:00,45,SNOW,DAWN,REAR END,DIVIDED - W/MEDIAN,STRAIGHT AND LEVEL,WET,NO DEFECTS,Y,IMPROPER OVERTAKING/PASSING,BEAT_101,1,2,0,3,41.894783,-87.62156,7,2,Wednesday,2,5,Night,0,0
2026-02-11 06:53:00,25,CLEAR,DAYLIGHT,TURNING,NOT DIVIDED,"CURVE, LEVEL",DRY,NO DEFECTS,N,DRIVING SKILLS/KNOWLEDGE/EXPERIENCE,BEAT_103,2,2,0,3,41.923809,-87.592802,7,2,Wednesday,2,6,Morning_Rush,0,0
2026-02-11 07:19:00,30,SEVERE RAIN,DAWN,TURNING,NOT DIVIDED,STRAIGHT AND LEVEL,WET,NO DEFECTS,N,WEATHER,BEAT_114,1,2,0,3,42.090915,-87.466119,7,2,Wednesday,2,7,Morning_Rush,0,0
2026-02-11 15:19:00,25,SNOW,DAYLIGHT,SIDESWIPE SAME DIRECTION,DIVIDED - W/MEDIAN,STRAIGHT AND LEVEL,WET,NO DEFECTS,Y,FOLLOWING TOO CLOSELY,BEAT_105,2,2,1,3,41.949228,-87.568512,7,2,Wednesday,2,15,Midday,0,1
2026-02-11 16:45:00,45,CLEAR,"DARKNESS, LIGHTED ROAD",ANGLE,DIVIDED - W/MEDIAN,STRAIGHT AND LEVEL,ICE,NO DEFECTS,N,WEATHER,BEAT_107,2,2,0,3,41.981984,-87.543354,7,2,Wednesday,2,16,Evening_Rush,0,0
2026-02-11 19:36:00,40,SNOW,DAYLIGHT,PARKED MOTOR VEHICLE,DIVIDED - W/MEDIAN,STRAIGHT AND LEVEL,WET,NO DEFECTS,N,DRIVING SKILLS/KNOWLEDGE/EXPERIENCE,BEAT_120,1,2,0,3,42.181081,-87.384333,7,2,Wednesday,2,19,Evening_Rush,0,0
2026-02-18 01:29:00,30,CLEAR,DAYLIGHT,TURNING,DIVIDED - W/MEDIAN,"CURVE, LEVEL",DRY,NO DEFECTS,N,FAILING TO YIELD RIGHT-OF-WAY,BEAT_115,1,2,0,3,42.106029,-87.447788,8,2,Wednesday,2,1,Night,0,0
2026-02-18 02:06:00,30,CLEAR,DAYLIGHT,SIDESWIPE SAME DIRECTION,NOT DIVIDED,"CURVE, LEVEL",WET,NO DEFECTS,Y,FAILING TO YIELD RIGHT-OF-WAY,BEAT_111,4,2,0,3,42.040835,-87.49211,8,2,Wednesday,2,2,Night,0,0
2026-02-18 02:47:00,30,RAIN,DUSK,TURNING,DIVIDED - W/MEDIAN,STRAIGHT AND LEVEL,SNOW OR SLUSH,NO DEFECTS,Y,DRIVING SKILLS/KNOWLEDGE/EXPERIENCE,BEAT_105,2,2,0,3,41.95587,-87.573683,8,2,Wednesday,2,2,Night,0,0
2026-02-18 03:06:00,40,RAIN,DAYLIGHT,PEDESTRIAN,NOT DIVIDED,STRAIGHT AND LEVEL,WET,NO DEFECTS,N,PHYSICAL CONDITION OF DRIVER,BEAT_117,4,2,0,3,42.136817,-87.421458,8,2,Wednesday,2,3,Night,0,0
2026-02-18 03:19:00,25,CLEAR,"DARKNESS, LIGHTED ROAD",REAR END,NOT DIVIDED,STRAIGHT AND LEVEL,DRY,NO DEFECTS,N,FOLLOWING TOO CLOSELY,BEAT_109,2,2,0,3,42.012447,-87.517668,8,2,Wednesday,2,3,Night,0,0
2026-02-18 04:01:00,30,CLEAR,DAYLIGHT,ANGLE,DIVIDED - W/MEDIAN,"CURVE, LEVEL",DRY,NO DEFECTS,N,FOLLOWING TOO CLOSELY,BEAT_120,2,2,1,3,42.178057,-87.390443,8,2,Wednesday,2,4,Night,0,1
2026-02-18 05:01:00,40,SEVERE RAIN,DAYLIGHT,REAR END,ONE-WAY,STRAIGHT AND LEVEL,WET,WORN SURFACE,Y,FAILING TO YIELD RIGHT-OF-WAY,BEAT_109,2,2,1,3,42.012685,-87.524535,8,2,Wednesday,2,5,Night,0,1
2026-02-18 05:46:00,30,RAIN,DAYLIGHT,SIDESWIPE SAME DIRECTION,DIVIDED - W/MEDIAN,STRAIGHT AND LEVEL,SNOW OR SLUSH,"RUT, HOLES",N,DRIVING SKILLS/KNOWLEDGE/EXPERIENCE,BEAT_108,2,2,0,3,41.994285,-87.533774,8,2,Wednesday,2,5,Night,0,0
2026-02-18 07:01:00,30,CLEAR,DARKNESS,REAR END,NOT DIVIDED,STRAIGHT AND LEVEL,DRY,NO DEFECTS,Y,FOLLOWING TOO CLOSELY,BEAT_112,2,2,1,3,42.063052,-87.487445,8,2,Wednesday,2,7,Morning_Rush,0,1
2026-02-18 08:14:00,25,CLEAR,"DARKNESS, LIGHTED ROAD",REAR END,ONE-WAY,STRAIGHT AND LEVEL,WET,NO DEFECTS,N,WEATHER,BEAT_107,3,2,0,3,41.9845,-87.549998,8,2,Wednesday,2,8,Morning_Rush,0,0
2026-02-18 09:44:00,30,RAIN,DAYLIGHT,SIDESWIPE SAME DIRECTION,NOT DIVIDED,STRAIGHT AND LEVEL,WET,NO DEFECTS,N,WEATHER,BEAT_118,1,2,0,3,42.147932,-87.410745,8,2,Wednesday,2,9,Morning_Rush,0,0
2026-02-18 15:35:00,25,RAIN,DAYLIGHT,PEDESTRIAN,NOT DIVIDED,STRAIGHT AND LEVEL,SNOW OR SLUSH,NO DEFECTS,N,WEATHER,BEAT_108,2,2,0,3,42.000492,-87.535119,8,2,Wednesday,2,15,Midday,0,0
2026-02-18 16:52:00,20,CLEAR,DAYLIGHT,SIDESWIPE SAME DIRECTION,FOUR WAY INTERSECTION,STRAIGHT AND LEVEL,WET,NO DEFECTS,N,FAILING TO YIELD RIGHT-OF-WAY,BEAT_107,2,2,0,3,41.983268,-87.541428,8,2,Wednesday,2,16,Evening_Rush,0,0
2026-02-18 21:36:00,40,CLEAR,"DARKNESS, LIGHTED ROAD",PARKED MOTOR VEHICLE,DIVIDED - W/MEDIAN,STRAIGHT AND LEVEL,SNOW OR SLUSH,DEBRIS ON ROAD,Y,FAILING TO YIELD RIGHT-OF-WAY,BEAT_116,2,2,0,3,42.118606,-87.440534,8,2,Wednesday,2,21,Night,0,0
2026-02-25 02:46:00,40,CLEAR,DAYLIGHT,PARKED MOTOR VEHICLE,DIVIDED - W/MEDIAN,STRAIGHT AND LEVEL,DRY,SHOULDER DEFECT,Y,PHYSICAL CONDITION OF DRIVER,BEAT_118,2,2,0,3,42.150585,-87.411718,9,2,Wednesday,2,2,Night,0,0
2026-02-25 02:56:00,25,CLEAR,DAYLIGHT,REAR END,DIVIDED - W/MEDIAN,STRAIGHT ON GRADE,SNOW OR SLUSH,NO DEFECTS,N,FOLLOWING TOO CLOSELY,BEAT_109,2,2,0,3,42.013462,-87.521419,9,2,Wednesday,2,2,Night,0,0
2026-02-25 07:27:00,25,FOG/SMOKE/HAZE,"DARKNESS, LIGHTED ROAD",PEDESTRIAN,T-INTERSECTION,STRAIGHT AND LEVEL,WET,NO DEFECTS,N,DRIVING SKILLS/KNOWLEDGE/EXPERIENCE,BEAT_113,1,2,0,3,42.072842,-87.478301,9,2,Wednesday,2,7,Morning_Rush,0,0
2026-02-25 07:34:00,30,RAIN,DAYLIGHT,FIXED OBJECT,FOUR WAY INTERSECTION,STRAIGHT AND LEVEL,WET,"RUT, HOLES",N,FAILING TO YIELD RIGHT-OF-WAY,BEAT_117,2,2,0,3,42.131197,-87.421882,9,2,Wednesday,2,7,Morning_Rush,0,0
2026-02-25 08:09:00,30,CLEAR,DAYLIGHT,TURNING,FOUR WAY INTERSECTION,STRAIGHT AND LEVEL,DRY,NO DEFECTS,Y,FAILING TO YIELD RIGHT-OF-WAY,BEAT_120,2,2,1,3,42.176505,-87.390835,9,2,Wednesday,2,8,Morning_Rush,0,1
2026-02-25 09:01:00,25,CLEAR,DAYLIGHT,PARKED MOTOR VEHICLE,NOT DIVIDED,STRAIGHT AND LEVEL,SNOW OR SLUSH,NO DEFECTS,N,FAILING TO YIELD RIGHT-OF-WAY,BEAT_117,2,2,0,3,42.137821,-87.42443,9,2,Wednesday,2,9,Morning_Rush,0,0
2026-02-25 09:38:00,35,SEVERE RAIN,DAYLIGHT,REAR END,FOUR WAY INTERSECTION,STRAIGHT AND LEVEL,WET,DEBRIS ON ROAD,Y,DISREGARDING TRAFFIC SIGNALS,BEAT_117,2,2,1,3,42.129037,-87.428809,9,2,Wednesday,2,9,Morning_Rush,0,1
2026-02-25 11:50:00,45,RAIN,"DARKNESS, LIGHTED ROAD",REAR END,DIVIDED - W/MEDIAN,STRAIGHT AND LEVEL,SNOW OR SLUSH,NO DEFECTS,Y,DRIVING SKILLS/KNOWLEDGE/EXPERIENCE,BEAT_105,2,2,0,3,41.955314,-87.569467,9,2,Wednesday,2,11,Midday,0,0
2026-02-25 21:03:00,30,CLEAR,"DARKNESS, LIGHTED ROAD",ANGLE,NOT DIVIDED,STRAIGHT AND LEVEL,DRY,DEBRIS ON ROAD,N,FAILING TO YIELD RIGHT-OF-WAY,BEAT_112,1,2,0,3,42.060298,-87.489623,9,2,Wednesday,2,21,Night,0,0
2026-02-25 22:57:00,30,CLEAR,DAYLIGHT,PARKED MOTOR VEHICLE,ONE-WAY,STRAIGHT AND LEVEL,DRY,NO DEFECTS,N,FOLLOWING TOO CLOSELY,BEAT_118,2,2,0,3,42.145057,-87.409847,9,2,Wednesday,2,22,Night,0,0
2026-03-04 01:00:00,25,RAIN,"DARKNESS, LIGHTED ROAD",PARKED MOTOR VEHICLE,NOT DIVIDED,STRAIGHT AND LEVEL,ICE,NO DEFECTS,N,WEATHER,BEAT_105,2,3,0,3,41.953706,-87.569781,10,2,Wednesday,3,1,Night,0,0
2026-03-04 02:50:00,25,RAIN,DAYLIGHT,SIDESWIPE SAME DIRECTION,DIVIDED - W/MEDIAN,STRAIGHT AND LEVEL,WET,NO DEFECTS,N,DRIVING SKILLS/KNOWLEDGE/EXPERIENCE,BEAT_108,2,3,0,3,41.996742,-87.540359,10,2,Wednesday,3,2,Night,0,0
2026-03-04 02:51:00,50,SNOW,DAYLIGHT,REAR END,ONE-WAY,STRAIGHT AND LEVEL,WET,NO DEFECTS,Y,FAILING TO YIELD RIGHT-OF-WAY,BEAT_104,2,3,0,3,41.935448,-87.589565,10,2,Wednesday,3,2,Night,0,0
2026-03-04 07:58:00,25,CLEAR,"DARKNESS, LIGHTED ROAD",SIDESWIPE SAME DIRECTION,T-INTERSECTION,"CURVE, LEVEL",DRY,NO DEFECTS,Y,FAILING TO YIELD RIGHT-OF-WAY,BEAT_115,2,3,0,3,42.100713,-87.447193,10,2,Wednesday,3,7,Morning_Rush,0,0
2026-03-04 11:46:00,25,RAIN,DAYLIGHT,PARKED MOTOR VEHICLE,ONE-WAY,"CURVE, LEVEL",WET,NO DEFECTS,N,WEATHER,BEAT_106,2,3,0,3,41.968362,-87.560562,10,2,Wednesday,3,11,Midday,0,0
2026-03-04 12:43:00,30,SNOW,DAYLIGHT,REAR END,ONE-WAY,STRAIGHT AND LEVEL,SNOW OR SLUSH,"RUT, HOLES",N,FAILING TO YIELD RIGHT-OF-WAY,BEAT_110,2,3,0,3,42.03134,-87.507732,10,2,Wednesday,3,12,Midday,0,0
2026-03-04 13:15:00,30,CLEAR,DAYLIGHT,SIDESWIPE SAME DIRECTION,NOT DIVIDED,STRAIGHT AND LEVEL,DRY,NO DEFECTS,N,FOLLOWING TOO CLOSELY,BEAT_112,2,3,0,3,42.054747,-87.490021,10,2,Wednesday,3,13,Midday,0,0
2026-03-04 14:18:00,25,SNOW,DAYLIGHT,TURNING,DIVIDED - W/MEDIAN,"CURVE, LEVEL",WET,NO DEFECTS,N,FOLLOWING TOO CLOSELY,BEAT_106,1,3,0,3,41.968852,-87.559789,10,2,Wednesday,3,14,Midday,0,0
2026-03-04 23:05:00,25,CLEAR,"DARKNESS, LIGHTED ROAD",REAR END,ONE-WAY,STRAIGHT AND LEVEL,DRY,NO DEFECTS,Y,FAILING TO YIELD RIGHT-OF-WAY,BEAT_111,2,3,0,3,42.038833,-87.500034,10,2,Wednesday,3,23,Night,0,0
2026-03-11 00:52:00,20,RAIN,DAYLIGHT,REAR END,DIVIDED - W/MEDIAN,STRAIGHT AND LEVEL,WET,NO DEFECTS,Y,DRIVING SKILLS/KNOWLEDGE/EXPERIENCE,BEAT_102,1,3,0,3,41.905878,-87.605866,11,2,Wednesday,3,0,Night,0,0
2026-03-11 03:20:00,50,CLEAR,DAYLIGHT,ANGLE,NOT DIVIDED,STRAIGHT AND LEVEL,DRY,NO DEFECTS,N,DRIVING SKILLS/KNOWLEDGE/EXPERIENCE,BEAT_110,3,3,0,3,42.026305,-87.512389,11,2,Wednesday,3,3,Night,0,0
2026-03-11 04:53:00,30,CLEAR,DAYLIGHT,SIDESWIPE SAME DIRECTION,DIVIDED - W/MEDIAN,STRAIGHT AND LEVEL,SNOW OR SLUSH,NO DEFECTS,Y,DISREGARDING TRAFFIC SIGNALS,BEAT_103,1,3,0,3,41.926473,-87.590161,11,2,Wednesday,3,4,Night,0,0
2026-03-11 07:00:00,25,CLEAR,"DARKNESS, LIGHTED ROAD",REAR END,DIVIDED - W/MEDIAN,STRAIGHT AND LEVEL,SNOW OR SLUSH,NO DEFECTS,N,FAILING TO YIELD RIGHT-OF-WAY,BEAT_108,1,3,0,3,41.996403,-87.53489,11,2,Wednesday,3,7,Morning_Rush,0,0
2026-03-11 08:50:00,30,CLEAR,DAYLIGHT,REAR END,DIVIDED - W/MEDIAN,STRAIGHT AND LEVEL,DRY,NO DEFECTS,N,FOLLOWING TOO CLOSELY,BEAT_120,2,3,1,3,42.17771,-87.389417,11,2,Wednesday,3,8,Morning_Rush,0,1
2026-03-11 09:13:00,40,CLEAR,DAYLIGHT,REAR END,ONE-WAY,STRAIGHT AND LEVEL,DRY,NO DEFECTS,N,FOLLOWING TOO CLOSELY,BEAT_105,2,3,0,3,41.949818,-87.572286,11,2,Wednesday,3,9,Morning_Rush,0,0
2026-03-11 12:54:00,25,RAIN,"DARKNESS, LIGHTED ROAD",FIXED OBJECT,DIVIDED - W/MEDIAN,STRAIGHT AND LEVEL,ICE,NO DEFECTS,Y,FAILING TO YIELD RIGHT-OF-WAY,BEAT_112,2,3,0,3,42.054229,-87.486832,11,2,Wednesday,3,12,Midday,0,0
2026-03-11 15:23:00,30,CLEAR,DAYLIGHT,REAR END,NOT DIVIDED,STRAIGHT AND LEVEL,DRY,NO DEFECTS,N,WEATHER,BEAT_108,2,3,0,3,41.995855,-87.532546,11,2,Wednesday,3,15,Midday,0,0
2026-03-11 16:54:00,30,CLEAR,DAYLIGHT,SIDESWIPE SAME DIRECTION,DIVIDED - W/MEDIAN,STRAIGHT AND LEVEL,WET,NO DEFECTS,Y,FOLLOWING TOO CLOSELY,BEAT_113,2,3,0,3,42.073577,-87.476856,11,2,Wednesday,3,16,Evening_Rush,0,0
2026-03-11 18:35:00,30,CLEAR,"DARKNESS, LIGHTED ROAD",SIDESWIPE SAME DIRECTION,ONE-WAY,STRAIGHT AND LEVEL,WET,WORN SURFACE,Y,FOLLOWING TOO CLOSELY,BEAT_113,2,3,0,3,42.078353,-87.477501,11,2,Wednesday,3,18,Evening_Rush,0,0
2026-03-11 22:47:00,25,CLEAR,DAWN,SIDESWIPE SAME DIRECTION,NOT DIVIDED,STRAIGHT AND LEVEL,WET,NO DEFECTS,N,DISREGARDING TRAFFIC SIGNALS,BEAT_104,3,3,0,3,41.940492,-87.581364,11,2,Wednesday,3,22,Night,0,0
2026-03-11 22:57:00,35,RAIN,DAYLIGHT,SIDESWIPE SAME DIRECTION,NOT DIVIDED,STRAIGHT AND LEVEL,WET,"RUT, HOLES",N,DISREGARDING TRAFFIC SIGNALS,BEAT_104,2,3,0,3,41.935383,-87.583761,11,2,Wednesday,3,22,Night,0,0
2026-03-18 02:34:00,30,CLEAR,"DARKNESS, LIGHTED ROAD",TURNING,NOT DIVIDED,STRAIGHT AND LEVEL,DRY,NO DEFECTS,Y,DISREGARDING TRAFFIC SIGNALS,BEAT_119,2,3,1,3,42.161099,-87.400462,12,2,Wednesday,3,2,Night,0,1
2026-03-18 02:56:00,25,CLEAR,DAYLIGHT,FIXED OBJECT,ONE-WAY,CURVE ON GRADE,DRY,NO DEFECTS,Y,WEATHER,BEAT_119,2,3,0,3,42.163002,-87.407159,12,2,Wednesday,3,2,Night,0,0
2026-03-18 03:08:00,35,SNOW,DAYLIGHT,REAR END,T-INTERSECTION,"CURVE, LEVEL",WET,NO DEFECTS,Y,FAILING TO YIELD RIGHT-OF-WAY,BEAT_115,2,3,1,3,42.095633,-87.452024,12,2,Wednesday,3,3,Night,0,1
2026-03-18 07:10:00,25,RAIN,DAYLIGHT,SIDESWIPE SAME DIRECTION,FOUR WAY INTERSECTION,STRAIGHT AND LEVEL,WET,"RUT, HOLES",Y,FAILING TO YIELD RIGHT-OF-WAY,BEAT_115,3,3,0,3,42.102444,-87.454916,12,2,Wednesday,3,7,Morning_Rush,0,0
2026-03-18 13:53:00,25,CLEAR,DAYLIGHT,PARKED MOTOR VEHICLE,DIVIDED - W/MEDIAN,STRAIGHT AND LEVEL,WET,DEBRIS ON ROAD,Y,FOLLOWING TOO CLOSELY,BEAT_116,2,3,0,3,42.116455,-87.440116,12,2,Wednesday,3,13,Midday,0,0
2026-03-18 16:59:00,25,CLEAR,DARKNESS,TURNING,DIVIDED - W/MEDIAN,STRAIGHT AND LEVEL,DRY,NO DEFECTS,N,FOLLOWING TOO CLOSELY,BEAT_102,2,3,0,3,41.90551,-87.603721,12,2,Wednesday,3,16,Evening_Rush,0,0
2026-03-18 18:23:00,25,RAIN,DARKNESS,REAR END,NOT DIVIDED,STRAIGHT ON GRADE,SNOW OR SLUSH,NO DEFECTS,N,DRIVING SKILLS/KNOWLEDGE/EXPERIENCE,BEAT_103,2,3,1,3,41.925665,-87.594861,12,2,Wednesday,3,18,Evening_Rush,0,1
2026-03-18 21:26:00,45,CLEAR,"DARKNESS, LIGHTED ROAD",REAR END,NOT DIVIDED,STRAIGHT AND LEVEL,WET,NO DEFECTS,N,FAILING TO YIELD RIGHT-OF-WAY,BEAT_117,2,3,0,3,42.138705,-87.424391,12,2,Wednesday,3,21,Night,0,0
2026-03-18 22:13:00,35,CLEAR,DARKNESS,REAR END,FOUR WAY INTERSECTION,STRAIGHT AND LEVEL,DRY,"RUT, HOLES",Y,IMPROPER OVERTAKING/PASSING,BEAT_107,2,3,1,3,41.981174,-87.544637,12,2,Wednesday,3,22,Night,0,1
2026-03-25 00:09:00,25,CLEAR,"DARKNESS, LIGHTED ROAD",ANGLE,DIVIDED - W/MEDIAN,STRAIGHT AND LEVEL,DRY,NO DEFECTS,Y,FOLLOWING TOO CLOSELY,BEAT_110,2,3,0,3,42.027887,-87.509777,13,2,Wednesday,3,0,Night,0,0
2026-03-25 00:36:00,25,CLEAR,DAYLIGHT,ANGLE,DIVIDED - W/MEDIAN,"CURVE, LEVEL",WET,SHOULDER DEFECT,Y,IMPROPER OVERTAKING/PASSING,BEAT_109,1,3,0,3,42.014689,-87.517475,13,2,Wednesday,3,0,Night,0,0
2026-03-25 01:07:00,20,CLEAR,DARKNESS,REAR END,ONE-WAY,STRAIGHT AND LEVEL,DRY,"RUT, HOLES",N,FOLLOWING TOO CLOSELY,BEAT_118,2,3,1,3,42.146869,-87.414456,13,2,Wednesday,3,1,Night,0,1
2026-03-25 02:08:00,30,CLEAR,DAYLIGHT,TURNING,ONE-WAY,STRAIGHT AND LEVEL,WET,NO DEFECTS,Y,FOLLOWING TOO CLOSELY,BEAT_105,2,3,1,3,41.953867,-87.567925,13,2,Wednesday,3,2,Night,0,1
2026-03-25 02:46:00,35,CLEAR,DAYLIGHT,REAR END,DIVIDED - W/MEDIAN,STRAIGHT AND LEVEL,WET,WORN SURFACE,Y,IMPROPER OVERTAKING/PASSING,BEAT_102,3,3,0,3,41.91167,-87.602759,13,2,Wednesday,3,2,Night,0,0
2026-03-25 05:21:00,25,CLEAR,DAYLIGHT,SIDESWIPE SAME DIRECTION,DIVIDED - W/MEDIAN,STRAIGHT AND LEVEL,DRY,NO DEFECTS,Y,FOLLOWING TOO CLOSELY,BEAT_118,2,3,0,3,42.149376,-87.412793,13,2,Wednesday,3,5,Night,0,0
2026-03-25 08:59:00,30,CLEAR,DAYLIGHT,SIDESWIPE SAME DIRECTION,FOUR WAY INTERSECTION,STRAIGHT AND LEVEL,DRY,NO DEFECTS,N,WEATHER,BEAT_102,2,3,0,3,41.907453,-87.60275,13,2,Wednesday,3,8,Morning_Rush,0,0
2026-03-25 10:56:00,30,CLEAR,DAWN,REAR END,DIVIDED - W/MEDIAN,STRAIGHT AND LEVEL,DRY,NO DEFECTS,N,WEATHER,BEAT_109,2,3,0,3,42.012185,-87.522979,13,2,Wednesday,3,10,Midday,0,0
2026-03-25 11:38:00,35,FOG/SMOKE/HAZE,DAYLIGHT,ANGLE,ONE-WAY,STRAIGHT AND LEVEL,WET,NO DEFECTS,Y,FAILING TO YIELD RIGHT-OF-WAY,BEAT_108,1,3,0,3,41.997488,-87.539262,13,2,Wednesday,3,11,Midday,0,0
2026-03-25 16:56:00,30,CLEAR,DAYLIGHT,ANGLE,ONE-WAY,STRAIGHT AND LEVEL,WET,NO DEFECTS,Y,FOLLOWING TOO CLOSELY,BEAT_109,3,3,0,3,42.014262,-87.522724,13,2,Wednesday,3,16,Evening_Rush,0,0
2026-03-25 19:06:00,30,CLEAR,DAYLIGHT,PEDESTRIAN,ONE-WAY,STRAIGHT AND LEVEL,DRY,WORN SURFACE,N,PHYSICAL CONDITION OF DRIVER,BEAT_117,2,3,0,3,42.13545,-87.424197,13,2,Wednesday,3,19,Evening_Rush,0,0
2026-03-25 21:10:00,20,CLEAR,"DARKNESS, LIGHTED ROAD",REAR END,NOT DIVIDED,STRAIGHT AND LEVEL,ICE,NO DEFECTS,N,FAILING TO YIELD RIGHT-OF-WAY,BEAT_103,2,3,0,3,41.925051,-87.594098,13,2,Wednesday,3,21,Night,0,0
2026-03-25 21:27:00,30,CLEAR,DAYLIGHT,TURNING,NOT DIVIDED,STRAIGHT AND LEVEL,DRY,NO DEFECTS,Y,DRIVING SKILLS/KNOWLEDGE/EXPERIENCE,BEAT_112,2,3,0,3,42.059524,-87.483349,13,2,Wednesday,3,21,Night,0,0
2026-03-25 21:28:00,35,CLEAR,DAYLIGHT,PEDESTRIAN,DIVIDED - W/MEDIAN,STRAIGHT AND LEVEL,DRY,NO DEFECTS,Y,FOLLOWING TOO CLOSELY,BEAT_116,3,3,0,3,42.119274,-87.439764,13,2,Wednesday,3,21,Night,0,0
2026-04-01 11:21:00,25,CLEAR,DAYLIGHT,ANGLE,DIVIDED - W/MEDIAN,STRAIGHT AND LEVEL,DRY,NO DEFECTS,Y,FOLLOWING TOO CLOSELY,BEAT_108,1,4,0,3,42.002445,-87.537967,14,2,Wednesday,4,11,Midday,0,0
2026-04-01 14:11:00,25,CLEAR,DAYLIGHT,REAR END,FOUR WAY INTERSECTION,STRAIGHT ON GRADE,WET,NO DEFECTS,N,DRIVING SKILLS/KNOWLEDGE/EXPERIENCE,BEAT_113,2,4,0,3,42.073269,-87.476692,14,2,Wednesday,4,14,Midday,0,0
2026-04-01 16:03:00,30,CLEAR,"DARKNESS, LIGHTED ROAD",REAR END,NOT DIVIDED,STRAIGHT AND LEVEL,WET,WORN SURFACE,Y,PHYSICAL CONDITION OF DRIVER,BEAT_103,2,4,1,3,41.920146,-87.591898,14,2,Wednesday,4,16,Evening_Rush,0,1
2026-04-01 19:29:00,20,RAIN,"DARKNESS, LIGHTED ROAD",SIDESWIPE SAME DIRECTION,NOT DIVIDED,STRAIGHT ON GRADE,WET,NO DEFECTS,Y,DRIVING SKILLS/KNOWLEDGE/EXPERIENCE,BEAT_101,2,4,1,3,41.892045,-87.618354,14,2,Wednesday,4,19,Evening_Rush,0,1
2026-04-01 19:32:00,25,CLEAR,DAYLIGHT,ANGLE,ONE-WAY,STRAIGHT AND LEVEL,DRY,NO DEFECTS,Y,FOLLOWING TOO CLOSELY,BEAT_112,3,4,0,3,42.05752,-87.48494,14,2,Wednesday,4,19,Evening_Rush,0,0
2026-04-01 21:40:00,25,CLEAR,"DARKNESS, LIGHTED ROAD",ANGLE,NOT DIVIDED,STRAIGHT AND LEVEL,WET,NO DEFECTS,N,FOLLOWING TOO CLOSELY,BEAT_116,3,4,0,3,42.121835,-87.437192,14,2,Wednesday,4,21,Night,0,0
2026-04-08 05:45:00,25,RAIN,"DARKNESS, LIGHTED ROAD",SIDESWIPE SAME DIRECTION,NOT DIVIDED,STRAIGHT AND LEVEL,WET,NO DEFECTS,Y,FOLLOWING TOO CLOSELY,BEAT_104,2,4,0,3,41.941241,-87.58009,15,2,Wednesday,4,5,Night,0,0
2026-04-08 09:43:00,20,CLEAR,DARKNESS,SIDESWIPE SAME DIRECTION,FOUR WAY INTERSECTION,"CURVE, LEVEL",DRY,NO DEFECTS,N,IMPROPER OVERTAKING/PASSING,BEAT_105,2,4,0,3,41.95428,-87.572235,15,2,Wednesday,4,9,Morning_Rush,0,0
2026-04-08 11:21:00,45,CLEAR,"DARKNESS, LIGHTED ROAD",TURNING,FOUR WAY INTERSECTION,"CURVE, LEVEL",DRY,NO DEFECTS,N,FOLLOWING TOO CLOSELY,BEAT_109,2,4,0,3,42.011268,-87.52148,15,2,Wednesday,4,11,Midday,0,0
2026-04-08 12:56:00,35,CLEAR,"DARKNESS, LIGHTED ROAD",SIDESWIPE SAME DIRECTION,DIVIDED - W/MEDIAN,STRAIGHT AND LEVEL,DRY,"RUT, HOLES",Y,FOLLOWING TOO CLOSELY,BEAT_104,2,4,1,3,41.938262,-87.582659,15,2,Wednesday,4,12,Midday,0,1
2026-04-08 15:33:00,35,CLEAR,DAYLIGHT,TURNING,FOUR WAY INTERSECTION,STRAIGHT AND LEVEL,DRY,NO DEFECTS,N,FOLLOWING TOO CLOSELY,BEAT_108,2,4,0,3,42.000127,-87.534294,15,2,Wednesday,4,15,Midday,0,0
2026-04-08 15:47:00,25,CLEAR,DAYLIGHT,REAR END,FOUR WAY INTERSECTION,STRAIGHT AND LEVEL,DRY,NO DEFECTS,Y,FAILING TO YIELD RIGHT-OF-WAY,BEAT_119,2,4,0,3,42.164957,-87.395628,15,2,Wednesday,4,15,Midday,0,0
2026-04-08 22:33:00,25,CLEAR,DAYLIGHT,ANGLE,T-INTERSECTION,STRAIGHT AND LEVEL,DRY,NO DEFECTS,N,FAILING TO YIELD RIGHT-OF-WAY,BEAT_111,3,4,0,3,42.041945,-87.493079,15,2,Wednesday,4,22,Night,0,0
2026-04-08 22:57:00,20,CLEAR,"DARKNESS, LIGHTED ROAD",SIDESWIPE SAME DIRECTION,DIVIDED - W/MEDIAN,STRAIGHT AND LEVEL,WET,NO DEFECTS,N,PHYSICAL CONDITION OF DRIVER,BEAT_112,2,4,0,3,42.058927,-87.487258,15,2,Wednesday,4,22,Night,0,0
2026-04-15 00:11:00,30,CLEAR,DAYLIGHT,ANGLE,NOT DIVIDED,STRAIGHT AND LEVEL,WET,NO DEFECTS,N,FAILING TO YIELD RIGHT-OF-WAY,BEAT_110,2,4,0,3,42.028435,-87.512827,16,2,Wednesday,4,0,Night,0,0
2026-04-15 00:31:00,25,CLEAR,DARKNESS,REAR END,NOT DIVIDED,STRAIGHT AND LEVEL,DRY,NO DEFECTS,Y,FOLLOWING TOO CLOSELY,BEAT_103,2,4,2,3,41.924385,-87.596012,16,2,Wednesday,4,0,Night,0,1
2026-04-15 01:38:00,25,CLEAR,DARKNESS,SIDESWIPE SAME DIRECTION,NOT DIVIDED,STRAIGHT AND LEVEL,DRY,NO DEFECTS,N,FAILING TO YIELD RIGHT-OF-WAY,BEAT_114,1,4,0,3,42.0889,-87.460566,16,2,Wednesday,4,1,Night,0,0
2026-04-15 02:02:00,20,CLEAR,"DARKNESS, LIGHTED ROAD",REAR END,NOT DIVIDED,STRAIGHT AND LEVEL,DRY,NO DEFECTS,N,WEATHER,BEAT_102,2,4,0,3,41.906531,-87.607999,16,2,Wednesday,4,2,Night,0,0
2026-04-15 03:54:00,25,CLEAR,DAYLIGHT,PEDESTRIAN,FOUR WAY INTERSECTION,STRAIGHT AND LEVEL,"SAND, MUD, DIRT",NO DEFECTS,N,FOLLOWING TOO CLOSELY,BEAT_114,2,4,0,3,42.086107,-87.459155,16,2,Wednesday,4,3,Night,0,0
2026-04-15 15:50:00,30,CLEAR,DAYLIGHT,SIDESWIPE SAME DIRECTION,DIVIDED - W/MEDIAN,STRAIGHT AND LEVEL,DRY,NO DEFECTS,N,FOLLOWING TOO CLOSELY,BEAT_110,1,4,0,3,42.024356,-87.511952,16,2,Wednesday,4,15,Midday,0,0
2026-04-15 17:08:00,30,CLEAR,"DARKNESS, LIGHTED ROAD",REAR END,FOUR WAY INTERSECTION,STRAIGHT AND LEVEL,DRY,NO DEFECTS,N,DRIVING SKILLS/KNOWLEDGE/EXPERIENCE,BEAT_108,2,4,0,3,41.996619,-87.530873,16,2,Wednesday,4,17,Evening_Rush,0,0
2026-04-15 17:15:00,25,SNOW,"DARKNESS, LIGHTED ROAD",TURNING,DIVIDED - W/MEDIAN,STRAIGHT AND LEVEL,WET,"RUT, HOLES",N,DISREGARDING TRAFFIC SIGNALS,BEAT_107,2,4,0,3,41.981333,-87.55014,16,2,Wednesday,4,17,Evening_Rush,0,0
2026-04-15 20:27:00,30,CLEAR,DAYLIGHT,ANGLE,FOUR WAY INTERSECTION,STRAIGHT AND LEVEL,DRY,NO DEFECTS,Y,FAILING TO YIELD RIGHT-OF-WAY,BEAT_115,2,4,0,3,42.106212,-87.446406,16,2,Wednesday,4,20,Night,0,0
2026-04-15 20:43:00,40,SNOW,DARKNESS,SIDESWIPE SAME DIRECTION,DIVIDED - W/MEDIAN,STRAIGHT AND LEVEL,WET,NO DEFECTS,Y,FOLLOWING TOO CLOSELY,BEAT_115,1,4,0,3,42.105897,-87.45051,16,2,Wednesday,4,20,Night,0,0
2026-04-15 21:53:00,30,RAIN,DARKNESS,REAR END,DIVIDED - W/MEDIAN,STRAIGHT ON GRADE,WET,NO DEFECTS,Y,FAILING TO YIELD RIGHT-OF-WAY,BEAT_105,2,4,1,3,41.949625,-87.571694,16,2,Wednesday,4,21,Night,0,1
2026-04-15 22:05:00,25,CLEAR,DAYLIGHT,ANGLE,DIVIDED - W/MEDIAN,"CURVE, LEVEL",DRY,NO DEFECTS,Y,FAILING TO YIELD RIGHT-OF-WAY,BEAT_109,1,4,0,3,42.010762,-87.526065,16,2,Wednesday,4,22,Night,0,0
2026-04-15 22:08:00,55,RAIN,"DARKNESS, LIGHTED ROAD",PEDESTRIAN,ONE-WAY,STRAIGHT AND LEVEL,WET,NO DEFECTS,N,FAILING TO YIELD RIGHT-OF-WAY,BEAT_110,2,4,0,3,42.027128,-87.509609,16,2,Wednesday,4,22,Night,0,0
2026-04-15 22:35:00,35,RAIN,DAYLIGHT,ANGLE,NOT DIVIDED,STRAIGHT AND LEVEL,WET,NO DEFECTS,N,DISREGARDING TRAFFIC SIGNALS,BEAT_106,2,4,1,3,41.967326,-87.558935,16,2,Wednesday,4,22,Night,0,1
2026-04-22 00:26:00,30,CLEAR,DAYLIGHT,PARKED MOTOR VEHICLE,DIVIDED - W/MEDIAN,STRAIGHT AND LEVEL,DRY,"RUT, HOLES",N,WEATHER,BEAT_116,2,4,0,3,42.11199,-87.433898,17,2,Wednesday,4,0,Night,0,0
2026-04-22 02:24:00,30,CLEAR,"DARKNESS, LIGHTED ROAD",TURNING,DIVIDED - W/MEDIAN,STRAIGHT AND LEVEL,DRY,NO DEFECTS,N,DISREGARDING TRAFFIC SIGNALS,BEAT_118,2,4,1,3,42.148624,-87.417451,17,2,Wednesday,4,2,Night,0,1
2026-04-22 05:23:00,45,CLEAR,DARKNESS,SIDESWIPE SAME DIRECTION,T-INTERSECTION,STRAIGHT AND LEVEL,WET,NO DEFECTS,N,FAILING TO YIELD RIGHT-OF-WAY,BEAT_103,2,4,0,3,41.925719,-87.586521,17,2,Wednesday,4,5,Night,0,0
2026-04-22 05:48:00,25,RAIN,DAYLIGHT,SIDESWIPE SAME DIRECTION,DIVIDED - W/MEDIAN,STRAIGHT AND LEVEL,ICE,NO DEFECTS,N,DRIVING SKILLS/KNOWLEDGE/EXPERIENCE,BEAT_103,4,4,0,3,41.922234,-87.596188,17,2,Wednesday,4,5,Night,0,0
2026-04-22 06:11:00,25,RAIN,DAYLIGHT,REAR END,FOUR WAY INTERSECTION,"CURVE, LEVEL",WET,WORN SURFACE,Y,FAILING TO YIELD RIGHT-OF-WAY,BEAT_110,2,4,0,3,42.025418,-87.512743,17,2,Wednesday,4,6,Morning_Rush,0,0
2026-04-22 06:31:00,25,RAIN,DAYLIGHT,REAR END,NOT DIVIDED,STRAIGHT AND LEVEL,WET,NO DEFECTS,Y,FAILING TO YIELD RIGHT-OF-WAY,BEAT_105,2,4,1,3,41.950709,-87.572196,17,2,Wednesday,4,6,Morning_Rush,0,1
2026-04-22 06:49:00,50,RAIN,DAYLIGHT,REAR END,ONE-WAY,STRAIGHT AND LEVEL,SNOW OR SLUSH,NO DEFECTS,Y,FOLLOWING TOO CLOSELY,BEAT_120,2,4,0,3,42.175388,-87.385612,17,2,Wednesday,4,6,Morning_Rush,0,0
2026-04-22 11:28:00,30,CLEAR,DAWN,REAR END,DIVIDED - W/MEDIAN,STRAIGHT AND LEVEL,ICE,NO DEFECTS,N,FOLLOWING TOO CLOSELY,BEAT_111,2,4,0,3,42.043104,-87.496776,17,2,Wednesday,4,11,Midday,0,0
2026-04-22 13:15:00,30,RAIN,DAYLIGHT,FIXED OBJECT,DIVIDED - W/MEDIAN,STRAIGHT ON GRADE,SNOW OR SLUSH,NO DEFECTS,N,DRIVING SKILLS/KNOWLEDGE/EXPERIENCE,BEAT_117,2,4,1,3,42.132803,-87.425578,17,2,Wednesday,4,13,Midday,0,1
2026-04-22 15:01:00,50,CLEAR,"DARKNESS, LIGHTED ROAD",TURNING,NOT DIVIDED,STRAIGHT AND LEVEL,DRY,NO DEFECTS,N,FOLLOWING TOO CLOSELY,BEAT_117,2,4,0,3,42.125243,-87.429672,17,2,Wednesday,4,15,Midday,0,0
2026-04-22 17:39:00,40,CLEAR,"DARKNESS, LIGHTED ROAD",SIDESWIPE SAME DIRECTION,FOUR WAY INTERSECTION,STRAIGHT ON GRADE,WET,NO DEFECTS,N,FAILING TO YIELD RIGHT-OF-WAY,BEAT_103,1,4,0,3,41.918984,-87.598641,17,2,Wednesday,4,17,Evening_Rush,0,0
2026-04-22 18:57:00,35,RAIN,"DARKNESS, LIGHTED ROAD",REAR END,NOT DIVIDED,STRAIGHT AND LEVEL,WET,NO DEFECTS,N,DISREGARDING TRAFFIC SIGNALS,BEAT_115,1,4,0,3,42.108233,-87.450833,17,2,Wednesday,4,18,Evening_Rush,0,0
2026-04-22 19:31:00,20,CLEAR,DAYLIGHT,REAR END,DIVIDED - W/MEDIAN,STRAIGHT AND LEVEL,ICE,"RUT, HOLES",Y,DRIVING SKILLS/KNOWLEDGE/EXPERIENCE,BEAT_120,2,4,0,3,42.171802,-87.38887,17,2,Wednesday,4,19,Evening_Rush,0,0
2026-04-22 19:52:00,35,CLEAR,DAYLIGHT,TURNING,NOT DIVIDED,STRAIGHT AND LEVEL,DRY,NO DEFECTS,Y,PHYSICAL CONDITION OF DRIVER,BEAT_114,2,4,0,3,42.08693,-87.458482,17,2,Wednesday,4,19,Evening_Rush,0,0
2026-04-22 20:39:00,25,CLEAR,DAYLIGHT,PEDESTRIAN,NOT DIVIDED,STRAIGHT AND LEVEL,DRY,NO DEFECTS,N,WEATHER,BEAT_116,4,4,0,3,42.116664,-87.436253,17,2,Wednesday,4,20,Night,0,0
2026-04-22 21:04:00,35,CLEAR,"DARKNESS, LIGHTED ROAD",TURNING,NOT DIVIDED,STRAIGHT AND LEVEL,DRY,NO DEFECTS,Y,FOLLOWING TOO CLOSELY,BEAT_110,2,4,1,3,42.02728,-87.506364,17,2,Wednesday,4,21,Night,0,1
2026-04-22 21:13:00,35,CLEAR,DAYLIGHT,SIDESWIPE SAME DIRECTION,DIVIDED - W/MEDIAN,STRAIGHT AND LEVEL,DRY,"RUT, HOLES",N,WEATHER,BEAT_118,2,4,0,3,42.149101,-87.412898,17,2,Wednesday,4,21,Night,0,0
2026-04-22 23:58:00,30,CLEAR,DAYLIGHT,REAR END,DIVIDED - W/MEDIAN,STRAIGHT AND LEVEL,WET,"RUT, HOLES",Y,FOLLOWING TOO CLOSELY,BEAT_103,2,4,0,3,41.924714,-87.591308,17,2,Wednesday,4,23,Night,0,0
2026-04-29 02:05:00,40,CLEAR,"DARKNESS, LIGHTED ROAD",REAR END,FOUR WAY INTERSECTION,STRAIGHT AND LEVEL,DRY,NO DEFECTS,N,WEATHER,BEAT_120,2,4,0,3,42.182813,-87.383222,18,2,Wednesday,4,2,Night,0,0
2026-04-29 02:23:00,55,SNOW,DAYLIGHT,REAR END,NOT DIVIDED,STRAIGHT AND LEVEL,SNOW OR SLUSH,"RUT, HOLES",Y,FOLLOWING TOO CLOSELY,BEAT_120,2,4,0,3,42.181666,-87.385624,18,2,Wednesday,4,2,Night,0,0
2026-04-29 03:26:00,40,CLEAR,DAYLIGHT,PARKED MOTOR VEHICLE,NOT DIVIDED,STRAIGHT AND LEVEL,DRY,NO DEFECTS,N,FOLLOWING TOO CLOSELY,BEAT_117,2,4,1,3,42.130951,-87.424017,18,2,Wednesday,4,3,Night,0,1
2026-04-29 08:18:00,25,CLEAR,DARKNESS,PARKED MOTOR VEHICLE,FOUR WAY INTERSECTION,STRAIGHT AND LEVEL,DRY,NO DEFECTS,N,FAILING TO YIELD RIGHT-OF-WAY,BEAT_115,2,4,0,3,42.097951,-87.450632,18,2,Wednesday,4,8,Morning_Rush,0,0
2026-04-29 09:08:00,30,FOG/SMOKE/HAZE,"DARKNESS, LIGHTED ROAD",PARKED MOTOR VEHICLE,T-INTERSECTION,STRAIGHT AND LEVEL,WET,NO DEFECTS,Y,DRIVING SKILLS/KNOWLEDGE/EXPERIENCE,BEAT_117,2,4,0,3,42.129753,-87.427758,18,2,Wednesday,4,9,Morning_Rush,0,0
2026-04-29 13:55:00,25,CLEAR,DAYLIGHT,REAR END,DIVIDED - W/MEDIAN,STRAIGHT AND LEVEL,DRY,NO DEFECTS,Y,DISREGARDING TRAFFIC SIGNALS,BEAT_102,2,4,0,3,41.902861,-87.603125,18,2,Wednesday,4,13,Midday,0,0
2026-04-29 18:35:00,25,CLEAR,DAYLIGHT,TURNING,DIVIDED - W/MEDIAN,STRAIGHT AND LEVEL,DRY,NO DEFECTS,N,FAILING TO YIELD RIGHT-OF-WAY,BEAT_109,1,4,1,3,42.009636,-87.525278,18,2,Wednesday,4,18,Evening_Rush,0,1
2026-04-29 19:03:00,30,CLEAR,DAYLIGHT,REAR END,NOT DIVIDED,STRAIGHT AND LEVEL,DRY,NO DEFECTS,Y,DRIVING SKILLS/KNOWLEDGE/EXPERIENCE,BEAT_103,2,4,1,3,41.921071,-87.597904,18,2,Wednesday,4,19,Evening_Rush,0,1
2026-04-29 22:22:00,25,RAIN,DAYLIGHT,PARKED MOTOR VEHICLE,DIVIDED - W/MEDIAN,STRAIGHT AND LEVEL,WET,NO DEFECTS,Y,WEATHER,BEAT_112,2,4,1,3,42.058286,-87.486475,18,2,Wednesday,4,22,Night,0,1
2026-05-06 01:36:00,35,CLEAR,DAYLIGHT,PARKED MOTOR VEHICLE,NOT DIVIDED,STRAIGHT AND LEVEL,DRY,NO DEFECTS,N,FOLLOWING TOO CLOSELY,BEAT_117,2,5,0,3,42.138079,-87.422328,19,2,Wednesday,5,1,Night,0,0
2026-05-06 03:52:00,25,CLEAR,DARKNESS,REAR END,NOT DIVIDED,STRAIGHT AND LEVEL,DRY,NO DEFECTS,Y,FAILING TO YIELD RIGHT-OF-WAY,BEAT_107,2,5,0,3,41.985438,-87.548046,19,2,Wednesday,5,3,Night,0,0
2026-05-06 08:06:00,45,CLEAR,DAYLIGHT,PEDESTRIAN,NOT DIVIDED,STRAIGHT AND LEVEL,DRY,NO DEFECTS,N,FOLLOWING TOO CLOSELY,BEAT_114,2,5,0,3,42.083787,-87.463242,19,2,Wednesday,5,8,Morning_Rush,0,0
2026-05-06 10:11:00,40,CLEAR,"DARKNESS, LIGHTED ROAD",SIDESWIPE SAME DIRECTION,NOT DIVIDED,STRAIGHT AND LEVEL,WET,NO DEFECTS,Y,FOLLOWING TOO CLOSELY,BEAT_113,3,5,0,3,42.071265,-87.475322,19,2,Wednesday,5,10,Midday,0,0
2026-05-06 11:42:00,25,CLEAR,DAYLIGHT,PARKED MOTOR VEHICLE,ONE-WAY,STRAIGHT AND LEVEL,WET,"RUT, HOLES",Y,FOLLOWING TOO CLOSELY,BEAT_101,2,5,0,3,41.888929,-87.617061,19,2,Wednesday,5,11,Midday,0,0
2026-05-06 15:16:00,25,CLEAR,DAYLIGHT,SIDESWIPE SAME DIRECTION,ONE-WAY,STRAIGHT AND LEVEL,WET,"RUT, HOLES",N,DRIVING SKILLS/KNOWLEDGE/EXPERIENCE,BEAT_109,3,5,0,3,42.014581,-87.517695,19,2,Wednesday,5,15,Midday,0,0
2026-05-06 15:53:00,35,RAIN,DAYLIGHT,ANGLE,NOT DIVIDED,STRAIGHT AND LEVEL,WET,NO DEFECTS,N,DISREGARDING TRAFFIC SIGNALS,BEAT_102,4,5,1,3,41.908328,-87.603244,19,2,Wednesday,5,15,Midday,0,1
2026-05-06 17:34:00,40,CLEAR,DAWN,ANGLE,DIVIDED - W/MEDIAN,STRAIGHT AND LEVEL,DRY,DEBRIS ON ROAD,Y,FAILING TO YIELD RIGHT-OF-WAY,BEAT_103,2,5,0,3,41.918299,-87.591847,19,2,Wednesday,5,17,Evening_Rush,0,0
2026-05-06 18:27:00,25,CLEAR,DAYLIGHT,TURNING,T-INTERSECTION,"CURVE, LEVEL",DRY,NO DEFECTS,Y,WEATHER,BEAT_118,2,5,0,3,42.14901,-87.41068,19,2,Wednesday,5,18,Evening_Rush,0,0
2026-05-06 21:49:00,50,RAIN,"DARKNESS, LIGHTED ROAD",TURNING,DIVIDED - W/MEDIAN,CURVE ON GRADE,WET,NO DEFECTS,N,DRIVING SKILLS/KNOWLEDGE/EXPERIENCE,BEAT_101,2,5,1,3,41.897296,-87.617748,19,2,Wednesday,5,21,Night,0,1
2026-05-06 22:49:00,25,CLEAR,DAYLIGHT,REAR END,NOT DIVIDED,STRAIGHT AND LEVEL,DRY,NO DEFECTS,Y,FAILING TO YIELD RIGHT-OF-WAY,BEAT_102,3,5,0,3,41.910362,-87.603631,19,2,Wednesday,5,22,Night,0,0
2026-05-13 01:16:00,30,CLEAR,DARKNESS,ANGLE,DIVIDED - W/MEDIAN,STRAIGHT AND LEVEL,WET,NO DEFECTS,N,FAILING TO YIELD RIGHT-OF-WAY,BEAT_117,2,5,0,3,42.129742,-87.431303,20,2,Wednesday,5,1,Night,0,0
2026-05-13 01:32:00,30,CLEAR,DAYLIGHT,TURNING,ONE-WAY,STRAIGHT AND LEVEL,DRY,"RUT, HOLES",N,FAILING TO YIELD RIGHT-OF-WAY,BEAT_113,2,5,0,3,42.069962,-87.475834,20,2,Wednesday,5,1,Night,0,0
2026-05-13 04:44:00,25,CLEAR,DUSK,PARKED MOTOR VEHICLE,DIVIDED - W/MEDIAN,STRAIGHT AND LEVEL,SNOW OR SLUSH,"RUT, HOLES",N,DRIVING SKILLS/KNOWLEDGE/EXPERIENCE,BEAT_102,2,5,0,3,41.909174,-87.604308,20,2,Wednesday,5,4,Night,0,0
2026-05-13 07:20:00,30,RAIN,DAYLIGHT,REAR END,DIVIDED - W/MEDIAN,STRAIGHT AND LEVEL,WET,NO DEFECTS,N,DISREGARDING TRAFFIC SIGNALS,BEAT_115,2,5,0,3,42.102128,-87.446073,20,2,Wednesday,5,7,Morning_Rush,0,0
2026-05-13 09:37:00,40,CLEAR,DAYLIGHT,REAR END,DIVIDED - W/MEDIAN,STRAIGHT ON GRADE,DRY,NO DEFECTS,Y,FAILING TO YIELD RIGHT-OF-WAY,BEAT_110,2,5,0,3,42.029729,-87.509882,20,2,Wednesday,5,9,Morning_Rush,0,0
2026-05-13 11:34:00,40,CLEAR,DARKNESS,TURNING,FOUR WAY INTERSECTION,STRAIGHT AND LEVEL,DRY,NO DEFECTS,N,FOLLOWING TOO CLOSELY,BEAT_112,2,5,0,3,42.057405,-87.479314,20,2,Wednesday,5,11,Midday,0,0
2026-05-13 13:17:00,25,CLEAR,"DARKNESS, LIGHTED ROAD",PARKED MOTOR VEHICLE,DIVIDED - W/MEDIAN,STRAIGHT AND LEVEL,DRY,NO DEFECTS,Y,DRIVING SKILLS/KNOWLEDGE/EXPERIENCE,BEAT_109,2,5,0,3,42.013812,-87.524812,20,2,Wednesday,5,13,Midday,0,0
2026-05-13 20:34:00,30,CLEAR,"DARKNESS, LIGHTED ROAD",REAR END,ONE-WAY,STRAIGHT AND LEVEL,DRY,NO DEFECTS,N,WEATHER,BEAT_108,2,5,0,3,42.003637,-87.539038,20,2,Wednesday,5,20,Night,0,0
2026-05-20 01:18:00,35,CLEAR,DAYLIGHT,SIDESWIPE SAME DIRECTION,T-INTERSECTION,STRAIGHT AND LEVEL,DRY,"RUT, HOLES",N,WEATHER,BEAT_116,1,5,0,3,42.120726,-87.43815,21,2,Wednesday,5,1,Night,0,0
2026-05-20 01:36:00,25,CLEAR,DARKNESS,REAR END,NOT DIVIDED,STRAIGHT AND LEVEL,DRY,NO DEFECTS,N,DRIVING SKILLS/KNOWLEDGE/EXPERIENCE,BEAT_118,2,5,1,3,42.150467,-87.415278,21,2,Wednesday,5,1,Night,0,1
2026-05-20 04:36:00,40,SNOW,"DARKNESS, LIGHTED ROAD",PARKED MOTOR VEHICLE,FOUR WAY INTERSECTION,CURVE ON GRADE,WET,NO DEFECTS,Y,FAILING TO YIELD RIGHT-OF-WAY,BEAT_111,2,5,1,3,42.043922,-87.497649,21,2,Wednesday,5,4,Night,0,1
2026-05-20 05:21:00,20,CLEAR,DAYLIGHT,PEDESTRIAN,NOT DIVIDED,STRAIGHT AND LEVEL,DRY,NO DEFECTS,N,FOLLOWING TOO CLOSELY,BEAT_109,2,5,0,3,42.010118,-87.520539,21,2,Wednesday,5,5,Night,0,0
2026-05-20 12:11:00,35,CLEAR,"DARKNESS, LIGHTED ROAD",TURNING,NOT DIVIDED,STRAIGHT AND LEVEL,DRY,NO DEFECTS,Y,DRIVING SKILLS/KNOWLEDGE/EXPERIENCE,BEAT_119,3,5,0,3,42.167656,-87.400941,21,2,Wednesday,5,12,Midday,0,0
2026-05-20 12:30:00,50,FOG/SMOKE/HAZE,DAYLIGHT,PARKED MOTOR VEHICLE,NOT DIVIDED,STRAIGHT AND LEVEL,WET,NO DEFECTS,Y,FAILING TO YIELD RIGHT-OF-WAY,BEAT_109,3,5,1,3,42.013502,-87.521845,21,2,Wednesday,5,12,Midday,0,1
2026-05-20 13:43:00,30,SEVERE RAIN,"DARKNESS, LIGHTED ROAD",REAR END,NOT DIVIDED,STRAIGHT AND LEVEL,WET,NO DEFECTS,N,PHYSICAL CONDITION OF DRIVER,BEAT_119,2,5,0,3,42.159849,-87.403778,21,2,Wednesday,5,13,Midday,0,0
2026-05-20 16:19:00,20,CLEAR,DAYLIGHT,PARKED MOTOR VEHICLE,NOT DIVIDED,STRAIGHT AND LEVEL,ICE,NO DEFECTS,Y,FAILING TO YIELD RIGHT-OF-WAY,BEAT_118,1,5,0,3,42.149702,-87.413193,21,2,Wednesday,5,16,Evening_Rush,0,0
2026-05-20 16:29:00,25,CLEAR,DUSK,TURNING,ONE-WAY,STRAIGHT ON GRADE,WET,NO DEFECTS,Y,FOLLOWING TOO CLOSELY,BEAT_112,2,5,0,3,42.054939,-87.482721,21,2,Wednesday,5,16,Evening_Rush,0,0
2026-05-20 17:30:00,30,CLEAR,"DARKNESS, LIGHTED ROAD",PARKED MOTOR VEHICLE,FOUR WAY INTERSECTION,"CURVE, LEVEL",DRY,DEBRIS ON ROAD,Y,DRIVING SKILLS/KNOWLEDGE/EXPERIENCE,BEAT_115,2,5,0,3,42.102529,-87.450354,21,2,Wednesday,5,17,Evening_Rush,0,0
2026-05-20 19:11:00,30,CLEAR,DAYLIGHT,SIDESWIPE SAME DIRECTION,NOT DIVIDED,STRAIGHT AND LEVEL,DRY,WORN SURFACE,N,FAILING TO YIELD RIGHT-OF-WAY,BEAT_110,2,5,0,3,42.02341,-87.506366,21,2,Wednesday,5,19,Evening_Rush,0,0
2026-05-27 00:28:00,30,CLEAR,DAYLIGHT,PARKED MOTOR VEHICLE,ONE-WAY,STRAIGHT AND LEVEL,DRY,WORN SURFACE,Y,IMPROPER OVERTAKING/PASSING,BEAT_110,2,5,0,3,42.034641,-87.513456,22,2,Wednesday,5,0,Night,0,0
2026-05-27 00:55:00,40,FOG/SMOKE/HAZE,DUSK,REAR END,FOUR WAY INTERSECTION,STRAIGHT AND LEVEL,SNOW OR SLUSH,NO DEFECTS,N,WEATHER,BEAT_105,2,5,0,3,41.956018,-87.565167,22,2,Wednesday,5,0,Night,0,0
2026-05-27 05:32:00,25,CLEAR,DAWN,REAR END,DIVIDED - W/MEDIAN,"CURVE, LEVEL",DRY,NO DEFECTS,Y,FOLLOWING TOO CLOSELY,BEAT_117,2,5,1,3,42.133312,-87.425534,22,2,Wednesday,5,5,Night,0,1
2026-05-27 07:35:00,35,RAIN,DAYLIGHT,REAR END,NOT DIVIDED,STRAIGHT AND LEVEL,ICE,NO DEFECTS,N,DRIVING SKILLS/KNOWLEDGE/EXPERIENCE,BEAT_109,2,5,0,3,42.013517,-87.526893,22,2,Wednesday,5,7,Morning_Rush,0,0
2026-05-27 08:17:00,25,CLEAR,DAYLIGHT,ANGLE,DIVIDED - W/MEDIAN,STRAIGHT AND LEVEL,DRY,WORN SURFACE,Y,PHYSICAL CONDITION OF DRIVER,BEAT_103,2,5,0,3,41.923745,-87.59342,22,2,Wednesday,5,8,Morning_Rush,0,0
2026-05-27 12:03:00,20,CLEAR,DAYLIGHT,REAR END,NOT DIVIDED,STRAIGHT AND LEVEL,DRY,"RUT, HOLES",Y,WEATHER,BEAT_114,1,5,0,3,42.0913,-87.458639,22,2,Wednesday,5,12,Midday,0,0
2026-05-27 13:46:00,30,CLEAR,"DARKNESS, LIGHTED ROAD",PARKED MOTOR VEHICLE,NOT DIVIDED,STRAIGHT AND LEVEL,WET,DEBRIS ON ROAD,N,DRIVING SKILLS/KNOWLEDGE/EXPERIENCE,BEAT_111,2,5,0,3,42.043685,-87.501058,22,2,Wednesday,5,13,Midday,0,0
2026-05-27 13:48:00,20,SNOW,DAYLIGHT,SIDESWIPE SAME DIRECTION,FOUR WAY INTERSECTION,STRAIGHT AND LEVEL,SNOW OR SLUSH,NO DEFECTS,Y,FOLLOWING TOO CLOSELY,BEAT_114,2,5,0,3,42.086728,-87.461469,22,2,Wednesday,5,13,Midday,0,0
2026-05-27 17:25:00,40,CLEAR,DAYLIGHT,ANGLE,DIVIDED - W/MEDIAN,STRAIGHT AND LEVEL,DRY,"RUT, HOLES",N,FOLLOWING TOO CLOSELY,BEAT_111,2,5,0,3,42.049432,-87.498391,22,2,Wednesday,5,17,Evening_Rush,0,0
2026-05-27 19:31:00,35,CLEAR,DARKNESS,REAR END,DIVIDED - W/MEDIAN,STRAIGHT AND LEVEL,DRY,WORN SURFACE,N,DRIVING SKILLS/KNOWLEDGE/EXPERIENCE,BEAT_107,2,5,0,3,41.984709,-87.548544,22,2,Wednesday,5,19,Evening_Rush,0,0
2026-05-27 19:41:00,30,SNOW,DARKNESS,ANGLE,FOUR WAY INTERSECTION,STRAIGHT AND LEVEL,WET,NO DEFECTS,Y,DRIVING SKILLS/KNOWLEDGE/EXPERIENCE,BEAT_117,2,5,0,3,42.134121,-87.422594,22,2,Wednesday,5,19,Evening_Rush,0,0
2026-05-27 19:53:00,30,RAIN,"DARKNESS, LIGHTED ROAD",ANGLE,DIVIDED - W/MEDIAN,STRAIGHT AND LEVEL,WET,NO DEFECTS,N,DRIVING SKILLS/KNOWLEDGE/EXPERIENCE,BEAT_107,2,5,0,3,41.987539,-87.547961,22,2,Wednesday,5,19,Evening_Rush,0,0
2026-05-27 21:00:00,35,RAIN,DAYLIGHT,TURNING,ALLEY,STRAIGHT ON GRADE,ICE,SHOULDER DEFECT,Y,FOLLOWING TOO CLOSELY,BEAT_104,2,5,0,3,41.937183,-87.582689,22,2,Wednesday,5,21,Night,0,0
2026-06-03 03:08:00,35,CLEAR,"DARKNESS, LIGHTED ROAD",TURNING,FOUR WAY INTERSECTION,STRAIGHT AND LEVEL,DRY,NO DEFECTS,Y,FAILING TO YIELD RIGHT-OF-WAY,BEAT_109,2,6,0,3,42.011306,-87.522799,23,2,Wednesday,6,3,Night,0,0
2026-06-03 03:15:00,30,CLEAR,DAWN,REAR END,NOT DIVIDED,STRAIGHT AND LEVEL,WET,NO DEFECTS,N,DRIVING SKILLS/KNOWLEDGE/EXPERIENCE,BEAT_114,2,6,0,3,42.091699,-87.461787,23,2,Wednesday,6,3,Night,0,0
2026-06-03 05:31:00,25,CLEAR,"DARKNESS, LIGHTED ROAD",PARKED MOTOR VEHICLE,DIVIDED - W/MEDIAN,STRAIGHT AND LEVEL,DRY,NO DEFECTS,N,FAILING TO YIELD RIGHT-OF-WAY,BEAT_104,2,6,0,3,41.938063,-87.583455,23,2,Wednesday,6,5,Night,0,0
2026-06-03 05:45:00,30,CLEAR,DAYLIGHT,SIDESWIPE SAME DIRECTION,DIVIDED - W/MEDIAN,STRAIGHT AND LEVEL,DRY,NO DEFECTS,N,WEATHER,BEAT_112,2,6,0,3,42.060218,-87.486528,23,2,Wednesday,6,5,Night,0,0
2026-06-03 10:24:00,30,CLEAR,DAYLIGHT,PEDESTRIAN,NOT DIVIDED,STRAIGHT AND LEVEL,DRY,WORN SURFACE,N,FOLLOWING TOO CLOSELY,BEAT_102,2,6,0,3,41.907364,-87.606576,23,2,Wednesday,6,10,Midday,0,0
2026-06-03 13:27:00,35,CLEAR,DARKNESS,PARKED MOTOR VEHICLE,NOT DIVIDED,STRAIGHT AND LEVEL,WET,NO DEFECTS,Y,FOLLOWING TOO CLOSELY,BEAT_117,3,6,0,3,42.131372,-87.4345,23,2,Wednesday,6,13,Midday,0,0
2026-06-03 15:46:00,30,FOG/SMOKE/HAZE,DAYLIGHT,ANGLE,DIVIDED - W/MEDIAN,STRAIGHT AND LEVEL,WET,NO DEFECTS,Y,FAILING TO YIELD RIGHT-OF-WAY,BEAT_114,3,6,0,3,42.08584,-87.46145,23,2,Wednesday,6,15,Midday,0,0
2026-06-03 17:46:00,45,CLEAR,"DARKNESS, LIGHTED ROAD",ANGLE,T-INTERSECTION,STRAIGHT AND LEVEL,DRY,NO DEFECTS,Y,DRIVING SKILLS/KNOWLEDGE/EXPERIENCE,BEAT_104,2,6,0,3,41.936244,-87.586297,23,2,Wednesday,6,17,Evening_Rush,0,0
2026-06-03 18:36:00,30,CLEAR,DAYLIGHT,SIDESWIPE SAME DIRECTION,DIVIDED - W/MEDIAN,STRAIGHT AND LEVEL,DRY,NO DEFECTS,N,DRIVING SKILLS/KNOWLEDGE/EXPERIENCE,BEAT_111,2,6,0,3,42.04268,-87.49473,23,2,Wednesday,6,18,Evening_Rush,0,0
2026-06-03 21:12:00,30,CLEAR,DAYLIGHT,ANGLE,NOT DIVIDED,STRAIGHT AND LEVEL,DRY,"RUT, HOLES",N,DRIVING SKILLS/KNOWLEDGE/EXPERIENCE,BEAT_112,2,6,2,3,42.054695,-87.487373,23,2,Wednesday,6,21,Night,0,1
2026-06-03 21:54:00,20,CLEAR,"DARKNESS, LIGHTED ROAD",ANGLE,DIVIDED - W/MEDIAN,"CURVE, LEVEL",WET,NO DEFECTS,N,DRIVING SKILLS/KNOWLEDGE/EXPERIENCE,BEAT_106,2,6,0,3,41.964272,-87.557782,23,2,Wednesday,6,21,Night,0,0
2026-06-10 00:07:00,30,FOG/SMOKE/HAZE,"DARKNESS, LIGHTED ROAD",SIDESWIPE SAME DIRECTION,NOT DIVIDED,STRAIGHT AND LEVEL,WET,NO DEFECTS,N,WEATHER,BEAT_120,3,6,0,3,42.177997,-87.394428,24,2,Wednesday,6,0,Night,0,0
2026-06-10 02:25:00,45,CLEAR,"DARKNESS, LIGHTED ROAD",REAR END,NOT DIVIDED,STRAIGHT AND LEVEL,DRY,NO DEFECTS,N,FAILING TO YIELD RIGHT-OF-WAY,BEAT_115,3,6,0,3,42.098038,-87.452978,24,2,Wednesday,6,2,Night,0,0
2026-06-10 06:42:00,30,RAIN,"DARKNESS, LIGHTED ROAD",SIDESWIPE SAME DIRECTION,DIVIDED - W/MEDIAN,"CURVE, LEVEL",WET,NO DEFECTS,Y,DISREGARDING TRAFFIC SIGNALS,BEAT_118,2,6,0,3,42.141923,-87.412609,24,2,Wednesday,6,6,Morning_Rush,0,0
2026-06-10 10:07:00,30,CLEAR,"DARKNESS, LIGHTED ROAD",SIDESWIPE SAME DIRECTION,DIVIDED - W/MEDIAN,STRAIGHT AND LEVEL,DRY,"RUT, HOLES",N,PHYSICAL CONDITION OF DRIVER,BEAT_108,3,6,0,3,41.992793,-87.534408,24,2,Wednesday,6,10,Midday,0,0
2026-06-10 14:05:00,25,RAIN,"DARKNESS, LIGHTED ROAD",REAR END,NOT DIVIDED,STRAIGHT AND LEVEL,WET,NO DEFECTS,N,DISREGARDING TRAFFIC SIGNALS,BEAT_110,2,6,0,3,42.030396,-87.508541,24,2,Wednesday,6,14,Midday,0,0
2026-06-10 14:07:00,25,CLEAR,DAYLIGHT,REAR END,T-INTERSECTION,STRAIGHT AND LEVEL,DRY,NO DEFECTS,N,FOLLOWING TOO CLOSELY,BEAT_112,1,6,0,3,42.054614,-87.489224,24,2,Wednesday,6,14,Midday,0,0
2026-06-10 16:50:00,30,CLEAR,"DARKNESS, LIGHTED ROAD",TURNING,DIVIDED - W/MEDIAN,STRAIGHT AND LEVEL,ICE,NO DEFECTS,Y,FOLLOWING TOO CLOSELY,BEAT_114,2,6,1,3,42.085457,-87.456952,24,2,Wednesday,6,16,Evening_Rush,0,1
2026-06-10 17:55:00,35,CLEAR,DAYLIGHT,REAR END,ONE-WAY,"CURVE, LEVEL",DRY,NO DEFECTS,N,WEATHER,BEAT_101,2,6,0,3,41.894356,-87.61929,24,2,Wednesday,6,17,Evening_Rush,0,0
2026-06-10 19:42:00,30,CLEAR,DAWN,TURNING,NOT DIVIDED,STRAIGHT AND LEVEL,DRY,NO DEFECTS,Y,FAILING TO YIELD RIGHT-OF-WAY,BEAT_104,2,6,2,3,41.944765,-87.587706,24,2,Wednesday,6,19,Evening_Rush,0,1
2026-06-10 20:19:00,25,CLEAR,DAYLIGHT,REAR END,DIVIDED - W/MEDIAN,STRAIGHT AND LEVEL,WET,NO DEFECTS,Y,FOLLOWING TOO CLOSELY,BEAT_108,2,6,0,3,41.99974,-87.534248,24,2,Wednesday,6,20,Night,0,0
2026-06-17 00:58:00,25,CLEAR,"DARKNESS, LIGHTED ROAD",REAR END,NOT DIVIDED,STRAIGHT AND LEVEL,DRY,"RUT, HOLES",N,DISREGARDING TRAFFIC SIGNALS,BEAT_116,2,6,0,3,42.120561,-87.436278,25,2,Wednesday,6,0,Night,0,0
2026-06-17 01:49:00,25,RAIN,DAYLIGHT,REAR END,ALLEY,STRAIGHT AND LEVEL,SNOW OR SLUSH,NO DEFECTS,Y,DRIVING SKILLS/KNOWLEDGE/EXPERIENCE,BEAT_119,2,6,0,3,42.162149,-87.401382,25,2,Wednesday,6,1,Night,0,0
2026-06-17 04:44:00,25,CLEAR,DAYLIGHT,ANGLE,NOT DIVIDED,STRAIGHT AND LEVEL,SNOW OR SLUSH,NO DEFECTS,N,DISREGARDING TRAFFIC SIGNALS,BEAT_117,2,6,2,3,42.133856,-87.423833,25,2,Wednesday,6,4,Night,0,1
2026-06-17 05:20:00,25,CLEAR,DAYLIGHT,ANGLE,DIVIDED - W/MEDIAN,STRAIGHT AND LEVEL,DRY,NO DEFECTS,Y,DRIVING SKILLS/KNOWLEDGE/EXPERIENCE,BEAT_103,2,6,0,3,41.925141,-87.597274,25,2,Wednesday,6,5,Night,0,0
2026-06-17 09:42:00,30,CLEAR,DAYLIGHT,SIDESWIPE SAME DIRECTION,NOT DIVIDED,STRAIGHT AND LEVEL,DRY,NO DEFECTS,N,FAILING TO YIELD RIGHT-OF-WAY,BEAT_112,2,6,0,3,42.055451,-87.487898,25,2,Wednesday,6,9,Morning_Rush,0,0
2026-06-17 12:34:00,35,SNOW,DAYLIGHT,SIDESWIPE SAME DIRECTION,NOT DIVIDED,STRAIGHT AND LEVEL,WET,NO DEFECTS,N,FOLLOWING TOO CLOSELY,BEAT_104,4,6,0,3,41.933516,-87.584694,25,2,Wednesday,6,12,Midday,0,0
2026-06-17 13:35:00,25,CLEAR,DAYLIGHT,PEDESTRIAN,T-INTERSECTION,STRAIGHT AND LEVEL,DRY,NO DEFECTS,N,DRIVING SKILLS/KNOWLEDGE/EXPERIENCE,BEAT_115,4,6,0,3,42.10121,-87.449563,25,2,Wednesday,6,13,Midday,0,0
2026-06-17 14:47:00,20,CLEAR,DAYLIGHT,TURNING,ONE-WAY,STRAIGHT AND LEVEL,DRY,"RUT, HOLES",N,FAILING TO YIELD RIGHT-OF-WAY,BEAT_107,3,6,0,3,41.98299,-87.54474,25,2,Wednesday,6,14,Midday,0,0
2026-06-17 19:49:00,25,CLEAR,DAYLIGHT,SIDESWIPE SAME DIRECTION,DIVIDED - W/MEDIAN,STRAIGHT AND LEVEL,DRY,"RUT, HOLES",Y,DRIVING SKILLS/KNOWLEDGE/EXPERIENCE,BEAT_102,1,6,1,3,41.903541,-87.603148,25,2,Wednesday,6,19,Evening_Rush,0,1
2026-06-17 20:14:00,35,CLEAR,DAYLIGHT,REAR END,DIVIDED - W/MEDIAN,CURVE ON GRADE,DRY,NO DEFECTS,Y,FAILING TO YIELD RIGHT-OF-WAY,BEAT_103,2,6,0,3,41.927801,-87.595954,25,2,Wednesday,6,20,Night,0,0
2026-06-17 21:12:00,30,CLEAR,DARKNESS,ANGLE,DIVIDED - W/MEDIAN,STRAIGHT AND LEVEL,WET,NO DEFECTS,N,FAILING TO YIELD RIGHT-OF-WAY,BEAT_119,2,6,0,3,42.159814,-87.405412,25,2,Wednesday,6,21,Night,0,0
2026-06-17 21:44:00,40,CLEAR,DARKNESS,REAR END,ONE-WAY,STRAIGHT AND LEVEL,WET,NO DEFECTS,N,FAILING TO YIELD RIGHT-OF-WAY,BEAT_116,2,6,0,3,42.116698,-87.440126,25,2,Wednesday,6,21,Night,0,0
2026-06-17 22:07:00,25,CLEAR,DAYLIGHT,FIXED OBJECT,DIVIDED - W/MEDIAN,STRAIGHT AND LEVEL,DRY,SHOULDER DEFECT,Y,FAILING TO YIELD RIGHT-OF-WAY,BEAT_110,2,6,0,3,42.028188,-87.503077,25,2,Wednesday,6,22,Night,0,0
2026-06-24 04:08:00,35,CLEAR,DAYLIGHT,PEDESTRIAN,DIVIDED - W/MEDIAN,STRAIGHT AND LEVEL,DRY,NO DEFECTS,N,DRIVING SKILLS/KNOWLEDGE/EXPERIENCE,BEAT_118,2,6,0,3,42.152965,-87.413837,26,2,Wednesday,6,4,Night,0,0
2026-06-24 04:11:00,30,CLEAR,DARKNESS,REAR END,NOT DIVIDED,STRAIGHT AND LEVEL,DRY,DEBRIS ON ROAD,Y,FAILING TO YIELD RIGHT-OF-WAY,BEAT_105,2,6,1,3,41.955222,-87.566889,26,2,Wednesday,6,4,Night,0,1
2026-06-24 06:42:00,25,CLEAR,DAYLIGHT,PARKED MOTOR VEHICLE,NOT DIVIDED,STRAIGHT AND LEVEL,WET,NO DEFECTS,Y,FAILING TO YIELD RIGHT-OF-WAY,BEAT_117,3,6,0,3,42.131539,-87.423724,26,2,Wednesday,6,6,Morning_Rush,0,0
2026-06-24 08:43:00,30,CLEAR,DAYLIGHT,REAR END,NOT DIVIDED,STRAIGHT AND LEVEL,DRY,NO DEFECTS,N,FAILING TO YIELD RIGHT-OF-WAY,BEAT_101,3,6,0,3,41.891553,-87.617884,26,2,Wednesday,6,8,Morning_Rush,0,0
2026-06-24 09:14:00,25,RAIN,DAYLIGHT,PEDESTRIAN,NOT DIVIDED,STRAIGHT AND LEVEL,WET,NO DEFECTS,N,FOLLOWING TOO CLOSELY,BEAT_117,2,6,1,3,42.133236,-87.425609,26,2,Wednesday,6,9,Morning_Rush,0,1
2026-06-24 16:03:00,35,CLEAR,DAYLIGHT,REAR END,DIVIDED - W/MEDIAN,STRAIGHT AND LEVEL,WET,NO DEFECTS,N,FAILING TO YIELD RIGHT-OF-WAY,BEAT_114,2,6,0,3,42.084539,-87.464655,26,2,Wednesday,6,16,Evening_Rush,0,0
2026-06-24 16:11:00,30,CLEAR,DARKNESS,PARKED MOTOR VEHICLE,NOT DIVIDED,STRAIGHT AND LEVEL,DRY,NO DEFECTS,Y,FAILING TO YIELD RIGHT-OF-WAY,BEAT_107,1,6,0,3,41.980652,-87.543446,26,2,Wednesday,6,16,Evening_Rush,0,0
2026-06-24 22:10:00,30,RAIN,DAYLIGHT,PEDESTRIAN,T-INTERSECTION,STRAIGHT AND LEVEL,WET,NO DEFECTS,N,FOLLOWING TOO CLOSELY,BEAT_101,2,6,0,3,41.892534,-87.620905,26,2,Wednesday,6,22,Night,0,0
2026-06-24 22:43:00,20,CLEAR,DARKNESS,SIDESWIPE SAME DIRECTION,ONE-WAY,STRAIGHT AND LEVEL,DRY,"RUT, HOLES",N,IMPROPER OVERTAKING/PASSING,BEAT_120,2,6,0,3,42.176485,-87.390161,26,2,Wednesday,6,22,Night,0,0
2026-07-01 01:22:00,30,CLEAR,DAYLIGHT,SIDESWIPE SAME DIRECTION,DIVIDED - W/MEDIAN,STRAIGHT AND LEVEL,DRY,NO DEFECTS,N,FAILING TO YIELD RIGHT-OF-WAY,BEAT_109,1,7,0,3,42.013129,-87.517755,27,2,Wednesday,7,1,Night,0,0
2026-07-01 02:50:00,30,FOG/SMOKE/HAZE,"DARKNESS, LIGHTED ROAD",REAR END,FOUR WAY INTERSECTION,STRAIGHT AND LEVEL,WET,NO DEFECTS,Y,DRIVING SKILLS/KNOWLEDGE/EXPERIENCE,BEAT_105,2,7,0,3,41.955071,-87.571967,27,2,Wednesday,7,2,Night,0,0
2026-07-01 08:15:00,30,CLEAR,DAYLIGHT,SIDESWIPE SAME DIRECTION,FOUR WAY INTERSECTION,STRAIGHT AND LEVEL,SNOW OR SLUSH,NO DEFECTS,Y,DRIVING SKILLS/KNOWLEDGE/EXPERIENCE,BEAT_102,2,7,0,3,41.90703,-87.600354,27,2,Wednesday,7,8,Morning_Rush,0,0
2026-07-01 11:39:00,25,CLEAR,DARKNESS,SIDESWIPE SAME DIRECTION,NOT DIVIDED,STRAIGHT AND LEVEL,WET,"RUT, HOLES",Y,DRIVING SKILLS/KNOWLEDGE/EXPERIENCE,BEAT_108,2,7,0,3,41.994147,-87.531781,27,2,Wednesday,7,11,Midday,0,0
2026-07-01 12:03:00,30,CLEAR,DAYLIGHT,PEDESTRIAN,DIVIDED - W/MEDIAN,STRAIGHT AND LEVEL,WET,DEBRIS ON ROAD,N,WEATHER,BEAT_114,2,7,0,3,42.088383,-87.466219,27,2,Wednesday,7,12,Midday,0,0
2026-07-01 13:18:00,25,CLEAR,DAYLIGHT,REAR END,ONE-WAY,STRAIGHT AND LEVEL,WET,NO DEFECTS,Y,FAILING TO YIELD RIGHT-OF-WAY,BEAT_107,2,7,1,3,41.987459,-87.540736,27,2,Wednesday,7,13,Midday,0,1
2026-07-01 13:54:00,50,CLEAR,"DARKNESS, LIGHTED ROAD",FIXED OBJECT,NOT DIVIDED,STRAIGHT ON GRADE,WET,NO DEFECTS,Y,FAILING TO YIELD RIGHT-OF-WAY,BEAT_107,2,7,1,3,41.984079,-87.544438,27,2,Wednesday,7,13,Midday,0,1
2026-07-01 15:45:00,25,CLEAR,DAYLIGHT,PEDESTRIAN,NOT DIVIDED,STRAIGHT AND LEVEL,DRY,NO DEFECTS,Y,FOLLOWING TOO CLOSELY,BEAT_109,2,7,0,3,42.012257,-87.525139,27,2,Wednesday,7,15,Midday,0,0
2026-07-01 17:45:00,25,CLEAR,DAYLIGHT,ANGLE,FOUR WAY INTERSECTION,CURVE ON GRADE,DRY,NO DEFECTS,N,DISREGARDING TRAFFIC SIGNALS,BEAT_116,2,7,0,3,42.116157,-87.442229,27,2,Wednesday,7,17,Evening_Rush,0,0
2026-07-01 19:12:00,25,RAIN,"DARKNESS, LIGHTED ROAD",TURNING,DIVIDED - W/MEDIAN,"CURVE, LEVEL",SNOW OR SLUSH,NO DEFECTS,Y,DRIVING SKILLS/KNOWLEDGE/EXPERIENCE,BEAT_119,2,7,0,3,42.165051,-87.399622,27,2,Wednesday,7,19,Evening_Rush,0,0
2026-07-01 21:04:00,30,CLEAR,DAYLIGHT,REAR END,DIVIDED - W/MEDIAN,STRAIGHT AND LEVEL,DRY,NO DEFECTS,N,FAILING TO YIELD RIGHT-OF-WAY,BEAT_115,2,7,0,3,42.103488,-87.450604,27,2,Wednesday,7,21,Night,0,0
2026-07-08 03:33:00,25,CLEAR,DAYLIGHT,TURNING,DIVIDED - W/MEDIAN,STRAIGHT ON GRADE,DRY,NO DEFECTS,N,FAILING TO YIELD RIGHT-OF-WAY,BEAT_110,2,7,0,3,42.02829,-87.505869,28,2,Wednesday,7,3,Night,0,0
2026-07-08 04:49:00,30,CLEAR,"DARKNESS, LIGHTED ROAD",TURNING,NOT DIVIDED,STRAIGHT AND LEVEL,DRY,NO DEFECTS,Y,DRIVING SKILLS/KNOWLEDGE/EXPERIENCE,BEAT_108,4,7,0,3,41.998878,-87.536718,28,2,Wednesday,7,4,Night,0,0
2026-07-08 05:11:00,25,RAIN,DAYLIGHT,REAR END,NOT DIVIDED,CURVE ON GRADE,WET,NO DEFECTS,N,DRIVING SKILLS/KNOWLEDGE/EXPERIENCE,BEAT_107,2,7,1,3,41.982478,-87.548995,28,2,Wednesday,7,5,Night,0,1
2026-07-08 06:52:00,20,RAIN,DAYLIGHT,PEDESTRIAN,DIVIDED - W/MEDIAN,STRAIGHT AND LEVEL,ICE,NO DEFECTS,N,DISREGARDING TRAFFIC SIGNALS,BEAT_104,2,7,2,3,41.937255,-87.575809,28,2,Wednesday,7,6,Morning_Rush,0,1
2026-07-08 07:01:00,45,CLEAR,DARKNESS,TURNING,T-INTERSECTION,CURVE ON GRADE,DRY,NO DEFECTS,N,FOLLOWING TOO CLOSELY,BEAT_120,2,7,0,3,42.179535,-87.386847,28,2,Wednesday,7,7,Morning_Rush,0,0
2026-07-08 12:27:00,25,CLEAR,"DARKNESS, LIGHTED ROAD",PEDESTRIAN,DIVIDED - W/MEDIAN,STRAIGHT AND LEVEL,DRY,NO DEFECTS,Y,FOLLOWING TOO CLOSELY,BEAT_104,2,7,0,3,41.935967,-87.578963,28,2,Wednesday,7,12,Midday,0,0
2026-07-08 13:27:00,55,CLEAR,DAYLIGHT,REAR END,DIVIDED - W/MEDIAN,STRAIGHT AND LEVEL,DRY,NO DEFECTS,N,DISREGARDING TRAFFIC SIGNALS,BEAT_104,2,7,0,3,41.939258,-87.579935,28,2,Wednesday,7,13,Midday,0,0
2026-07-08 14:19:00,35,CLEAR,DAYLIGHT,TURNING,DIVIDED - W/MEDIAN,STRAIGHT AND LEVEL,DRY,NO DEFECTS,Y,FOLLOWING TOO CLOSELY,BEAT_114,2,7,0,3,42.081195,-87.464812,28,2,Wednesday,7,14,Midday,0,0
2026-07-08 15:46:00,30,CLEAR,DAYLIGHT,SIDESWIPE SAME DIRECTION,NOT DIVIDED,"CURVE, LEVEL",DRY,NO DEFECTS,N,FAILING TO YIELD RIGHT-OF-WAY,BEAT_109,2,7,1,3,42.015765,-87.522632,28,2,Wednesday,7,15,Midday,0,1
2026-07-08 20:48:00,30,CLEAR,DARKNESS,PARKED MOTOR VEHICLE,ONE-WAY,STRAIGHT AND LEVEL,DRY,NO DEFECTS,N,DRIVING SKILLS/KNOWLEDGE/EXPERIENCE,BEAT_109,1,7,0,3,42.015843,-87.517869,28,2,Wednesday,7,20,Night,0,0
2026-07-08 22:29:00,30,CLEAR,DARKNESS,ANGLE,T-INTERSECTION,STRAIGHT AND LEVEL,DRY,SHOULDER DEFECT,Y,FAILING TO YIELD RIGHT-OF-WAY,BEAT_118,2,7,0,3,42.149529,-87.417763,28,2,Wednesday,7,22,Night,0,0
2026-07-08 23:13:00,30,CLEAR,"DARKNESS, LIGHTED ROAD",SIDESWIPE SAME DIRECTION,NOT DIVIDED,STRAIGHT AND LEVEL,DRY,NO DEFECTS,N,FAILING TO YIELD RIGHT-OF-WAY,BEAT_115,2,7,0,3,42.101701,-87.447822,28,2,Wednesday,7,23,Night,0,0
2026-07-15 02:06:00,25,SEVERE RAIN,"DARKNESS, LIGHTED ROAD",REAR END,DIVIDED - W/MEDIAN,STRAIGHT AND LEVEL,WET,NO DEFECTS,Y,WEATHER,BEAT_118,2,7,1,3,42.148845,-87.418677,29,2,Wednesday,7,2,Night,0,1
2026-07-15 02:40:00,30,RAIN,DAYLIGHT,SIDESWIPE SAME DIRECTION,FOUR WAY INTERSECTION,STRAIGHT AND LEVEL,SNOW OR SLUSH,NO DEFECTS,N,IMPROPER OVERTAKING/PASSING,BEAT_118,2,7,0,3,42.145785,-87.416209,29,2,Wednesday,7,2,Night,0,0
2026-07-15 03:51:00,25,SNOW,DAYLIGHT,REAR END,NOT DIVIDED,"CURVE, LEVEL",WET,"RUT, HOLES",N,DISREGARDING TRAFFIC SIGNALS,BEAT_101,2,7,0,3,41.891376,-87.618238,29,2,Wednesday,7,3,Night,0,0
2026-07-15 05:49:00,25,CLEAR,DAYLIGHT,ANGLE,NOT DIVIDED,STRAIGHT AND LEVEL,WET,NO DEFECTS,Y,IMPROPER OVERTAKING/PASSING,BEAT_107,2,7,2,3,41.988141,-87.543263,29,2,Wednesday,7,5,Night,0,1
2026-07-15 09:20:00,30,CLEAR,DAYLIGHT,REAR END,DIVIDED - W/MEDIAN,STRAIGHT AND LEVEL,DRY,NO DEFECTS,N,DISREGARDING TRAFFIC SIGNALS,BEAT_114,2,7,1,3,42.08829,-87.465497,29,2,Wednesday,7,9,Morning_Rush,0,1
2026-07-15 14:22:00,40,CLEAR,DAYLIGHT,FIXED OBJECT,FOUR WAY INTERSECTION,STRAIGHT AND LEVEL,SNOW OR SLUSH,NO DEFECTS,Y,WEATHER,BEAT_106,2,7,0,3,41.969751,-87.559626,29,2,Wednesday,7,14,Midday,0,0
2026-07-15 17:00:00,25,CLEAR,DAYLIGHT,TURNING,FOUR WAY INTERSECTION,"CURVE, LEVEL",WET,NO DEFECTS,N,FAILING TO YIELD RIGHT-OF-WAY,BEAT_112,2,7,0,3,42.058379,-87.485182,29,2,Wednesday,7,17,Evening_Rush,0,0
2026-07-15 17:09:00,30,CLEAR,"DARKNESS, LIGHTED ROAD",ANGLE,DIVIDED - W/MEDIAN,STRAIGHT AND LEVEL,DRY,NO DEFECTS,N,FOLLOWING TOO CLOSELY,BEAT_119,3,7,0,3,42.161065,-87.400267,29,2,Wednesday,7,17,Evening_Rush,0,0
2026-07-15 18:23:00,40,CLEAR,DAYLIGHT,ANGLE,DIVIDED - W/MEDIAN,STRAIGHT AND LEVEL,DRY,NO DEFECTS,N,FAILING TO YIELD RIGHT-OF-WAY,BEAT_108,4,7,3,3,41.998483,-87.535648,29,2,Wednesday,7,18,Evening_Rush,0,1
2026-07-15 21:06:00,35,RAIN,DAYLIGHT,REAR END,NOT DIVIDED,STRAIGHT AND LEVEL,WET,NO DEFECTS,N,FAILING TO YIELD RIGHT-OF-WAY,BEAT_118,2,7,0,3,42.146412,-87.417181,29,2,Wednesday,7,21,Night,0,0
2026-07-15 22:52:00,35,CLEAR,DAYLIGHT,REAR END,NOT DIVIDED,STRAIGHT AND LEVEL,DRY,NO DEFECTS,Y,FAILING TO YIELD RIGHT-OF-WAY,BEAT_112,2,7,0,3,42.056311,-87.48571,29,2,Wednesday,7,22,Night,0,0
2026-07-22 00:08:00,50,CLEAR,"DARKNESS, LIGHTED ROAD",SIDESWIPE SAME DIRECTION,DIVIDED - W/MEDIAN,STRAIGHT AND LEVEL,DRY,NO DEFECTS,Y,DRIVING SKILLS/KNOWLEDGE/EXPERIENCE,BEAT_106,2,7,1,3,41.970586,-87.561276,30,2,Wednesday,7,0,Night,0,1
2026-07-22 01:52:00,30,CLEAR,DAYLIGHT,REAR END,ONE-WAY,STRAIGHT AND LEVEL,SNOW OR SLUSH,NO DEFECTS,N,IMPROPER OVERTAKING/PASSING,BEAT_103,2,7,0,3,41.92437,-87.587331,30,2,Wednesday,7,1,Night,0,0
2026-07-22 02:07:00,35,CLEAR,"DARKNESS, LIGHTED ROAD",SIDESWIPE SAME DIRECTION,NOT DIVIDED,"CURVE, LEVEL",DRY,NO DEFECTS,N,FOLLOWING TOO CLOSELY,BEAT_103,1,7,0,3,41.925514,-87.598854,30,2,Wednesday,7,2,Night,0,0
2026-07-22 03:12:00,45,CLEAR,"DARKNESS, LIGHTED ROAD",SIDESWIPE SAME DIRECTION,NOT DIVIDED,STRAIGHT AND LEVEL,DRY,NO DEFECTS,N,FOLLOWING TOO CLOSELY,BEAT_101,2,7,0,3,41.898177,-87.616087,30,2,Wednesday,7,3,Night,0,0
2026-07-22 06:28:00,35,CLEAR,DAYLIGHT,ANGLE,DIVIDED - W/MEDIAN,STRAIGHT AND LEVEL,DRY,NO DEFECTS,Y,WEATHER,BEAT_110,2,7,0,3,42.029043,-87.507362,30,2,Wednesday,7,6,Morning_Rush,0,0
2026-07-22 07:00:00,25,CLEAR,"DARKNESS, LIGHTED ROAD",ANGLE,DIVIDED - W/MEDIAN,STRAIGHT AND LEVEL,DRY,NO DEFECTS,Y,WEATHER,BEAT_102,1,7,1,3,41.908021,-87.603439,30,2,Wednesday,7,7,Morning_Rush,0,1
2026-07-22 08:12:00,30,CLEAR,"DARKNESS, LIGHTED ROAD",SIDESWIPE SAME DIRECTION,DIVIDED - W/MEDIAN,STRAIGHT AND LEVEL,SNOW OR SLUSH,NO DEFECTS,N,WEATHER,BEAT_117,3,7,0,3,42.133729,-87.425096,30,2,Wednesday,7,8,Morning_Rush,0,0
2026-07-22 08:40:00,45,FOG/SMOKE/HAZE,"DARKNESS, LIGHTED ROAD",SIDESWIPE SAME DIRECTION,NOT DIVIDED,STRAIGHT AND LEVEL,WET,NO DEFECTS,Y,DISREGARDING TRAFFIC SIGNALS,BEAT_105,3,7,0,3,41.951879,-87.567741,30,2,Wednesday,7,8,Morning_Rush,0,0
2026-07-22 09:00:00,30,CLEAR,DAYLIGHT,TURNING,ONE-WAY,STRAIGHT AND LEVEL,DRY,NO DEFECTS,Y,DRIVING SKILLS/KNOWLEDGE/EXPERIENCE,BEAT_102,2,7,0,3,41.910943,-87.606493,30,2,Wednesday,7,9,Morning_Rush,0,0
2026-07-22 09:15:00,50,RAIN,"DARKNESS, LIGHTED ROAD",SIDESWIPE SAME DIRECTION,ONE-WAY,STRAIGHT AND LEVEL,WET,NO DEFECTS,Y,FAILING TO YIELD RIGHT-OF-WAY,BEAT_106,2,7,0,3,41.962334,-87.556289,30,2,Wednesday,7,9,Morning_Rush,0,0
2026-07-22 15:58:00,30,CLEAR,"DARKNESS, LIGHTED ROAD",REAR END,NOT DIVIDED,"CURVE, LEVEL",DRY,NO DEFECTS,Y,FOLLOWING TOO CLOSELY,BEAT_104,2,7,0,3,41.934394,-87.585376,30,2,Wednesday,7,15,Midday,0,0
2026-07-22 16:25:00,30,CLEAR,"DARKNESS, LIGHTED ROAD",TURNING,DIVIDED - W/MEDIAN,STRAIGHT AND LEVEL,WET,DEBRIS ON ROAD,Y,DISREGARDING TRAFFIC SIGNALS,BEAT_109,2,7,1,3,42.013321,-87.525968,30,2,Wednesday,7,16,Evening_Rush,0,1
2026-07-22 18:26:00,35,CLEAR,DAYLIGHT,REAR END,ONE-WAY,STRAIGHT AND LEVEL,WET,NO DEFECTS,Y,DRIVING SKILLS/KNOWLEDGE/EXPERIENCE,BEAT_108,2,7,0,3,41.999536,-87.536823,30,2,Wednesday,7,18,Evening_Rush,0,0
2026-07-22 21:58:00,35,SNOW,DAWN,TURNING,DIVIDED - W/MEDIAN,STRAIGHT AND LEVEL,WET,NO DEFECTS,Y,FAILING TO YIELD RIGHT-OF-WAY,BEAT_107,2,7,0,3,41.980891,-87.545737,30,2,Wednesday,7,21,Night,0,0
2026-07-29 00:15:00,35,CLEAR,DARKNESS,FIXED OBJECT,DIVIDED - W/MEDIAN,"CURVE, LEVEL",DRY,WORN SURFACE,N,FOLLOWING TOO CLOSELY,BEAT_113,2,7,0,3,42.069052,-87.472043,31,2,Wednesday,7,0,Night,0,0
2026-07-29 10:29:00,30,CLEAR,DAYLIGHT,REAR END,FOUR WAY INTERSECTION,STRAIGHT AND LEVEL,DRY,NO DEFECTS,Y,FAILING TO YIELD RIGHT-OF-WAY,BEAT_111,1,7,0,3,42.048731,-87.496741,31,2,Wednesday,7,10,Midday,0,0
2026-07-29 11:42:00,30,CLEAR,"DARKNESS, LIGHTED ROAD",REAR END,ONE-WAY,STRAIGHT AND LEVEL,DRY,NO DEFECTS,Y,DRIVING SKILLS/KNOWLEDGE/EXPERIENCE,BEAT_110,2,7,1,3,42.029369,-87.509666,31,2,Wednesday,7,11,Midday,0,1
2026-07-29 15:07:00,30,CLEAR,"DARKNESS, LIGHTED ROAD",REAR END,NOT DIVIDED,STRAIGHT ON GRADE,DRY,NO DEFECTS,N,DRIVING SKILLS/KNOWLEDGE/EXPERIENCE,BEAT_104,2,7,0,3,41.938433,-87.587007,31,2,Wednesday,7,15,Midday,0,0
2026-07-29 15:13:00,55,CLEAR,"DARKNESS, LIGHTED ROAD",TURNING,DIVIDED - W/MEDIAN,STRAIGHT AND LEVEL,DRY,NO DEFECTS,N,FAILING TO YIELD RIGHT-OF-WAY,BEAT_114,2,7,1,3,42.089554,-87.459491,31,2,Wednesday,7,15,Midday,0,1
2026-07-29 16:07:00,35,CLEAR,DAYLIGHT,PEDESTRIAN,NOT DIVIDED,STRAIGHT AND LEVEL,SNOW OR SLUSH,NO DEFECTS,Y,IMPROPER OVERTAKING/PASSING,BEAT_120,2,7,0,3,42.173327,-87.395104,31,2,Wednesday,7,16,Evening_Rush,0,0
2026-07-29 16:50:00,25,SNOW,DAYLIGHT,SIDESWIPE SAME DIRECTION,NOT DIVIDED,STRAIGHT AND LEVEL,WET,NO DEFECTS,N,DRIVING SKILLS/KNOWLEDGE/EXPERIENCE,BEAT_109,3,7,0,3,42.013698,-87.520509,31,2,Wednesday,7,16,Evening_Rush,0,0
2026-07-29 17:28:00,50,CLEAR,DARKNESS,TURNING,FOUR WAY INTERSECTION,"CURVE, LEVEL",SNOW OR SLUSH,NO DEFECTS,Y,DISREGARDING TRAFFIC SIGNALS,BEAT_107,1,7,0,3,41.981516,-87.545535,31,2,Wednesday,7,17,Evening_Rush,0,0
2026-07-29 18:17:00,50,CLEAR,"DARKNESS, LIGHTED ROAD",PARKED MOTOR VEHICLE,ALLEY,CURVE ON GRADE,WET,NO DEFECTS,Y,FOLLOWING TOO CLOSELY,BEAT_113,1,7,0,3,42.07606,-87.472553,31,2,Wednesday,7,18,Evening_Rush,0,0
2026-07-29 20:22:00,45,CLEAR,DAYLIGHT,REAR END,NOT DIVIDED,STRAIGHT AND LEVEL,DRY,NO DEFECTS,N,FAILING TO YIELD RIGHT-OF-WAY,BEAT_104,2,7,1,3,41.938953,-87.576808,31,2,Wednesday,7,20,Night,0,1
2026-07-29 21:49:00,30,CLEAR,DAYLIGHT,REAR END,DIVIDED - W/MEDIAN,CURVE ON GRADE,DRY,NO DEFECTS,Y,DRIVING SKILLS/KNOWLEDGE/EXPERIENCE,BEAT_103,3,7,0,3,41.926206,-87.589898,31,2,Wednesday,7,21,Night,0,0
2026-08-05 00:48:00,25,CLEAR,DAYLIGHT,PARKED MOTOR VEHICLE,T-INTERSECTION,STRAIGHT AND LEVEL,DRY,NO DEFECTS,N,FOLLOWING TOO CLOSELY,BEAT_119,3,8,0,3,42.166151,-87.403537,32,2,Wednesday,8,0,Night,0,0
2026-08-05 01:07:00,25,CLEAR,DARKNESS,PEDESTRIAN,DIVIDED - W/MEDIAN,STRAIGHT AND LEVEL,"SAND, MUD, DIRT",NO DEFECTS,Y,PHYSICAL CONDITION OF DRIVER,BEAT_119,2,8,0,3,42.166754,-87.398696,32,2,Wednesday,8,1,Night,0,0
2026-08-05 05:05:00,35,SNOW,DAYLIGHT,REAR END,DIVIDED - W/MEDIAN,STRAIGHT AND LEVEL,WET,NO DEFECTS,N,IMPROPER OVERTAKING/PASSING,BEAT_120,2,8,0,3,42.179281,-87.392181,32,2,Wednesday,8,5,Night,0,0
2026-08-05 06:10:00,30,CLEAR,"DARKNESS, LIGHTED ROAD",PARKED MOTOR VEHICLE,DIVIDED - W/MEDIAN,CURVE ON GRADE,WET,NO DEFECTS,N,WEATHER,BEAT_106,3,8,0,3,41.96664,-87.554497,32,2,Wednesday,8,6,Morning_Rush,0,0
2026-08-05 14:46:00,35,CLEAR,DAYLIGHT,SIDESWIPE SAME DIRECTION,NOT DIVIDED,STRAIGHT AND LEVEL,DRY,NO DEFECTS,N,DRIVING SKILLS/KNOWLEDGE/EXPERIENCE,BEAT_110,1,8,0,3,42.02839,-87.513849,32,2,Wednesday,8,14,Midday,0,0
2026-08-05 17:13:00,20,RAIN,DARKNESS,SIDESWIPE SAME DIRECTION,NOT DIVIDED,STRAIGHT AND LEVEL,WET,NO DEFECTS,Y,PHYSICAL CONDITION OF DRIVER,BEAT_111,2,8,0,3,42.04355,-87.49577,32,2,Wednesday,8,17,Evening_Rush,0,0
2026-08-05 23:30:00,25,RAIN,DAYLIGHT,SIDESWIPE SAME DIRECTION,T-INTERSECTION,STRAIGHT AND LEVEL,WET,NO DEFECTS,N,FOLLOWING TOO CLOSELY,BEAT_117,2,8,0,3,42.12672,-87.419861,32,2,Wednesday,8,23,Night,0,0
2026-08-05 23:31:00,30,CLEAR,DAYLIGHT,TURNING,NOT DIVIDED,STRAIGHT AND LEVEL,DRY,DEBRIS ON ROAD,N,FOLLOWING TOO CLOSELY,BEAT_105,2,8,0,3,41.957624,-87.569943,32,2,Wednesday,8,23,Night,0,0
2026-08-12 00:33:00,25,CLEAR,DAYLIGHT,SIDESWIPE SAME DIRECTION,NOT DIVIDED,STRAIGHT AND LEVEL,WET,NO DEFECTS,N,FAILING TO YIELD RIGHT-OF-WAY,BEAT_113,2,8,0,3,42.068167,-87.46772,33,2,Wednesday,8,0,Night,0,0
2026-08-12 05:54:00,30,CLEAR,DAYLIGHT,REAR END,ONE-WAY,"CURVE, LEVEL",DRY,DEBRIS ON ROAD,Y,FOLLOWING TOO CLOSELY,BEAT_119,2,8,0,3,42.166067,-87.398078,33,2,Wednesday,8,5,Night,0,0
2026-08-12 06:38:00,25,RAIN,DAYLIGHT,PARKED MOTOR VEHICLE,DIVIDED - W/MEDIAN,STRAIGHT AND LEVEL,WET,"RUT, HOLES",Y,FOLLOWING TOO CLOSELY,BEAT_118,2,8,0,3,42.152758,-87.413164,33,2,Wednesday,8,6,Morning_Rush,0,0
2026-08-12 09:10:00,25,CLEAR,"DARKNESS, LIGHTED ROAD",TURNING,DIVIDED - W/MEDIAN,STRAIGHT AND LEVEL,DRY,NO DEFECTS,Y,DISREGARDING TRAFFIC SIGNALS,BEAT_104,3,8,0,3,41.933866,-87.579334,33,2,Wednesday,8,9,Morning_Rush,0,0
2026-08-12 09:27:00,30,RAIN,DAYLIGHT,ANGLE,FOUR WAY INTERSECTION,STRAIGHT AND LEVEL,WET,NO DEFECTS,N,FOLLOWING TOO CLOSELY,BEAT_109,2,8,0,3,42.019101,-87.515394,33,2,Wednesday,8,9,Morning_Rush,0,0
2026-08-12 11:12:00,45,RAIN,DARKNESS,REAR END,ONE-WAY,STRAIGHT AND LEVEL,WET,NO DEFECTS,Y,FAILING TO YIELD RIGHT-OF-WAY,BEAT_108,2,8,0,3,42.001046,-87.536106,33,2,Wednesday,8,11,Midday,0,0
2026-08-12 13:19:00,30,CLEAR,DAYLIGHT,FIXED OBJECT,NOT DIVIDED,STRAIGHT AND LEVEL,"SAND, MUD, DIRT",NO DEFECTS,Y,FAILING TO YIELD RIGHT-OF-WAY,BEAT_113,2,8,1,3,42.071911,-87.470373,33,2,Wednesday,8,13,Midday,0,1
2026-08-12 14:32:00,30,CLEAR,DAYLIGHT,TURNING,DIVIDED - W/MEDIAN,STRAIGHT AND LEVEL,DRY,NO DEFECTS,N,FAILING TO YIELD RIGHT-OF-WAY,BEAT_117,2,8,0,3,42.138139,-87.426701,33,2,Wednesday,8,14,Midday,0,0
2026-08-12 15:27:00,30,CLEAR,DARKNESS,REAR END,NOT DIVIDED,STRAIGHT AND LEVEL,WET,"RUT, HOLES",N,FOLLOWING TOO CLOSELY,BEAT_102,2,8,0,3,41.913983,-87.60437,33,2,Wednesday,8,15,Midday,0,0
2026-08-12 16:22:00,55,CLEAR,"DARKNESS, LIGHTED ROAD",REAR END,ONE-WAY,STRAIGHT AND LEVEL,WET,NO DEFECTS,N,FOLLOWING TOO CLOSELY,BEAT_116,3,8,0,3,42.119027,-87.440187,33,2,Wednesday,8,16,Evening_Rush,0,0
2026-08-12 18:24:00,20,CLEAR,"DARKNESS, LIGHTED ROAD",REAR END,ONE-WAY,STRAIGHT AND LEVEL,WET,NO DEFECTS,N,FOLLOWING TOO CLOSELY,BEAT_105,3,8,0,3,41.952957,-87.571027,33,2,Wednesday,8,18,Evening_Rush,0,0
2026-08-12 19:03:00,30,CLEAR,DAYLIGHT,FIXED OBJECT,ONE-WAY,STRAIGHT AND LEVEL,DRY,NO DEFECTS,Y,FAILING TO YIELD RIGHT-OF-WAY,BEAT_101,2,8,0,3,41.893523,-87.619558,33,2,Wednesday,8,19,Evening_Rush,0,0
2026-08-12 19:34:00,30,CLEAR,"DARKNESS, LIGHTED ROAD",REAR END,FOUR WAY INTERSECTION,STRAIGHT AND LEVEL,DRY,WORN SURFACE,N,FOLLOWING TOO CLOSELY,BEAT_102,2,8,0,3,41.908976,-87.609188,33,2,Wednesday,8,19,Evening_Rush,0,0
2026-08-12 23:41:00,25,RAIN,DAYLIGHT,SIDESWIPE SAME DIRECTION,DIVIDED - W/MEDIAN,STRAIGHT AND LEVEL,ICE,NO DEFECTS,N,PHYSICAL CONDITION OF DRIVER,BEAT_109,2,8,0,3,42.015493,-87.522456,33,2,Wednesday,8,23,Night,0,0
2026-08-12 23:50:00,30,CLEAR,DAYLIGHT,REAR END,T-INTERSECTION,STRAIGHT AND LEVEL,WET,NO DEFECTS,Y,FOLLOWING TOO CLOSELY,BEAT_115,2,8,0,3,42.103914,-87.451155,33,2,Wednesday,8,23,Night,0,0
2026-08-19 02:22:00,30,CLEAR,DARKNESS,ANGLE,DIVIDED - W/MEDIAN,STRAIGHT AND LEVEL,DRY,NO DEFECTS,Y,FAILING TO YIELD RIGHT-OF-WAY,BEAT_108,2,8,0,3,41.991625,-87.531146,34,2,Wednesday,8,2,Night,0,0
2026-08-19 03:28:00,30,RAIN,DAYLIGHT,TURNING,DIVIDED - W/MEDIAN,STRAIGHT AND LEVEL,WET,NO DEFECTS,Y,FOLLOWING TOO CLOSELY,BEAT_106,2,8,0,3,41.970584,-87.55477,34,2,Wednesday,8,3,Night,0,0
2026-08-19 03:57:00,25,RAIN,"DARKNESS, LIGHTED ROAD",PARKED MOTOR VEHICLE,NOT DIVIDED,STRAIGHT AND LEVEL,SNOW OR SLUSH,NO DEFECTS,Y,FOLLOWING TOO CLOSELY,BEAT_109,2,8,0,3,42.014732,-87.519335,34,2,Wednesday,8,3,Night,0,0
2026-08-19 04:14:00,25,CLEAR,DAYLIGHT,TURNING,NOT DIVIDED,"CURVE, LEVEL",DRY,NO DEFECTS,N,FAILING TO YIELD RIGHT-OF-WAY,BEAT_102,2,8,0,3,41.907116,-87.5979,34,2,Wednesday,8,4,Night,0,0
2026-08-19 06:33:00,25,SEVERE RAIN,DAYLIGHT,REAR END,T-INTERSECTION,STRAIGHT AND LEVEL,SNOW OR SLUSH,NO DEFECTS,N,IMPROPER OVERTAKING/PASSING,BEAT_104,2,8,0,3,41.938461,-87.5855,34,2,Wednesday,8,6,Morning_Rush,0,0
2026-08-19 11:01:00,20,CLEAR,DUSK,REAR END,DIVIDED - W/MEDIAN,STRAIGHT AND LEVEL,DRY,NO DEFECTS,N,PHYSICAL CONDITION OF DRIVER,BEAT_114,2,8,1,3,42.089329,-87.460729,34,2,Wednesday,8,11,Midday,0,1
2026-08-19 11:57:00,45,CLEAR,DAYLIGHT,SIDESWIPE SAME DIRECTION,NOT DIVIDED,STRAIGHT AND LEVEL,DRY,NO DEFECTS,Y,IMPROPER OVERTAKING/PASSING,BEAT_102,2,8,1,3,41.910002,-87.608784,34,2,Wednesday,8,11,Midday,0,1
2026-08-19 18:45:00,35,CLEAR,DAYLIGHT,ANGLE,DIVIDED - W/MEDIAN,STRAIGHT AND LEVEL,SNOW OR SLUSH,NO DEFECTS,N,PHYSICAL CONDITION OF DRIVER,BEAT_111,2,8,1,3,42.043859,-87.492073,34,2,Wednesday,8,18,Evening_Rush,0,1
2026-08-26 00:08:00,40,SNOW,"DARKNESS, LIGHTED ROAD",PARKED MOTOR VEHICLE,DIVIDED - W/MEDIAN,STRAIGHT AND LEVEL,WET,SHOULDER DEFECT,N,FOLLOWING TOO CLOSELY,BEAT_101,1,8,0,3,41.889136,-87.61484,35,2,Wednesday,8,0,Night,0,0
2026-08-26 00:38:00,30,CLEAR,DAYLIGHT,TURNING,NOT DIVIDED,STRAIGHT AND LEVEL,DRY,NO DEFECTS,Y,FAILING TO YIELD RIGHT-OF-WAY,BEAT_102,2,8,0,3,41.916776,-87.604041,35,2,Wednesday,8,0,Night,0,0
2026-08-26 00:48:00,35,CLEAR,DAYLIGHT,REAR END,NOT DIVIDED,STRAIGHT AND LEVEL,DRY,NO DEFECTS,N,DRIVING SKILLS/KNOWLEDGE/EXPERIENCE,BEAT_111,2,8,0,3,42.041871,-87.49545,35,2,Wednesday,8,0,Night,0,0
2026-08-26 02:28:00,30,CLEAR,"DARKNESS, LIGHTED ROAD",REAR END,DIVIDED - W/MEDIAN,STRAIGHT AND LEVEL,WET,NO DEFECTS,Y,DISREGARDING TRAFFIC SIGNALS,BEAT_115,2,8,0,3,42.106722,-87.447954,35,2,Wednesday,8,2,Night,0,0
2026-08-26 08:02:00,25,CLEAR,"DARKNESS, LIGHTED ROAD",PEDESTRIAN,DIVIDED - W/MEDIAN,STRAIGHT AND LEVEL,DRY,NO DEFECTS,Y,FOLLOWING TOO CLOSELY,BEAT_101,2,8,1,3,41.89245,-87.620343,35,2,Wednesday,8,8,Morning_Rush,0,1
2026-08-26 10:46:00,25,CLEAR,DAYLIGHT,TURNING,ONE-WAY,STRAIGHT AND LEVEL,DRY,"RUT, HOLES",Y,FAILING TO YIELD RIGHT-OF-WAY,BEAT_113,2,8,0,3,42.072025,-87.471094,35,2,Wednesday,8,10,Midday,0,0
2026-08-26 10:49:00,50,CLEAR,DAYLIGHT,SIDESWIPE SAME DIRECTION,ONE-WAY,STRAIGHT AND LEVEL,DRY,NO DEFECTS,Y,FAILING TO YIELD RIGHT-OF-WAY,BEAT_118,2,8,0,3,42.14533,-87.416902,35,2,Wednesday,8,10,Midday,0,0
2026-08-26 22:38:00,30,CLEAR,DAYLIGHT,REAR END,T-INTERSECTION,STRAIGHT AND LEVEL,DRY,NO DEFECTS,Y,IMPROPER OVERTAKING/PASSING,BEAT_118,2,8,0,3,42.151902,-87.414959,35,2,Wednesday,8,22,Night,0,0
2026-09-02 01:19:00,35,RAIN,"DARKNESS, LIGHTED ROAD",PARKED MOTOR VEHICLE,ALLEY,STRAIGHT AND LEVEL,SNOW OR SLUSH,NO DEFECTS,N,IMPROPER OVERTAKING/PASSING,BEAT_111,2,9,0,3,42.038148,-87.500641,36,2,Wednesday,9,1,Night,0,0
2026-09-02 05:23:00,35,FOG/SMOKE/HAZE,"DARKNESS, LIGHTED ROAD",ANGLE,ONE-WAY,"CURVE, LEVEL",WET,NO DEFECTS,N,FOLLOWING TOO CLOSELY,BEAT_108,2,9,0,3,42.001668,-87.5298,36,2,Wednesday,9,5,Night,0,0
2026-09-02 10:46:00,30,CLEAR,DAYLIGHT,PARKED MOTOR VEHICLE,ONE-WAY,STRAIGHT AND LEVEL,DRY,NO DEFECTS,N,WEATHER,BEAT_107,2,9,0,3,41.986538,-87.548481,36,2,Wednesday,9,10,Midday,0,0
2026-09-02 12:39:00,30,CLEAR,DARKNESS,REAR END,NOT DIVIDED,STRAIGHT AND LEVEL,DRY,NO DEFECTS,Y,DRIVING SKILLS/KNOWLEDGE/EXPERIENCE,BEAT_106,2,9,0,3,41.965982,-87.556391,36,2,Wednesday,9,12,Midday,0,0
2026-09-02 14:01:00,25,CLEAR,"DARKNESS, LIGHTED ROAD",PARKED MOTOR VEHICLE,FOUR WAY INTERSECTION,STRAIGHT AND LEVEL,DRY,NO DEFECTS,Y,DRIVING SKILLS/KNOWLEDGE/EXPERIENCE,BEAT_115,2,9,0,3,42.104815,-87.44766,36,2,Wednesday,9,14,Midday,0,0
2026-09-02 16:36:00,30,RAIN,DAYLIGHT,TURNING,T-INTERSECTION,STRAIGHT AND LEVEL,WET,NO DEFECTS,N,FAILING TO YIELD RIGHT-OF-WAY,BEAT_112,2,9,0,3,42.056614,-87.483579,36,2,Wednesday,9,16,Evening_Rush,0,0
2026-09-02 19:26:00,25,SEVERE RAIN,DAYLIGHT,ANGLE,DIVIDED - W/MEDIAN,STRAIGHT ON GRADE,WET,NO DEFECTS,N,PHYSICAL CONDITION OF DRIVER,BEAT_109,2,9,0,3,42.014663,-87.52484,36,2,Wednesday,9,19,Evening_Rush,0,0
2026-09-02 21:34:00,45,CLEAR,DAYLIGHT,FIXED OBJECT,DIVIDED - W/MEDIAN,STRAIGHT AND LEVEL,DRY,NO DEFECTS,N,FOLLOWING TOO CLOSELY,BEAT_105,2,9,1,3,41.954591,-87.566591,36,2,Wednesday,9,21,Night,0,1
2026-09-09 03:52:00,30,RAIN,"DARKNESS, LIGHTED ROAD",REAR END,FOUR WAY INTERSECTION,"CURVE, LEVEL",WET,NO DEFECTS,N,FAILING TO YIELD RIGHT-OF-WAY,BEAT_109,2,9,1,3,42.015968,-87.524863,37,2,Wednesday,9,3,Night,0,1
2026-09-09 05:38:00,35,CLEAR,"DARKNESS, LIGHTED ROAD",REAR END,NOT DIVIDED,STRAIGHT AND LEVEL,ICE,NO DEFECTS,N,DRIVING SKILLS/KNOWLEDGE/EXPERIENCE,BEAT_106,2,9,0,3,41.968838,-87.556986,37,2,Wednesday,9,5,Night,0,0
2026-09-09 06:10:00,35,RAIN,DAYLIGHT,ANGLE,NOT DIVIDED,STRAIGHT AND LEVEL,ICE,WORN SURFACE,N,WEATHER,BEAT_111,2,9,0,3,42.046934,-87.498918,37,2,Wednesday,9,6,Morning_Rush,0,0
2026-09-09 06:19:00,20,CLEAR,"DARKNESS, LIGHTED ROAD",TURNING,DIVIDED - W/MEDIAN,STRAIGHT AND LEVEL,DRY,NO DEFECTS,N,FAILING TO YIELD RIGHT-OF-WAY,BEAT_113,2,9,0,3,42.075469,-87.473652,37,2,Wednesday,9,6,Morning_Rush,0,0
2026-09-09 08:25:00,25,RAIN,DARKNESS,SIDESWIPE SAME DIRECTION,FOUR WAY INTERSECTION,STRAIGHT AND LEVEL,SNOW OR SLUSH,"RUT, HOLES",Y,DRIVING SKILLS/KNOWLEDGE/EXPERIENCE,BEAT_104,2,9,0,3,41.939283,-87.586124,37,2,Wednesday,9,8,Morning_Rush,0,0
2026-09-09 11:54:00,35,CLEAR,DAYLIGHT,PARKED MOTOR VEHICLE,FOUR WAY INTERSECTION,STRAIGHT AND LEVEL,WET,NO DEFECTS,Y,PHYSICAL CONDITION OF DRIVER,BEAT_102,2,9,0,3,41.907665,-87.601991,37,2,Wednesday,9,11,Midday,0,0
2026-09-09 12:29:00,25,CLEAR,DARKNESS,REAR END,T-INTERSECTION,STRAIGHT AND LEVEL,DRY,WORN SURFACE,Y,FAILING TO YIELD RIGHT-OF-WAY,BEAT_111,2,9,0,3,42.042331,-87.499741,37,2,Wednesday,9,12,Midday,0,0
2026-09-09 14:06:00,45,CLEAR,DAYLIGHT,TURNING,T-INTERSECTION,STRAIGHT ON GRADE,SNOW OR SLUSH,NO DEFECTS,Y,DRIVING SKILLS/KNOWLEDGE/EXPERIENCE,BEAT_111,2,9,1,3,42.044781,-87.496225,37,2,Wednesday,9,14,Midday,0,1
2026-09-09 14:08:00,25,CLEAR,DAWN,REAR END,DIVIDED - W/MEDIAN,"CURVE, LEVEL",DRY,WORN SURFACE,N,FOLLOWING TOO CLOSELY,BEAT_106,4,9,0,3,41.967621,-87.559649,37,2,Wednesday,9,14,Midday,0,0
2026-09-09 15:12:00,30,SNOW,"DARKNESS, LIGHTED ROAD",ANGLE,DIVIDED - W/MEDIAN,STRAIGHT AND LEVEL,SNOW OR SLUSH,NO DEFECTS,Y,DRIVING SKILLS/KNOWLEDGE/EXPERIENCE,BEAT_114,2,9,0,3,42.090528,-87.463487,37,2,Wednesday,9,15,Midday,0,0
2026-09-09 19:35:00,25,CLEAR,DAYLIGHT,REAR END,ALLEY,STRAIGHT AND LEVEL,SNOW OR SLUSH,NO DEFECTS,N,WEATHER,BEAT_106,2,9,1,3,41.963131,-87.560265,37,2,Wednesday,9,19,Evening_Rush,0,1
2026-09-09 23:15:00,25,CLEAR,"DARKNESS, LIGHTED ROAD",PARKED MOTOR VEHICLE,DIVIDED - W/MEDIAN,STRAIGHT AND LEVEL,DRY,NO DEFECTS,N,WEATHER,BEAT_114,2,9,0,3,42.091636,-87.462554,37,2,Wednesday,9,23,Night,0,0
2026-09-16 00:43:00,30,CLEAR,"DARKNESS, LIGHTED ROAD",TURNING,NOT DIVIDED,STRAIGHT AND LEVEL,WET,NO DEFECTS,N,FOLLOWING TOO CLOSELY,BEAT_115,2,9,1,3,42.10345,-87.44936,38,2,Wednesday,9,0,Night,0,1
2026-09-16 03:04:00,30,CLEAR,DAYLIGHT,REAR END,FOUR WAY INTERSECTION,STRAIGHT AND LEVEL,WET,NO DEFECTS,N,IMPROPER OVERTAKING/PASSING,BEAT_120,2,9,0,3,42.184409,-87.387361,38,2,Wednesday,9,3,Night,0,0
2026-09-16 03:56:00,35,CLEAR,DAYLIGHT,SIDESWIPE SAME DIRECTION,ONE-WAY,"CURVE, LEVEL",WET,NO DEFECTS,N,FAILING TO YIELD RIGHT-OF-WAY,BEAT_105,1,9,0,3,41.952509,-87.571194,38,2,Wednesday,9,3,Night,0,0
2026-09-16 04:35:00,25,SNOW,"DARKNESS, LIGHTED ROAD",REAR END,FOUR WAY INTERSECTION,STRAIGHT AND LEVEL,WET,NO DEFECTS,N,DRIVING SKILLS/KNOWLEDGE/EXPERIENCE,BEAT_106,1,9,0,3,41.971388,-87.561693,38,2,Wednesday,9,4,Night,0,0
2026-09-16 05:39:00,30,CLEAR,DAYLIGHT,PARKED MOTOR VEHICLE,NOT DIVIDED,STRAIGHT AND LEVEL,SNOW OR SLUSH,NO DEFECTS,Y,DRIVING SKILLS/KNOWLEDGE/EXPERIENCE,BEAT_113,2,9,1,3,42.072839,-87.474719,38,2,Wednesday,9,5,Night,0,1
2026-09-16 08:05:00,25,CLEAR,DUSK,TURNING,DIVIDED - W/MEDIAN,STRAIGHT ON GRADE,WET,NO DEFECTS,N,FAILING TO YIELD RIGHT-OF-WAY,BEAT_116,2,9,0,3,42.118292,-87.443169,38,2,Wednesday,9,8,Morning_Rush,0,0
2026-09-16 10:28:00,25,CLEAR,"DARKNESS, LIGHTED ROAD",PARKED MOTOR VEHICLE,FOUR WAY INTERSECTION,STRAIGHT AND LEVEL,WET,WORN SURFACE,Y,FAILING TO YIELD RIGHT-OF-WAY,BEAT_116,3,9,0,3,42.11663,-87.436516,38,2,Wednesday,9,10,Midday,0,0
2026-09-16 17:42:00,35,CLEAR,DAYLIGHT,PARKED MOTOR VEHICLE,ONE-WAY,STRAIGHT AND LEVEL,DRY,NO DEFECTS,N,FAILING TO YIELD RIGHT-OF-WAY,BEAT_108,2,9,0,3,42.005731,-87.533252,38,2,Wednesday,9,17,Evening_Rush,0,0
2026-09-16 19:09:00,25,RAIN,DAYLIGHT,TURNING,T-INTERSECTION,"CURVE, LEVEL",ICE,NO DEFECTS,Y,DRIVING SKILLS/KNOWLEDGE/EXPERIENCE,BEAT_101,2,9,1,3,41.895318,-87.619622,38,2,Wednesday,9,19,Evening_Rush,0,1
2026-09-16 20:07:00,30,CLEAR,DAYLIGHT,SIDESWIPE SAME DIRECTION,NOT DIVIDED,STRAIGHT AND LEVEL,ICE,NO DEFECTS,Y,WEATHER,BEAT_115,2,9,0,3,42.095086,-87.449835,38,2,Wednesday,9,20,Night,0,0
2026-09-16 20:33:00,20,CLEAR,DAYLIGHT,REAR END,NOT DIVIDED,STRAIGHT AND LEVEL,SNOW OR SLUSH,NO DEFECTS,Y,WEATHER,BEAT_117,3,9,0,3,42.130295,-87.428203,38,2,Wednesday,9,20,Night,0,0
2026-09-16 21:43:00,30,CLEAR,DARKNESS,SIDESWIPE SAME DIRECTION,DIVIDED - W/MEDIAN,STRAIGHT AND LEVEL,WET,WORN SURFACE,Y,PHYSICAL CONDITION OF DRIVER,BEAT_110,2,9,0,3,42.024179,-87.51728,38,2,Wednesday,9,21,Night,0,0
2026-09-23 00:44:00,25,RAIN,"DARKNESS, LIGHTED ROAD",SIDESWIPE SAME DIRECTION,NOT DIVIDED,STRAIGHT AND LEVEL,SNOW OR SLUSH,NO DEFECTS,N,WEATHER,BEAT_109,2,9,0,3,42.011595,-87.517382,39,2,Wednesday,9,0,Night,0,0
2026-09-23 00:58:00,45,CLEAR,"DARKNESS, LIGHTED ROAD",TURNING,DIVIDED - W/MEDIAN,"CURVE, LEVEL",ICE,NO DEFECTS,N,FAILING TO YIELD RIGHT-OF-WAY,BEAT_102,2,9,0,3,41.906792,-87.607712,39,2,Wednesday,9,0,Night,0,0
2026-09-23 01:10:00,55,SEVERE RAIN,DAYLIGHT,REAR END,DIVIDED - W/MEDIAN,STRAIGHT AND LEVEL,WET,NO DEFECTS,N,FOLLOWING TOO CLOSELY,BEAT_118,2,9,0,3,42.148546,-87.414811,39,2,Wednesday,9,1,Night,0,0
2026-09-23 04:21:00,25,SNOW,DAYLIGHT,SIDESWIPE SAME DIRECTION,DIVIDED - W/MEDIAN,STRAIGHT AND LEVEL,WET,NO DEFECTS,Y,FOLLOWING TOO CLOSELY,BEAT_110,2,9,0,3,42.028359,-87.505348,39,2,Wednesday,9,4,Night,0,0
2026-09-23 06:06:00,25,CLEAR,DAWN,REAR END,NOT DIVIDED,STRAIGHT AND LEVEL,WET,NO DEFECTS,N,DRIVING SKILLS/KNOWLEDGE/EXPERIENCE,BEAT_101,2,9,0,3,41.897956,-87.618022,39,2,Wednesday,9,6,Morning_Rush,0,0
2026-09-23 06:51:00,30,CLEAR,DAYLIGHT,REAR END,ONE-WAY,"CURVE, LEVEL",DRY,NO DEFECTS,Y,FAILING TO YIELD RIGHT-OF-WAY,BEAT_117,1,9,0,3,42.130791,-87.422911,39,2,Wednesday,9,6,Morning_Rush,0,0
2026-09-23 06:54:00,30,CLEAR,"DARKNESS, LIGHTED ROAD",ANGLE,ONE-WAY,"CURVE, LEVEL",SNOW OR SLUSH,NO DEFECTS,N,FAILING TO YIELD RIGHT-OF-WAY,BEAT_118,2,9,0,3,42.148379,-87.411047,39,2,Wednesday,9,6,Morning_Rush,0,0
2026-09-23 07:45:00,30,SEVERE RAIN,DAYLIGHT,TURNING,ONE-WAY,STRAIGHT AND LEVEL,WET,NO DEFECTS,Y,PHYSICAL CONDITION OF DRIVER,BEAT_103,2,9,1,3,41.922618,-87.590692,39,2,Wednesday,9,7,Morning_Rush,0,1
2026-09-23 08:58:00,25,CLEAR,DAYLIGHT,SIDESWIPE SAME DIRECTION,ONE-WAY,STRAIGHT AND LEVEL,DRY,NO DEFECTS,Y,FAILING TO YIELD RIGHT-OF-WAY,BEAT_120,2,9,0,3,42.178733,-87.391467,39,2,Wednesday,9,8,Morning_Rush,0,0
2026-09-23 14:11:00,20,RAIN,"DARKNESS, LIGHTED ROAD",TURNING,ALLEY,STRAIGHT AND LEVEL,WET,NO DEFECTS,N,FOLLOWING TOO CLOSELY,BEAT_120,2,9,1,3,42.179809,-87.38899,39,2,Wednesday,9,14,Midday,0,1
2026-09-23 16:00:00,30,CLEAR,DAYLIGHT,TURNING,NOT DIVIDED,STRAIGHT AND LEVEL,DRY,NO DEFECTS,N,FOLLOWING TOO CLOSELY,BEAT_107,2,9,0,3,41.983741,-87.542125,39,2,Wednesday,9,16,Evening_Rush,0,0
2026-09-23 19:19:00,25,RAIN,DAYLIGHT,REAR END,ONE-WAY,STRAIGHT AND LEVEL,SNOW OR SLUSH,NO DEFECTS,N,FOLLOWING TOO CLOSELY,BEAT_113,2,9,0,3,42.074392,-87.475081,39,2,Wednesday,9,19,Evening_Rush,0,0
2026-09-23 22:04:00,30,CLEAR,DAYLIGHT,REAR END,NOT DIVIDED,STRAIGHT ON GRADE,DRY,NO DEFECTS,N,FOLLOWING TOO CLOSELY,BEAT_104,2,9,0,3,41.943973,-87.57956,39,2,Wednesday,9,22,Night,0,0
2026-09-23 23:21:00,40,CLEAR,DAYLIGHT,REAR END,NOT DIVIDED,STRAIGHT AND LEVEL,SNOW OR SLUSH,NO DEFECTS,Y,FOLLOWING TOO CLOSELY,BEAT_103,2,9,0,3,41.924102,-87.596037,39,2,Wednesday,9,23,Night,0,0
2026-09-30 00:02:00,50,CLEAR,DAYLIGHT,REAR END,ONE-WAY,STRAIGHT AND LEVEL,DRY,NO DEFECTS,Y,DRIVING SKILLS/KNOWLEDGE/EXPERIENCE,BEAT_114,2,9,0,3,42.089827,-87.467037,40,2,Wednesday,9,0,Night,0,0
2026-09-30 00:37:00,30,RAIN,DAYLIGHT,PARKED MOTOR VEHICLE,ONE-WAY,STRAIGHT AND LEVEL,WET,NO DEFECTS,N,FAILING TO YIELD RIGHT-OF-WAY,BEAT_115,2,9,0,3,42.104043,-87.452503,40,2,Wednesday,9,0,Night,0,0
2026-09-30 01:39:00,25,CLEAR,DAYLIGHT,REAR END,FOUR WAY INTERSECTION,STRAIGHT AND LEVEL,DRY,NO DEFECTS,N,DRIVING SKILLS/KNOWLEDGE/EXPERIENCE,BEAT_113,2,9,0,3,42.073093,-87.475356,40,2,Wednesday,9,1,Night,0,0
2026-09-30 03:37:00,25,CLEAR,DAYLIGHT,SIDESWIPE SAME DIRECTION,ONE-WAY,STRAIGHT AND LEVEL,WET,NO DEFECTS,N,DRIVING SKILLS/KNOWLEDGE/EXPERIENCE,BEAT_118,2,9,0,3,42.149454,-87.416724,40,2,Wednesday,9,3,Night,0,0
2026-09-30 04:43:00,25,CLEAR,"DARKNESS, LIGHTED ROAD",TURNING,DIVIDED - W/MEDIAN,STRAIGHT AND LEVEL,DRY,NO DEFECTS,Y,PHYSICAL CONDITION OF DRIVER,BEAT_111,1,9,0,3,42.041669,-87.495801,40,2,Wednesday,9,4,Night,0,0
2026-09-30 07:42:00,25,CLEAR,DAYLIGHT,PEDESTRIAN,ONE-WAY,STRAIGHT AND LEVEL,DRY,NO DEFECTS,N,FAILING TO YIELD RIGHT-OF-WAY,BEAT_101,2,9,0,3,41.895241,-87.620261,40,2,Wednesday,9,7,Morning_Rush,0,0
2026-09-30 17:52:00,50,CLEAR,"DARKNESS, LIGHTED ROAD",SIDESWIPE SAME DIRECTION,NOT DIVIDED,STRAIGHT AND LEVEL,DRY,NO DEFECTS,N,FOLLOWING TOO CLOSELY,BEAT_114,2,9,0,3,42.091703,-87.461864,40,2,Wednesday,9,17,Evening_Rush,0,0
2026-09-30 19:48:00,20,CLEAR,DAYLIGHT,PEDESTRIAN,NOT DIVIDED,STRAIGHT AND LEVEL,WET,NO DEFECTS,Y,FAILING TO YIELD RIGHT-OF-WAY,BEAT_103,2,9,1,3,41.922101,-87.597236,40,2,Wednesday,9,19,Evening_Rush,0,1
2026-09-30 23:02:00,30,SNOW,"DARKNESS, LIGHTED ROAD",REAR END,NOT DIVIDED,STRAIGHT AND LEVEL,WET,NO DEFECTS,N,FAILING TO YIELD RIGHT-OF-WAY,BEAT_101,3,9,0,3,41.893104,-87.619928,40,2,Wednesday,9,23,Night,0,0
2026-10-07 01:35:00,30,CLEAR,DARKNESS,PARKED MOTOR VEHICLE,NOT DIVIDED,STRAIGHT AND LEVEL,DRY,NO DEFECTS,Y,IMPROPER OVERTAKING/PASSING,BEAT_104,2,10,0,3,41.937329,-87.580906,41,2,Wednesday,10,1,Night,0,0
2026-10-07 02:21:00,30,RAIN,DAYLIGHT,REAR END,FOUR WAY INTERSECTION,STRAIGHT AND LEVEL,WET,NO DEFECTS,N,FOLLOWING TOO CLOSELY,BEAT_108,2,10,1,3,41.99848,-87.53725,41,2,Wednesday,10,2,Night,0,1
2026-10-07 04:32:00,30,CLEAR,DAYLIGHT,SIDESWIPE SAME DIRECTION,NOT DIVIDED,STRAIGHT AND LEVEL,DRY,NO DEFECTS,N,WEATHER,BEAT_108,2,10,0,3,41.999662,-87.542877,41,2,Wednesday,10,4,Night,0,0
2026-10-07 05:11:00,30,CLEAR,DAYLIGHT,REAR END,NOT DIVIDED,CURVE ON GRADE,WET,NO DEFECTS,Y,DISREGARDING TRAFFIC SIGNALS,BEAT_104,2,10,2,3,41.938883,-87.581707,41,2,Wednesday,10,5,Night,0,1
2026-10-07 05:23:00,25,CLEAR,DAYLIGHT,ANGLE,DIVIDED - W/MEDIAN,STRAIGHT AND LEVEL,DRY,NO DEFECTS,Y,FAILING TO YIELD RIGHT-OF-WAY,BEAT_101,2,10,0,3,41.897967,-87.623169,41,2,Wednesday,10,5,Night,0,0
2026-10-07 06:08:00,25,CLEAR,"DARKNESS, LIGHTED ROAD",TURNING,DIVIDED - W/MEDIAN,STRAIGHT AND LEVEL,DRY,NO DEFECTS,N,DRIVING SKILLS/KNOWLEDGE/EXPERIENCE,BEAT_111,2,10,0,3,42.038276,-87.495619,41,2,Wednesday,10,6,Morning_Rush,0,0
2026-10-07 11:11:00,45,CLEAR,DAYLIGHT,SIDESWIPE SAME DIRECTION,NOT DIVIDED,STRAIGHT AND LEVEL,DRY,NO DEFECTS,Y,WEATHER,BEAT_115,3,10,0,3,42.103648,-87.451736,41,2,Wednesday,10,11,Midday,0,0
2026-10-07 12:50:00,20,CLEAR,DAYLIGHT,ANGLE,NOT DIVIDED,STRAIGHT AND LEVEL,SNOW OR SLUSH,NO DEFECTS,Y,FOLLOWING TOO CLOSELY,BEAT_116,1,10,0,3,42.114722,-87.432896,41,2,Wednesday,10,12,Midday,0,0
2026-10-07 17:09:00,25,CLEAR,DAYLIGHT,ANGLE,DIVIDED - W/MEDIAN,STRAIGHT AND LEVEL,DRY,NO DEFECTS,Y,IMPROPER OVERTAKING/PASSING,BEAT_115,1,10,1,3,42.098923,-87.447295,41,2,Wednesday,10,17,Evening_Rush,0,1
2026-10-07 17:31:00,30,RAIN,"DARKNESS, LIGHTED ROAD",PARKED MOTOR VEHICLE,ONE-WAY,STRAIGHT AND LEVEL,WET,NO DEFECTS,N,IMPROPER OVERTAKING/PASSING,BEAT_115,2,10,0,3,42.106272,-87.449646,41,2,Wednesday,10,17,Evening_Rush,0,0
2026-10-07 19:38:00,30,CLEAR,DAYLIGHT,SIDESWIPE SAME DIRECTION,NOT DIVIDED,STRAIGHT AND LEVEL,DRY,SHOULDER DEFECT,N,FOLLOWING TOO CLOSELY,BEAT_102,2,10,0,3,41.907358,-87.608682,41,2,Wednesday,10,19,Evening_Rush,0,0
2026-10-07 21:44:00,30,CLEAR,DAYLIGHT,REAR END,DIVIDED - W/MEDIAN,STRAIGHT AND LEVEL,DRY,NO DEFECTS,Y,PHYSICAL CONDITION OF DRIVER,BEAT_116,2,10,0,3,42.115646,-87.437431,41,2,Wednesday,10,21,Night,0,0
2026-10-07 23:16:00,25,CLEAR,"DARKNESS, LIGHTED ROAD",REAR END,ONE-WAY,STRAIGHT AND LEVEL,DRY,NO DEFECTS,Y,FAILING TO YIELD RIGHT-OF-WAY,BEAT_108,2,10,0,3,41.995677,-87.534975,41,2,Wednesday,10,23,Night,0,0
2026-10-14 01:40:00,25,CLEAR,DAYLIGHT,REAR END,NOT DIVIDED,STRAIGHT AND LEVEL,DRY,NO DEFECTS,N,FAILING TO YIELD RIGHT-OF-WAY,BEAT_114,2,10,0,3,42.095309,-87.46049,42,2,Wednesday,10,1,Night,0,0
2026-10-14 12:40:00,40,CLEAR,DAYLIGHT,TURNING,DIVIDED - W/MEDIAN,STRAIGHT AND LEVEL,DRY,WORN SURFACE,N,DISREGARDING TRAFFIC SIGNALS,BEAT_103,2,10,0,3,41.91808,-87.594284,42,2,Wednesday,10,12,Midday,0,0
2026-10-14 14:56:00,35,RAIN,DAYLIGHT,FIXED OBJECT,DIVIDED - W/MEDIAN,CURVE ON GRADE,WET,NO DEFECTS,Y,FAILING TO YIELD RIGHT-OF-WAY,BEAT_116,2,10,1,3,42.113432,-87.443266,42,2,Wednesday,10,14,Midday,0,1
2026-10-14 15:31:00,25,CLEAR,DAYLIGHT,REAR END,DIVIDED - W/MEDIAN,STRAIGHT AND LEVEL,WET,"RUT, HOLES",Y,DISREGARDING TRAFFIC SIGNALS,BEAT_102,4,10,0,3,41.911925,-87.601138,42,2,Wednesday,10,15,Midday,0,0
2026-10-14 15:45:00,30,RAIN,DAYLIGHT,SIDESWIPE SAME DIRECTION,DIVIDED - W/MEDIAN,STRAIGHT AND LEVEL,WET,NO DEFECTS,Y,FOLLOWING TOO CLOSELY,BEAT_115,2,10,0,3,42.107996,-87.448571,42,2,Wednesday,10,15,Midday,0,0
2026-10-14 20:00:00,50,CLEAR,"DARKNESS, LIGHTED ROAD",SIDESWIPE SAME DIRECTION,FOUR WAY INTERSECTION,STRAIGHT AND LEVEL,DRY,NO DEFECTS,Y,FOLLOWING TOO CLOSELY,BEAT_120,2,10,0,3,42.179766,-87.383842,42,2,Wednesday,10,20,Night,0,0
2026-10-21 00:04:00,25,CLEAR,DAYLIGHT,REAR END,NOT DIVIDED,STRAIGHT AND LEVEL,WET,NO DEFECTS,Y,PHYSICAL CONDITION OF DRIVER,BEAT_114,1,10,0,3,42.089071,-87.460088,43,2,Wednesday,10,0,Night,0,0
2026-10-21 00:09:00,50,RAIN,"DARKNESS, LIGHTED ROAD",SIDESWIPE SAME DIRECTION,DIVIDED - W/MEDIAN,STRAIGHT AND LEVEL,WET,NO DEFECTS,Y,FOLLOWING TOO CLOSELY,BEAT_105,2,10,1,3,41.955712,-87.561431,43,2,Wednesday,10,0,Night,0,1
2026-10-21 00:54:00,40,SEVERE RAIN,"DARKNESS, LIGHTED ROAD",ANGLE,DIVIDED - W/MEDIAN,STRAIGHT AND LEVEL,SNOW OR SLUSH,NO DEFECTS,N,FAILING TO YIELD RIGHT-OF-WAY,BEAT_110,2,10,2,3,42.024573,-87.512346,43,2,Wednesday,10,0,Night,0,1
2026-10-21 01:48:00,25,CLEAR,"DARKNESS, LIGHTED ROAD",SIDESWIPE SAME DIRECTION,DIVIDED - W/MEDIAN,STRAIGHT AND LEVEL,DRY,NO DEFECTS,Y,FOLLOWING TOO CLOSELY,BEAT_116,2,10,0,3,42.118403,-87.439667,43,2,Wednesday,10,1,Night,0,0
2026-10-21 02:07:00,25,CLEAR,DAYLIGHT,ANGLE,FOUR WAY INTERSECTION,CURVE ON GRADE,DRY,NO DEFECTS,Y,DRIVING SKILLS/KNOWLEDGE/EXPERIENCE,BEAT_117,2,10,0,3,42.132969,-87.419818,43,2,Wednesday,10,2,Night,0,0
2026-10-21 03:37:00,45,CLEAR,DAYLIGHT,SIDESWIPE SAME DIRECTION,DIVIDED - W/MEDIAN,STRAIGHT AND LEVEL,DRY,NO DEFECTS,Y,FAILING TO YIELD RIGHT-OF-WAY,BEAT_103,2,10,1,3,41.927012,-87.597303,43,2,Wednesday,10,3,Night,0,1
2026-10-21 04:07:00,25,CLEAR,DAYLIGHT,REAR END,DIVIDED - W/MEDIAN,STRAIGHT ON GRADE,DRY,SHOULDER DEFECT,N,FAILING TO YIELD RIGHT-OF-WAY,BEAT_102,3,10,0,3,41.908916,-87.602326,43,2,Wednesday,10,4,Night,0,0
2026-10-21 05:10:00,30,CLEAR,"DARKNESS, LIGHTED ROAD",SIDESWIPE SAME DIRECTION,ONE-WAY,STRAIGHT AND LEVEL,DRY,NO DEFECTS,N,FOLLOWING TOO CLOSELY,BEAT_117,2,10,1,3,42.127858,-87.428528,43,2,Wednesday,10,5,Night,0,1
2026-10-21 12:57:00,25,CLEAR,DARKNESS,REAR END,FOUR WAY INTERSECTION,STRAIGHT AND LEVEL,DRY,NO DEFECTS,N,FAILING TO YIELD RIGHT-OF-WAY,BEAT_117,2,10,0,3,42.133436,-87.426193,43,2,Wednesday,10,12,Midday,0,0
2026-10-21 13:22:00,25,CLEAR,DAYLIGHT,REAR END,DIVIDED - W/MEDIAN,"CURVE, LEVEL",DRY,"RUT, HOLES",N,IMPROPER OVERTAKING/PASSING,BEAT_115,2,10,0,3,42.101946,-87.448934,43,2,Wednesday,10,13,Midday,0,0
2026-10-21 13:53:00,25,CLEAR,"DARKNESS, LIGHTED ROAD",REAR END,NOT DIVIDED,STRAIGHT AND LEVEL,WET,NO DEFECTS,N,DRIVING SKILLS/KNOWLEDGE/EXPERIENCE,BEAT_119,2,10,0,3,42.160402,-87.399969,43,2,Wednesday,10,13,Midday,0,0
2026-10-21 14:57:00,30,CLEAR,DAYLIGHT,PEDESTRIAN,NOT DIVIDED,"CURVE, LEVEL",DRY,NO DEFECTS,N,DISREGARDING TRAFFIC SIGNALS,BEAT_114,2,10,0,3,42.083995,-87.455838,43,2,Wednesday,10,14,Midday,0,0
2026-10-21 15:19:00,25,CLEAR,"DARKNESS, LIGHTED ROAD",TURNING,DIVIDED - W/MEDIAN,"CURVE, LEVEL",DRY,"RUT, HOLES",Y,FAILING TO YIELD RIGHT-OF-WAY,BEAT_103,2,10,1,3,41.922148,-87.593383,43,2,Wednesday,10,15,Midday,0,1
2026-10-21 16:22:00,45,FOG/SMOKE/HAZE,DAYLIGHT,TURNING,T-INTERSECTION,STRAIGHT AND LEVEL,WET,NO DEFECTS,N,IMPROPER OVERTAKING/PASSING,BEAT_118,2,10,0,3,42.14188,-87.415087,43,2,Wednesday,10,16,Evening_Rush,0,0
2026-10-21 16:40:00,25,CLEAR,DAYLIGHT,SIDESWIPE SAME DIRECTION,DIVIDED - W/MEDIAN,STRAIGHT AND LEVEL,DRY,NO DEFECTS,Y,DRIVING SKILLS/KNOWLEDGE/EXPERIENCE,BEAT_117,2,10,0,3,42.130828,-87.427582,43,2,Wednesday,10,16,Evening_Rush,0,0
2026-10-21 16:40:00,25,CLEAR,"DARKNESS, LIGHTED ROAD",ANGLE,FOUR WAY INTERSECTION,STRAIGHT AND LEVEL,WET,NO DEFECTS,Y,FOLLOWING TOO CLOSELY,BEAT_108,1,10,0,3,41.997304,-87.5343,43,2,Wednesday,10,16,Evening_Rush,0,0
2026-10-21 19:46:00,25,CLEAR,DARKNESS,REAR END,DIVIDED - W/MEDIAN,STRAIGHT AND LEVEL,WET,NO DEFECTS,Y,FAILING TO YIELD RIGHT-OF-WAY,BEAT_115,2,10,0,3,42.099053,-87.445283,43,2,Wednesday,10,19,Evening_Rush,0,0
2026-10-21 20:20:00,25,CLEAR,DAYLIGHT,REAR END,FOUR WAY INTERSECTION,STRAIGHT AND LEVEL,DRY,SHOULDER DEFECT,N,DRIVING SKILLS/KNOWLEDGE/EXPERIENCE,BEAT_104,2,10,0,3,41.943121,-87.581437,43,2,Wednesday,10,20,Night,0,0
2026-10-21 21:11:00,35,CLEAR,DAYLIGHT,PEDESTRIAN,ONE-WAY,STRAIGHT AND LEVEL,DRY,NO DEFECTS,N,FAILING TO YIELD RIGHT-OF-WAY,BEAT_115,3,10,0,3,42.102296,-87.451926,43,2,Wednesday,10,21,Night,0,0
2026-10-21 21:43:00,35,CLEAR,DAYLIGHT,SIDESWIPE SAME DIRECTION,ONE-WAY,STRAIGHT AND LEVEL,DRY,NO DEFECTS,Y,WEATHER,BEAT_112,2,10,0,3,42.058515,-87.487313,43,2,Wednesday,10,21,Night,0,0
2026-10-21 22:21:00,35,CLEAR,DAYLIGHT,SIDESWIPE SAME DIRECTION,DIVIDED - W/MEDIAN,STRAIGHT AND LEVEL,DRY,NO DEFECTS,N,DRIVING SKILLS/KNOWLEDGE/EXPERIENCE,BEAT_103,2,10,0,3,41.917148,-87.594581,43,2,Wednesday,10,22,Night,0,0
2026-10-21 23:38:00,25,CLEAR,"DARKNESS, LIGHTED ROAD",REAR END,NOT DIVIDED,STRAIGHT AND LEVEL,DRY,NO DEFECTS,N,IMPROPER OVERTAKING/PASSING,BEAT_104,2,10,1,3,41.937705,-87.583574,43,2,Wednesday,10,23,Night,0,1
2026-10-28 00:59:00,45,RAIN,DAYLIGHT,SIDESWIPE SAME DIRECTION,DIVIDED - W/MEDIAN,STRAIGHT AND LEVEL,WET,NO DEFECTS,Y,WEATHER,BEAT_106,1,10,0,3,41.968874,-87.556393,44,2,Wednesday,10,0,Night,0,0
2026-10-28 01:31:00,30,RAIN,DARKNESS,SIDESWIPE SAME DIRECTION,DIVIDED - W/MEDIAN,STRAIGHT AND LEVEL,WET,NO DEFECTS,N,FOLLOWING TOO CLOSELY,BEAT_113,2,10,1,3,42.078643,-87.474111,44,2,Wednesday,10,1,Night,0,1
2026-10-28 05:13:00,30,CLEAR,"DARKNESS, LIGHTED ROAD",REAR END,NOT DIVIDED,STRAIGHT AND LEVEL,DRY,NO DEFECTS,Y,FOLLOWING TOO CLOSELY,BEAT_111,2,10,0,3,42.046228,-87.498274,44,2,Wednesday,10,5,Night,0,0
2026-10-28 07:39:00,55,CLEAR,DAYLIGHT,TURNING,T-INTERSECTION,STRAIGHT AND LEVEL,DRY,NO DEFECTS,Y,FAILING TO YIELD RIGHT-OF-WAY,BEAT_117,4,10,0,3,42.132716,-87.425918,44,2,Wednesday,10,7,Morning_Rush,0,0
2026-10-28 09:42:00,20,CLEAR,DAWN,PEDESTRIAN,DIVIDED - W/MEDIAN,CURVE ON GRADE,DRY,NO DEFECTS,Y,FOLLOWING TOO CLOSELY,BEAT_119,2,10,0,3,42.163119,-87.399975,44,2,Wednesday,10,9,Morning_Rush,0,0
2026-10-28 10:07:00,35,SNOW,"DARKNESS, LIGHTED ROAD",ANGLE,DIVIDED - W/MEDIAN,STRAIGHT AND LEVEL,WET,NO DEFECTS,Y,FAILING TO YIELD RIGHT-OF-WAY,BEAT_117,1,10,0,3,42.131633,-87.426818,44,2,Wednesday,10,10,Midday,0,0
2026-10-28 10:33:00,25,CLEAR,DAYLIGHT,REAR END,DIVIDED - W/MEDIAN,"CURVE, LEVEL",SNOW OR SLUSH,NO DEFECTS,N,DRIVING SKILLS/KNOWLEDGE/EXPERIENCE,BEAT_101,2,10,2,3,41.896275,-87.619416,44,2,Wednesday,10,10,Midday,0,1
2026-10-28 12:23:00,25,SNOW,DAWN,PEDESTRIAN,NOT DIVIDED,STRAIGHT AND LEVEL,SNOW OR SLUSH,"RUT, HOLES",Y,FOLLOWING TOO CLOSELY,BEAT_112,2,10,0,3,42.05915,-87.482978,44,2,Wednesday,10,12,Midday,0,0
2026-10-28 16:09:00,55,SNOW,"DARKNESS, LIGHTED ROAD",ANGLE,FOUR WAY INTERSECTION,STRAIGHT AND LEVEL,ICE,NO DEFECTS,Y,FOLLOWING TOO CLOSELY,BEAT_107,2,10,1,3,41.985356,-87.549103,44,2,Wednesday,10,16,Evening_Rush,0,1
2026-10-28 16:32:00,30,CLEAR,DAYLIGHT,REAR END,NOT DIVIDED,STRAIGHT AND LEVEL,DRY,NO DEFECTS,N,FAILING TO YIELD RIGHT-OF-WAY,BEAT_104,2,10,0,3,41.936484,-87.577254,44,2,Wednesday,10,16,Evening_Rush,0,0
2026-10-28 17:46:00,50,CLEAR,"DARKNESS, LIGHTED ROAD",SIDESWIPE SAME DIRECTION,ALLEY,STRAIGHT AND LEVEL,WET,"RUT, HOLES",Y,FOLLOWING TOO CLOSELY,BEAT_112,2,10,0,3,42.057551,-87.48687,44,2,Wednesday,10,17,Evening_Rush,0,0
2026-10-28 19:33:00,45,CLEAR,DAYLIGHT,PEDESTRIAN,FOUR WAY INTERSECTION,STRAIGHT AND LEVEL,DRY,NO DEFECTS,N,DRIVING SKILLS/KNOWLEDGE/EXPERIENCE,BEAT_114,2,10,0,3,42.084772,-87.461941,44,2,Wednesday,10,19,Evening_Rush,0,0
2026-10-28 21:50:00,25,RAIN,DAYLIGHT,REAR END,NOT DIVIDED,STRAIGHT AND LEVEL,SNOW OR SLUSH,NO DEFECTS,N,FAILING TO YIELD RIGHT-OF-WAY,BEAT_107,2,10,0,3,41.982783,-87.544283,44,2,Wednesday,10,21,Night,0,0
2026-11-04 02:52:00,25,CLEAR,DARKNESS,REAR END,NOT DIVIDED,"CURVE, LEVEL",DRY,NO DEFECTS,Y,DISREGARDING TRAFFIC SIGNALS,BEAT_116,1,11,0,3,42.116317,-87.436192,45,2,Wednesday,11,2,Night,0,0
2026-11-04 03:30:00,55,CLEAR,DAYLIGHT,REAR END,DIVIDED - W/MEDIAN,STRAIGHT AND LEVEL,DRY,NO DEFECTS,N,FAILING TO YIELD RIGHT-OF-WAY,BEAT_119,2,11,0,3,42.164998,-87.406403,45,2,Wednesday,11,3,Night,0,0
2026-11-04 03:42:00,35,CLEAR,DAYLIGHT,REAR END,NOT DIVIDED,STRAIGHT ON GRADE,DRY,NO DEFECTS,Y,FOLLOWING TOO CLOSELY,BEAT_108,1,11,1,3,41.997062,-87.531251,45,2,Wednesday,11,3,Night,0,1
2026-11-04 04:47:00,35,RAIN,DAYLIGHT,REAR END,ONE-WAY,STRAIGHT ON GRADE,WET,NO DEFECTS,Y,DRIVING SKILLS/KNOWLEDGE/EXPERIENCE,BEAT_111,4,11,0,3,42.044368,-87.499815,45,2,Wednesday,11,4,Night,0,0
2026-11-04 10:58:00,30,CLEAR,DAYLIGHT,ANGLE,NOT DIVIDED,STRAIGHT AND LEVEL,DRY,NO DEFECTS,N,FAILING TO YIELD RIGHT-OF-WAY,BEAT_115,2,11,0,3,42.106521,-87.442303,45,2,Wednesday,11,10,Midday,0,0
2026-11-04 11:35:00,45,RAIN,DAYLIGHT,ANGLE,DIVIDED - W/MEDIAN,STRAIGHT AND LEVEL,WET,NO DEFECTS,N,IMPROPER OVERTAKING/PASSING,BEAT_105,2,11,3,3,41.954117,-87.568739,45,2,Wednesday,11,11,Midday,0,1
2026-11-04 13:57:00,40,RAIN,DAYLIGHT,SIDESWIPE SAME DIRECTION,NOT DIVIDED,STRAIGHT AND LEVEL,WET,SHOULDER DEFECT,Y,FAILING TO YIELD RIGHT-OF-WAY,BEAT_108,2,11,0,3,41.991316,-87.533103,45,2,Wednesday,11,13,Midday,0,0
2026-11-04 14:52:00,25,CLEAR,"DARKNESS, LIGHTED ROAD",REAR END,DIVIDED - W/MEDIAN,STRAIGHT AND LEVEL,DRY,NO DEFECTS,N,DISREGARDING TRAFFIC SIGNALS,BEAT_117,2,11,0,3,42.134625,-87.424649,45,2,Wednesday,11,14,Midday,0,0
2026-11-04 18:45:00,40,CLEAR,"DARKNESS, LIGHTED ROAD",REAR END,NOT DIVIDED,STRAIGHT AND LEVEL,DRY,NO DEFECTS,N,FAILING TO YIELD RIGHT-OF-WAY,BEAT_102,2,11,0,3,41.906549,-87.603943,45,2,Wednesday,11,18,Evening_Rush,0,0
2026-11-04 19:35:00,30,SNOW,DAYLIGHT,ANGLE,DIVIDED - W/MEDIAN,STRAIGHT AND LEVEL,WET,"RUT, HOLES",N,FAILING TO YIELD RIGHT-OF-WAY,BEAT_106,2,11,1,3,41.964968,-87.558427,45,2,Wednesday,11,19,Evening_Rush,0,1
2026-11-04 21:13:00,35,CLEAR,DAYLIGHT,REAR END,DIVIDED - W/MEDIAN,STRAIGHT AND LEVEL,DRY,NO DEFECTS,N,DISREGARDING TRAFFIC SIGNALS,BEAT_106,2,11,0,3,41.96947,-87.554939,45,2,Wednesday,11,21,Night,0,0
2026-11-04 22:45:00,35,RAIN,DARKNESS,TURNING,NOT DIVIDED,STRAIGHT AND LEVEL,WET,NO DEFECTS,Y,WEATHER,BEAT_120,3,11,0,3,42.177164,-87.391491,45,2,Wednesday,11,22,Night,0,0
2026-11-11 00:34:00,35,SEVERE RAIN,DUSK,SIDESWIPE SAME DIRECTION,ALLEY,STRAIGHT AND LEVEL,WET,NO DEFECTS,N,FAILING TO YIELD RIGHT-OF-WAY,BEAT_116,3,11,0,3,42.118574,-87.43384,46,2,Wednesday,11,0,Night,0,0
2026-11-11 00:38:00,35,CLEAR,"DARKNESS, LIGHTED ROAD",REAR END,DIVIDED - W/MEDIAN,STRAIGHT AND LEVEL,WET,"RUT, HOLES",Y,FAILING TO YIELD RIGHT-OF-WAY,BEAT_116,3,11,0,3,42.119446,-87.433127,46,2,Wednesday,11,0,Night,0,0
2026-11-11 01:47:00,25,CLEAR,DAYLIGHT,ANGLE,ALLEY,STRAIGHT AND LEVEL,WET,NO DEFECTS,N,DRIVING SKILLS/KNOWLEDGE/EXPERIENCE,BEAT_105,4,11,0,3,41.952472,-87.567444,46,2,Wednesday,11,1,Night,0,0
2026-11-11 02:53:00,30,CLEAR,DARKNESS,REAR END,NOT DIVIDED,STRAIGHT AND LEVEL,DRY,NO DEFECTS,N,FOLLOWING TOO CLOSELY,BEAT_116,1,11,0,3,42.119348,-87.440282,46,2,Wednesday,11,2,Night,0,0
2026-11-11 05:42:00,30,CLEAR,"DARKNESS, LIGHTED ROAD",ANGLE,FOUR WAY INTERSECTION,STRAIGHT AND LEVEL,DRY,NO DEFECTS,N,DRIVING SKILLS/KNOWLEDGE/EXPERIENCE,BEAT_120,2,11,0,3,42.178562,-87.388836,46,2,Wednesday,11,5,Night,0,0
2026-11-11 07:05:00,25,RAIN,DAYLIGHT,SIDESWIPE SAME DIRECTION,DIVIDED - W/MEDIAN,STRAIGHT AND LEVEL,WET,"RUT, HOLES",N,DRIVING SKILLS/KNOWLEDGE/EXPERIENCE,BEAT_111,2,11,0,3,42.042991,-87.49356,46,2,Wednesday,11,7,Morning_Rush,0,0
2026-11-11 11:36:00,25,CLEAR,DAYLIGHT,REAR END,DIVIDED - W/MEDIAN,STRAIGHT AND LEVEL,DRY,NO DEFECTS,Y,FAILING TO YIELD RIGHT-OF-WAY,BEAT_102,2,11,0,3,41.904401,-87.604778,46,2,Wednesday,11,11,Midday,0,0
2026-11-11 16:18:00,30,CLEAR,DARKNESS,PARKED MOTOR VEHICLE,DIVIDED - W/MEDIAN,STRAIGHT AND LEVEL,DRY,NO DEFECTS,N,FAILING TO YIELD RIGHT-OF-WAY,BEAT_112,1,11,0,3,42.060305,-87.481344,46,2,Wednesday,11,16,Evening_Rush,0,0
2026-11-11 20:12:00,25,CLEAR,DAYLIGHT,TURNING,DIVIDED - W/MEDIAN,"CURVE, LEVEL",DRY,NO DEFECTS,Y,FOLLOWING TOO CLOSELY,BEAT_119,2,11,1,3,42.163145,-87.398847,46,2,Wednesday,11,20,Night,0,1
2026-11-11 20:51:00,30,CLEAR,DAYLIGHT,REAR END,NOT DIVIDED,STRAIGHT AND LEVEL,SNOW OR SLUSH,NO DEFECTS,Y,FAILING TO YIELD RIGHT-OF-WAY,BEAT_108,2,11,0,3,41.997812,-87.530281,46,2,Wednesday,11,20,Night,0,0
2026-11-11 21:33:00,30,RAIN,DAYLIGHT,PARKED MOTOR VEHICLE,FOUR WAY INTERSECTION,STRAIGHT AND LEVEL,WET,NO DEFECTS,N,DRIVING SKILLS/KNOWLEDGE/EXPERIENCE,BEAT_116,2,11,0,3,42.123817,-87.437472,46,2,Wednesday,11,21,Night,0,0
2026-11-11 22:28:00,30,CLEAR,"DARKNESS, LIGHTED ROAD",SIDESWIPE SAME DIRECTION,NOT DIVIDED,STRAIGHT AND LEVEL,DRY,"RUT, HOLES",N,FOLLOWING TOO CLOSELY,BEAT_118,2,11,0,3,42.15217,-87.421937,46,2,Wednesday,11,22,Night,0,0
2026-11-11 23:26:00,40,CLEAR,"DARKNESS, LIGHTED ROAD",SIDESWIPE SAME DIRECTION,DIVIDED - W/MEDIAN,STRAIGHT AND LEVEL,DRY,NO DEFECTS,N,FAILING TO YIELD RIGHT-OF-WAY,BEAT_110,2,11,0,3,42.03319,-87.510151,46,2,Wednesday,11,23,Night,0,0
2026-11-18 03:12:00,25,CLEAR,DARKNESS,PEDESTRIAN,DIVIDED - W/MEDIAN,STRAIGHT AND LEVEL,DRY,NO DEFECTS,Y,FAILING TO YIELD RIGHT-OF-WAY,BEAT_112,1,11,0,3,42.056522,-87.486751,47,2,Wednesday,11,3,Night,0,0
2026-11-18 11:21:00,25,CLEAR,"DARKNESS, LIGHTED ROAD",PEDESTRIAN,NOT DIVIDED,"CURVE, LEVEL",DRY,NO DEFECTS,N,FOLLOWING TOO CLOSELY,BEAT_117,2,11,0,3,42.128576,-87.42781,47,2,Wednesday,11,11,Midday,0,0
2026-11-18 18:33:00,35,RAIN,DAYLIGHT,SIDESWIPE SAME DIRECTION,ONE-WAY,STRAIGHT AND LEVEL,WET,NO DEFECTS,Y,DRIVING SKILLS/KNOWLEDGE/EXPERIENCE,BEAT_119,2,11,0,3,42.162956,-87.404774,47,2,Wednesday,11,18,Evening_Rush,0,0
2026-11-18 18:54:00,40,CLEAR,"DARKNESS, LIGHTED ROAD",REAR END,NOT DIVIDED,STRAIGHT AND LEVEL,WET,"RUT, HOLES",Y,FAILING TO YIELD RIGHT-OF-WAY,BEAT_115,2,11,0,3,42.104047,-87.449276,47,2,Wednesday,11,18,Evening_Rush,0,0
2026-11-18 19:26:00,35,CLEAR,DAYLIGHT,REAR END,NOT DIVIDED,STRAIGHT AND LEVEL,WET,NO DEFECTS,Y,FOLLOWING TOO CLOSELY,BEAT_104,2,11,1,3,41.942268,-87.585419,47,2,Wednesday,11,19,Evening_Rush,0,1
2026-11-18 20:58:00,25,CLEAR,"DARKNESS, LIGHTED ROAD",TURNING,ONE-WAY,STRAIGHT AND LEVEL,DRY,NO DEFECTS,Y,DRIVING SKILLS/KNOWLEDGE/EXPERIENCE,BEAT_117,2,11,2,3,42.134812,-87.426968,47,2,Wednesday,11,20,Night,0,1
2026-11-18 21:11:00,30,CLEAR,DAYLIGHT,REAR END,FOUR WAY INTERSECTION,STRAIGHT AND LEVEL,DRY,"RUT, HOLES",Y,FAILING TO YIELD RIGHT-OF-WAY,BEAT_113,2,11,0,3,42.071935,-87.476448,47,2,Wednesday,11,21,Night,0,0
2026-11-25 02:07:00,25,CLEAR,"DARKNESS, LIGHTED ROAD",SIDESWIPE SAME DIRECTION,DIVIDED - W/MEDIAN,STRAIGHT AND LEVEL,SNOW OR SLUSH,NO DEFECTS,Y,WEATHER,BEAT_106,2,11,0,3,41.964706,-87.555138,48,2,Wednesday,11,2,Night,0,0
2026-11-25 05:01:00,30,CLEAR,DAYLIGHT,REAR END,DIVIDED - W/MEDIAN,STRAIGHT AND LEVEL,DRY,DEBRIS ON ROAD,Y,PHYSICAL CONDITION OF DRIVER,BEAT_106,2,11,1,3,41.962305,-87.560529,48,2,Wednesday,11,5,Night,0,1
2026-11-25 11:32:00,30,RAIN,"DARKNESS, LIGHTED ROAD",FIXED OBJECT,DIVIDED - W/MEDIAN,STRAIGHT AND LEVEL,WET,NO DEFECTS,N,DRIVING SKILLS/KNOWLEDGE/EXPERIENCE,BEAT_102,2,11,0,3,41.899982,-87.607345,48,2,Wednesday,11,11,Midday,0,0
2026-11-25 12:42:00,35,CLEAR,"DARKNESS, LIGHTED ROAD",FIXED OBJECT,NOT DIVIDED,"CURVE, LEVEL",DRY,DEBRIS ON ROAD,N,FAILING TO YIELD RIGHT-OF-WAY,BEAT_110,2,11,1,3,42.031626,-87.514074,48,2,Wednesday,11,12,Midday,0,1
2026-11-25 19:47:00,35,CLEAR,"DARKNESS, LIGHTED ROAD",ANGLE,NOT DIVIDED,STRAIGHT AND LEVEL,DRY,NO DEFECTS,N,DRIVING SKILLS/KNOWLEDGE/EXPERIENCE,BEAT_120,2,11,0,3,42.18027,-87.390911,48,2,Wednesday,11,19,Evening_Rush,0,0
2026-11-25 21:55:00,30,CLEAR,DAYLIGHT,SIDESWIPE SAME DIRECTION,NOT DIVIDED,STRAIGHT AND LEVEL,DRY,NO DEFECTS,N,DISREGARDING TRAFFIC SIGNALS,BEAT_115,2,11,0,3,42.102283,-87.444533,48,2,Wednesday,11,21,Night,0,0
2026-11-25 22:35:00,35,RAIN,DAYLIGHT,TURNING,ONE-WAY,STRAIGHT AND LEVEL,SNOW OR SLUSH,NO DEFECTS,N,PHYSICAL CONDITION OF DRIVER,BEAT_112,2,11,1,3,42.054613,-87.486738,48,2,Wednesday,11,22,Night,0,1
2026-11-25 23:50:00,45,CLEAR,DAYLIGHT,TURNING,ONE-WAY,"CURVE, LEVEL",DRY,NO DEFECTS,N,FAILING TO YIELD RIGHT-OF-WAY,BEAT_117,2,11,0,3,42.133401,-87.427084,48,2,Wednesday,11,23,Night,0,0
2026-12-02 00:51:00,30,CLEAR,DAYLIGHT,TURNING,NOT DIVIDED,STRAIGHT AND LEVEL,SNOW OR SLUSH,NO DEFECTS,N,DRIVING SKILLS/KNOWLEDGE/EXPERIENCE,BEAT_102,3,12,0,3,41.906029,-87.60386,49,2,Wednesday,12,0,Night,0,0
2026-12-02 01:40:00,40,SNOW,DAYLIGHT,SIDESWIPE SAME DIRECTION,DIVIDED - W/MEDIAN,STRAIGHT AND LEVEL,WET,"RUT, HOLES",Y,FAILING TO YIELD RIGHT-OF-WAY,BEAT_112,2,12,0,3,42.059706,-87.486285,49,2,Wednesday,12,1,Night,0,0
2026-12-02 04:09:00,25,RAIN,DAYLIGHT,SIDESWIPE SAME DIRECTION,ONE-WAY,STRAIGHT AND LEVEL,WET,NO DEFECTS,Y,PHYSICAL CONDITION OF DRIVER,BEAT_115,3,12,0,3,42.108027,-87.447814,49,2,Wednesday,12,4,Night,0,0
2026-12-02 06:08:00,30,CLEAR,DAYLIGHT,REAR END,T-INTERSECTION,STRAIGHT AND LEVEL,DRY,NO DEFECTS,Y,FOLLOWING TOO CLOSELY,BEAT_112,2,12,0,3,42.060171,-87.48229,49,2,Wednesday,12,6,Morning_Rush,0,0
2026-12-02 07:27:00,30,CLEAR,DARKNESS,ANGLE,NOT DIVIDED,STRAIGHT AND LEVEL,DRY,NO DEFECTS,N,FAILING TO YIELD RIGHT-OF-WAY,BEAT_117,2,12,0,3,42.136491,-87.427974,49,2,Wednesday,12,7,Morning_Rush,0,0
2026-12-02 07:48:00,30,CLEAR,DAYLIGHT,SIDESWIPE SAME DIRECTION,NOT DIVIDED,STRAIGHT AND LEVEL,DRY,NO DEFECTS,Y,FOLLOWING TOO CLOSELY,BEAT_113,3,12,0,3,42.074772,-87.474029,49,2,Wednesday,12,7,Morning_Rush,0,0
2026-12-02 09:57:00,35,RAIN,"DARKNESS, LIGHTED ROAD",REAR END,DIVIDED - W/MEDIAN,STRAIGHT AND LEVEL,WET,NO DEFECTS,Y,FOLLOWING TOO CLOSELY,BEAT_105,2,12,1,3,41.953575,-87.570143,49,2,Wednesday,12,9,Morning_Rush,0,1
2026-12-02 11:08:00,35,CLEAR,DAYLIGHT,PEDESTRIAN,DIVIDED - W/MEDIAN,STRAIGHT AND LEVEL,WET,NO DEFECTS,Y,FOLLOWING TOO CLOSELY,BEAT_116,2,12,0,3,42.115318,-87.439276,49,2,Wednesday,12,11,Midday,0,0
2026-12-02 11:40:00,30,CLEAR,DAYLIGHT,REAR END,DIVIDED - W/MEDIAN,STRAIGHT AND LEVEL,DRY,NO DEFECTS,Y,FOLLOWING TOO CLOSELY,BEAT_120,2,12,1,3,42.174848,-87.383497,49,2,Wednesday,12,11,Midday,0,1
2026-12-02 15:53:00,25,CLEAR,"DARKNESS, LIGHTED ROAD",ANGLE,DIVIDED - W/MEDIAN,STRAIGHT AND LEVEL,DRY,NO DEFECTS,Y,FAILING TO YIELD RIGHT-OF-WAY,BEAT_110,2,12,0,3,42.026659,-87.507658,49,2,Wednesday,12,15,Midday,0,0
2026-12-02 17:23:00,25,CLEAR,DAYLIGHT,PARKED MOTOR VEHICLE,DIVIDED - W/MEDIAN,STRAIGHT AND LEVEL,DRY,NO DEFECTS,N,FAILING TO YIELD RIGHT-OF-WAY,BEAT_105,2,12,0,3,41.959126,-87.569558,49,2,Wednesday,12,17,Evening_Rush,0,0
2026-12-02 20:41:00,45,SNOW,DAYLIGHT,PEDESTRIAN,NOT DIVIDED,"CURVE, LEVEL",WET,"RUT, HOLES",Y,WEATHER,BEAT_112,2,12,0,3,42.062034,-87.486473,49,2,Wednesday,12,20,Night,0,0
2026-12-02 21:45:00,30,RAIN,"DARKNESS, LIGHTED ROAD",REAR END,ALLEY,STRAIGHT AND LEVEL,WET,NO DEFECTS,N,WEATHER,BEAT_111,3,12,0,3,42.04719,-87.49423,49,2,Wednesday,12,21,Night,0,0
2026-12-02 22:29:00,30,RAIN,DAYLIGHT,REAR END,NOT DIVIDED,STRAIGHT AND LEVEL,WET,NO DEFECTS,Y,FAILING TO YIELD RIGHT-OF-WAY,BEAT_108,1,12,0,3,41.994588,-87.533474,49,2,Wednesday,12,22,Night,0,0
2026-12-02 23:20:00,30,CLEAR,DAYLIGHT,ANGLE,ONE-WAY,STRAIGHT AND LEVEL,DRY,NO DEFECTS,Y,FAILING TO YIELD RIGHT-OF-WAY,BEAT_114,1,12,0,3,42.088994,-87.459651,49,2,Wednesday,12,23,Night,0,0
2026-12-02 23:31:00,25,CLEAR,DAWN,TURNING,NOT DIVIDED,STRAIGHT AND LEVEL,DRY,NO DEFECTS,Y,FAILING TO YIELD RIGHT-OF-WAY,BEAT_102,2,12,0,3,41.905078,-87.599718,49,2,Wednesday,12,23,Night,0,0
2026-12-09 02:34:00,45,CLEAR,"DARKNESS, LIGHTED ROAD",ANGLE,DIVIDED - W/MEDIAN,STRAIGHT AND LEVEL,DRY,NO DEFECTS,N,FOLLOWING TOO CLOSELY,BEAT_107,3,12,1,3,41.983698,-87.544131,50,2,Wednesday,12,2,Night,0,1
2026-12-09 05:13:00,40,CLEAR,"DARKNESS, LIGHTED ROAD",REAR END,NOT DIVIDED,STRAIGHT AND LEVEL,DRY,NO DEFECTS,Y,FOLLOWING TOO CLOSELY,BEAT_109,1,12,0,3,42.007725,-87.524307,50,2,Wednesday,12,5,Night,0,0
2026-12-09 07:33:00,25,CLEAR,DAWN,FIXED OBJECT,NOT DIVIDED,STRAIGHT AND LEVEL,DRY,NO DEFECTS,N,WEATHER,BEAT_103,3,12,1,3,41.919834,-87.596259,50,2,Wednesday,12,7,Morning_Rush,0,1
2026-12-09 11:45:00,45,SNOW,DAYLIGHT,ANGLE,NOT DIVIDED,STRAIGHT AND LEVEL,WET,"RUT, HOLES",N,FAILING TO YIELD RIGHT-OF-WAY,BEAT_115,2,12,1,3,42.100792,-87.446866,50,2,Wednesday,12,11,Midday,0,1
2026-12-09 13:10:00,30,RAIN,DAYLIGHT,PEDESTRIAN,DIVIDED - W/MEDIAN,"CURVE, LEVEL",WET,WORN SURFACE,Y,IMPROPER OVERTAKING/PASSING,BEAT_114,1,12,0,3,42.088872,-87.461227,50,2,Wednesday,12,13,Midday,0,0
2026-12-09 13:27:00,25,CLEAR,"DARKNESS, LIGHTED ROAD",FIXED OBJECT,DIVIDED - W/MEDIAN,STRAIGHT AND LEVEL,SNOW OR SLUSH,WORN SURFACE,N,FAILING TO YIELD RIGHT-OF-WAY,BEAT_120,1,12,0,3,42.176924,-87.389166,50,2,Wednesday,12,13,Midday,0,0
2026-12-09 17:15:00,30,CLEAR,DAYLIGHT,ANGLE,DIVIDED - W/MEDIAN,STRAIGHT AND LEVEL,DRY,"RUT, HOLES",Y,FAILING TO YIELD RIGHT-OF-WAY,BEAT_116,3,12,1,3,42.117227,-87.442848,50,2,Wednesday,12,17,Evening_Rush,0,1
2026-12-09 21:01:00,40,CLEAR,DAYLIGHT,ANGLE,ALLEY,STRAIGHT AND LEVEL,DRY,WORN SURFACE,Y,WEATHER,BEAT_105,2,12,0,3,41.950851,-87.56693,50,2,Wednesday,12,21,Night,0,0
2026-12-09 22:55:00,25,CLEAR,DAYLIGHT,REAR END,FOUR WAY INTERSECTION,STRAIGHT AND LEVEL,DRY,NO DEFECTS,Y,WEATHER,BEAT_110,2,12,0,3,42.030505,-87.51212,50,2,Wednesday,12,22,Night,0,0
2026-12-16 03:00:00,25,CLEAR,DAYLIGHT,TURNING,NOT DIVIDED,STRAIGHT AND LEVEL,WET,NO DEFECTS,Y,WEATHER,BEAT_111,2,12,1,3,42.042306,-87.50569,51,2,Wednesday,12,3,Night,0,1
2026-12-16 04:10:00,25,CLEAR,DAYLIGHT,SIDESWIPE SAME DIRECTION,ONE-WAY,STRAIGHT AND LEVEL,WET,NO DEFECTS,Y,FAILING TO YIELD RIGHT-OF-WAY,BEAT_113,2,12,0,3,42.070305,-87.473642,51,2,Wednesday,12,4,Night,0,0
2026-12-16 05:28:00,30,CLEAR,"DARKNESS, LIGHTED ROAD",PEDESTRIAN,T-INTERSECTION,STRAIGHT AND LEVEL,DRY,NO DEFECTS,Y,FOLLOWING TOO CLOSELY,BEAT_113,2,12,0,3,42.074918,-87.474977,51,2,Wednesday,12,5,Night,0,0
2026-12-16 08:58:00,25,CLEAR,DAYLIGHT,PARKED MOTOR VEHICLE,DIVIDED - W/MEDIAN,STRAIGHT AND LEVEL,WET,NO DEFECTS,N,FOLLOWING TOO CLOSELY,BEAT_111,2,12,0,3,42.046714,-87.499472,51,2,Wednesday,12,8,Morning_Rush,0,0
2026-12-16 14:28:00,35,SNOW,DAYLIGHT,REAR END,DIVIDED - W/MEDIAN,STRAIGHT AND LEVEL,WET,NO DEFECTS,N,FOLLOWING TOO CLOSELY,BEAT_101,1,12,0,3,41.89283,-87.618316,51,2,Wednesday,12,14,Midday,0,0
2026-12-16 18:24:00,25,CLEAR,DAYLIGHT,TURNING,NOT DIVIDED,STRAIGHT AND LEVEL,"SAND, MUD, DIRT",NO DEFECTS,Y,FAILING TO YIELD RIGHT-OF-WAY,BEAT_102,2,12,2,3,41.908068,-87.603209,51,2,Wednesday,12,18,Evening_Rush,0,1
2026-12-16 18:44:00,50,CLEAR,DAYLIGHT,REAR END,DIVIDED - W/MEDIAN,STRAIGHT AND LEVEL,WET,NO DEFECTS,Y,FOLLOWING TOO CLOSELY,BEAT_106,2,12,0,3,41.968105,-87.554648,51,2,Wednesday,12,18,Evening_Rush,0,0
2026-12-16 21:04:00,25,RAIN,"DARKNESS, LIGHTED ROAD",TURNING,ONE-WAY,STRAIGHT AND LEVEL,WET,NO DEFECTS,Y,FAILING TO YIELD RIGHT-OF-WAY,BEAT_119,2,12,0,3,42.163162,-87.395088,51,2,Wednesday,12,21,Night,0,0
2026-12-16 21:44:00,25,FOG/SMOKE/HAZE,DAYLIGHT,SIDESWIPE SAME DIRECTION,NOT DIVIDED,"CURVE, LEVEL",SNOW OR SLUSH,NO DEFECTS,N,FOLLOWING TOO CLOSELY,BEAT_106,1,12,0,3,41.962412,-87.557289,51,2,Wednesday,12,21,Night,0,0
2026-12-23 00:32:00,55,CLEAR,DAYLIGHT,FIXED OBJECT,DIVIDED - W/MEDIAN,STRAIGHT AND LEVEL,DRY,NO DEFECTS,N,IMPROPER OVERTAKING/PASSING,BEAT_118,1,12,0,3,42.142542,-87.410104,52,2,Wednesday,12,0,Night,0,0
2026-12-23 00:43:00,25,CLEAR,DAYLIGHT,FIXED OBJECT,ONE-WAY,STRAIGHT AND LEVEL,DRY,NO DEFECTS,Y,DRIVING SKILLS/KNOWLEDGE/EXPERIENCE,BEAT_112,2,12,0,3,42.062131,-87.489966,52,2,Wednesday,12,0,Night,0,0
2026-12-23 04:05:00,30,CLEAR,"DARKNESS, LIGHTED ROAD",REAR END,NOT DIVIDED,STRAIGHT AND LEVEL,DRY,NO DEFECTS,Y,DISREGARDING TRAFFIC SIGNALS,BEAT_118,2,12,0,3,42.149332,-87.411075,52,2,Wednesday,12,4,Night,0,0
2026-12-23 05:44:00,30,CLEAR,"DARKNESS, LIGHTED ROAD",SIDESWIPE SAME DIRECTION,NOT DIVIDED,STRAIGHT AND LEVEL,DRY,WORN SURFACE,N,FOLLOWING TOO CLOSELY,BEAT_102,2,12,0,3,41.908225,-87.606434,52,2,Wednesday,12,5,Night,0,0
2026-12-23 10:18:00,35,CLEAR,DARKNESS,SIDESWIPE SAME DIRECTION,DIVIDED - W/MEDIAN,STRAIGHT AND LEVEL,DRY,NO DEFECTS,Y,FOLLOWING TOO CLOSELY,BEAT_105,3,12,0,3,41.951689,-87.572714,52,2,Wednesday,12,10,Midday,0,0
2026-12-23 12:27:00,30,CLEAR,DAYLIGHT,REAR END,FOUR WAY INTERSECTION,STRAIGHT AND LEVEL,DRY,"RUT, HOLES",Y,DRIVING SKILLS/KNOWLEDGE/EXPERIENCE,BEAT_118,2,12,0,3,42.143677,-87.416907,52,2,Wednesday,12,12,Midday,0,0
2026-12-23 13:43:00,25,CLEAR,"DARKNESS, LIGHTED ROAD",SIDESWIPE SAME DIRECTION,DIVIDED - W/MEDIAN,STRAIGHT AND LEVEL,DRY,NO DEFECTS,N,FOLLOWING TOO CLOSELY,BEAT_113,3,12,0,3,42.070723,-87.476353,52,2,Wednesday,12,13,Midday,0,0
2026-12-23 18:31:00,25,RAIN,"DARKNESS, LIGHTED ROAD",SIDESWIPE SAME DIRECTION,FOUR WAY INTERSECTION,STRAIGHT AND LEVEL,WET,NO DEFECTS,N,WEATHER,BEAT_109,3,12,0,3,42.013686,-87.520953,52,2,Wednesday,12,18,Evening_Rush,0,0
2026-12-23 22:08:00,35,CLEAR,DAYLIGHT,SIDESWIPE SAME DIRECTION,DIVIDED - W/MEDIAN,STRAIGHT AND LEVEL,DRY,NO DEFECTS,Y,FAILING TO YIELD RIGHT-OF-WAY,BEAT_104,2,12,0,3,41.938596,-87.581785,52,2,Wednesday,12,22,Night,0,0
2026-12-30 03:21:00,40,CLEAR,"DARKNESS, LIGHTED ROAD",TURNING,DIVIDED - W/MEDIAN,"CURVE, LEVEL",WET,NO DEFECTS,N,DRIVING SKILLS/KNOWLEDGE/EXPERIENCE,BEAT_108,2,12,0,3,41.996123,-87.535703,53,2,Wednesday,12,3,Night,0,0
2026-12-30 06:26:00,25,CLEAR,DAYLIGHT,REAR END,FOUR WAY INTERSECTION,"CURVE, LEVEL",DRY,NO DEFECTS,Y,DISREGARDING TRAFFIC SIGNALS,BEAT_116,2,12,0,3,42.117021,-87.434956,53,2,Wednesday,12,6,Morning_Rush,0,0
2026-12-30 06:43:00,25,RAIN,"DARKNESS, LIGHTED ROAD",ANGLE,DIVIDED - W/MEDIAN,STRAIGHT AND LEVEL,WET,NO DEFECTS,Y,WEATHER,BEAT_117,1,12,2,3,42.13237,-87.428206,53,2,Wednesday,12,6,Morning_Rush,0,1
2026-12-30 09:43:00,35,CLEAR,"DARKNESS, LIGHTED ROAD",SIDESWIPE SAME DIRECTION,FOUR WAY INTERSECTION,STRAIGHT AND LEVEL,WET,NO DEFECTS,Y,FOLLOWING TOO CLOSELY,BEAT_111,2,12,1,3,42.038265,-87.496718,53,2,Wednesday,12,9,Morning_Rush,0,1
2026-12-30 11:08:00,30,CLEAR,DAYLIGHT,ANGLE,DIVIDED - W/MEDIAN,STRAIGHT AND LEVEL,DRY,NO DEFECTS,N,FAILING TO YIELD RIGHT-OF-WAY,BEAT_102,2,12,0,3,41.908503,-87.605462,53,2,Wednesday,12,11,Midday,0,0
2026-12-30 20:21:00,35,RAIN,DAYLIGHT,PARKED MOTOR VEHICLE,NOT DIVIDED,STRAIGHT AND LEVEL,SNOW OR SLUSH,NO DEFECTS,Y,WEATHER,BEAT_110,1,12,1,3,42.024415,-87.513416,53,2,Wednesday,12,20,Night,0,1
2026-12-30 21:54:00,30,SEVERE RAIN,DAYLIGHT,TURNING,ONE-WAY,STRAIGHT AND LEVEL,WET,NO DEFECTS,Y,FOLLOWING TOO CLOSELY,BEAT_119,2,12,0,3,42.16226,-87.402595,53,2,Wednesday,12,21,Night,0,0
